"kodebarang","namabarang","register","spek_nabar","merek","lokasi","satuan","harga","cara_pero","tgl_pero","status_pgn","in_ex","ket","kelompok","Kondisi","tanggal_kon","pemakai","foto"
"1.3.2.01.01.10.010","Travelt Container Stacker","0001",,"Krisbow Hydraulic Hand St",,"Unit","20900000","Pembelian","2021-12-31","DISKOMINSA","Intra","Pengadaan Sarana dan Prasarana Ruang Server Pemerintah Aceh","0",,"0000-00-00",,NULL
"1.3.2.01.03.04.002","Portable Generating Set","0001",,,,"Unit","40000000","Hibah","2005-12-31","DISKOMINSA","Intra","Dari Depkominfo/Genset Tim Sound System","0",,"0000-00-00",,NULL
"1.3.2.01.03.04.002","Portable Generating Set","0002",,,,"Unit","16500000","Pembelian","2007-12-31","DISKOMINSA","Intra","Genset untuk mobil panggung","0",,"0000-00-00",,NULL
"1.3.2.01.03.04.003","Stationary Generating Set","0001",,,,"Unit","90000000","Pembelian","2005-12-31","DISKOMINSA","Intra","Genset Gedung Exs. BPDE","0","B","2026-01-04",,NULL
"1.3.2.01.03.04.003","Stationary Generating Set","0001",,,,"Unit","90000000","Pembelian","2005-12-31","DISKOMINSA","Intra","Genset Gedung Exs. BPDE","0","B","2026-01-04",,NULL
"1.3.2.01.03.04.003","Stationary Generating Set","0001",,,,"Unit","90000000","Pembelian","2005-12-31","DISKOMINSA","Intra","Genset Gedung Exs. BPDE","0","B","2026-01-04",,NULL
"1.3.2.01.03.04.003","Stationary Generating Set","0001",,,,"Unit","90000000","Pembelian","2005-12-31","DISKOMINSA","Intra","Genset Gedung Exs. BPDE","0","B","2026-01-04",,NULL
"1.3.2.01.03.05.010","Pompa Air","0001",,"Sanyo",,"Unit","1750000","Pembelian","2017-12-31","DISKOMINSA","Intra","Pompa Air Sanyo (Gedung UPTD Telematika)","0",,"0000-00-00",,NULL
"1.3.2.01.03.05.010","Pompa Air","0002",,"Sanyo",,"Unit","1750000","Pembelian","2017-12-31","DISKOMINSA","Intra","Pompa Air Sanyo (Gedung Eks. BPDE)","0",,"0000-00-00",,NULL
"1.3.2.01.03.05.010","Pompa Air","0003",,"Pompa Air Grundfos",,"Unit","6930000","Pembelian","2019-12-31","DISKOMINSA","Intra","Pengadaan Pompa Air (KIA)","0",,"0000-00-00",,NULL
"1.3.2.01.03.05.010","Pompa Air","0004",,"Pompa Air Grundfos",,"Unit","7676250","Pembelian","2021-12-31","DISKOMINSA","Intra","Pengadaan Mesin Pompa Air (dau)","0",,"0000-00-00",,NULL
"1.3.2.01.03.05.010","Pompa Air","0005",,"Pompa Air Grundfos",,"Unit","11026250","Pembelian","2021-12-31","DISKOMINSA","Intra","Pengadaan Mesin Pompa Air (dau)","0",,"0000-00-00",,NULL
"1.3.2.01.03.05.010","Pompa Air","0006",,"Pompa Air Grundfos",,"Unit","11026250","Pembelian","2021-12-31","DISKOMINSA","Intra","Pengadaan Mesin Pompa Air (dau)","0",,"0000-00-00",,NULL
"1.3.2.01.03.05.010","Pompa Air","0007",,"Pompa Air Grundfos",,"Unit","11026250","Pembelian","2021-12-31","DISKOMINSA","Intra","Pengadaan Mesin Pompa Air (dau)","0","RR","0000-00-00",,NULL
"1.3.2.01.03.10.009","Engine Washer Water Spray","0001",,"AVA Pressure Washer P80 M",,"Unit","9637500","Pembelian","2019-12-31","DISKOMINSA","Intra","Pengadaan Mesin Penyemprot Air Bertekanan Tinggi (DAU)","0","R","0000-00-00",,NULL
"1.3.2.01.03.12.008","Veld  Bed","0001",,"Velbed",,"Unit","981375","Pembelian","2018-12-31","DISKOMINSA","Intra","Pengadaan Meubelair.","0","RB","0000-00-00",,NULL
"1.3.2.01.03.12.008","Veld  Bed","0002",,"Velbed",,"Unit","981375","Pembelian","2018-12-31","DISKOMINSA","Intra","Pengadaan Meubelair.","0",,"0000-00-00",,NULL
"1.3.2.01.03.12.008","Veld  Bed","0003",,"Velbed",,"Unit","981375","Pembelian","2018-12-31","DISKOMINSA","Intra","Pengadaan Meubelair.","0",,"0000-00-00",,NULL
"1.3.2.01.03.12.008","Veld  Bed","0004",,"Velbed",,"Unit","981375","Pembelian","2018-12-31","DISKOMINSA","Intra","Pengadaan Meubelair.","0",,"0000-00-00",,NULL
"1.3.2.01.03.12.008","Veld  Bed","0005",,"Velbed",,"Unit","981375","Pembelian","2018-12-31","DISKOMINSA","Intra","Pengadaan Meubelair.","0",,"0000-00-00",,NULL
"1.3.2.01.03.12.008","Veld  Bed","0006",,"Velbed",,"Unit","981375","Pembelian","2018-12-31","DISKOMINSA","Intra","Pengadaan Meubelair.","0",,"0000-00-00",,NULL
"1.3.2.01.03.14.001","Tali  Kamantel Static","0001",,"Tali Karmantel 5 mm ukura",,"Unit","2917500","Pembelian","2018-12-31","DISKOMINSA","Intra","Pengadaan Aksesoris Jaringan dan Listrik Data Center -- Bid. TIK","0",,"0000-00-00",,NULL
"1.3.2.01.03.14.009","Carabiner Non  Screw","0001",,"Eiger",,"Unit","4950000","Pembelian","2012-12-31","DISKOMINSA","Intra","Carabiner","0",,"0000-00-00",,NULL
"1.3.2.02.02.01.009","Baggage Trolly","0001",,"Mini Foldable Truck Troll",,"Unit","682000","Pembelian","2021-12-31","DISKOMINSA","Extra","Pengadaan Sarana dan Prasarana Ruang Server Pemerintah Aceh","0",,"0000-00-00",,NULL
"1.3.2.02.02.01.009","Baggage Trolly","0002",,"Mini Foldable Truck Troll",,"Unit","682000","Pembelian","2021-12-31","DISKOMINSA","Extra","Pengadaan Sarana dan Prasarana Ruang Server Pemerintah Aceh","0",,"0000-00-00",,NULL
"1.3.2.03.01.01.007","Mesin Gerinda","0001",,"Makita / 9006N",,"Unit","3850000","Pembelian","2012-12-31","DISKOMINSA","Intra","Gerenda","0",,"0000-00-00",,NULL
"1.3.2.03.01.01.018","Mesin Kompresor","0001",,"Shark",,"Unit","4138000","Pembelian","2022-03-16","DISKOMINSA","Intra","Pengadaan kompresor angin/air + mesin + selang angin + kepala angin","0",,"0000-00-00",,NULL
"1.3.2.03.01.02.002","Mesin Bor  Tangan","0001",,,,"Unit","2750000","Pembelian","2015-12-31","DISKOMINSA","Intra","PSITT/BA: 07/06/BA-PP/2015","0",,"0000-00-00",,NULL
"1.3.2.03.01.02.002","Mesin Bor  Tangan","0002",,"Bor obeng",,"Unit","9570000","Pembelian","2016-12-31","DISKOMINSA","Intra","Fasilitas Pendukung Jaringan Komunikasi UPTD Telematika BA : 10/01/BA-PP/2016","0",,"0000-00-00",,NULL
"1.3.2.03.01.02.002","Mesin Bor  Tangan","0003","Mesin bor Cordless Hammer Drill","Black+Decker/BDC003C1",,"Unit","1840000","Pembelian","2022-03-07","DISKOMINSA","Intra","Pengadaan Mesin Bor","0",,"0000-00-00",,NULL
"1.3.2.03.01.03.004","Solder Listrik","0001",,,,"Unit","330000","Pembelian","2012-12-31","DISKOMINSA","Extra","Solder Gun","0",,"0000-00-00",,NULL
"1.3.2.03.01.03.004","Solder Listrik","0002",,,,"Unit","330000","Pembelian","2012-12-31","DISKOMINSA","Extra","Solder Gun","0",,"0000-00-00",,NULL
"1.3.2.03.01.03.004","Solder Listrik","0003",,,,"Unit","132000","Pembelian","2012-12-31","DISKOMINSA","Extra","Soldering Stand","0",,"0000-00-00",,NULL
"1.3.2.03.01.03.004","Solder Listrik","0004",,,,"Unit","132000","Pembelian","2012-12-31","DISKOMINSA","Extra","Soldering Stand","0",,"0000-00-00",,NULL
"1.3.2.03.01.03.004","Solder Listrik","0005",,"Atten / 850 B",,"Unit","1045000","Pembelian","2012-12-31","DISKOMINSA","Intra","Solder Uap","0",,"0000-00-00",,NULL
"1.3.2.03.01.03.005","Sedotan Timah Listrik","0001",,,,"Unit","220000","Pembelian","2012-12-31","DISKOMINSA","Extra","Penyedot Timah","0",,"0000-00-00",,NULL
"1.3.2.03.01.03.005","Sedotan Timah Listrik","0002",,,,"Unit","220000","Pembelian","2012-12-31","DISKOMINSA","Extra","Penyedot Timah","0",,"0000-00-00",,NULL
"1.3.2.03.01.03.031","Tester Listrik/Telepon/Internet","0001",,"Sanwa",,"Unit","110000","Pembelian","2012-12-31","DISKOMINSA","Extra","Tespen Digital","0",,"0000-00-00",,NULL
"1.3.2.03.01.03.031","Tester Listrik/Telepon/Internet","0002",,"Sanwa",,"Unit","110000","Pembelian","2012-12-31","DISKOMINSA","Extra","Tespen Digital","0",,"0000-00-00",,NULL
"1.3.2.03.01.03.031","Tester Listrik/Telepon/Internet","0003",,"Sanwa",,"Unit","44000","Pembelian","2012-12-31","DISKOMINSA","Extra","Tespen Analog","0",,"0000-00-00",,NULL
"1.3.2.03.01.03.031","Tester Listrik/Telepon/Internet","0004",,"Sanwa",,"Unit","44000","Pembelian","2012-12-31","DISKOMINSA","Extra","Tespen Analog","0",,"0000-00-00",,NULL
"1.3.2.03.01.03.031","Tester Listrik/Telepon/Internet","0005",,"Sanwa",,"Unit","44000","Pembelian","2012-12-31","DISKOMINSA","Extra","Tespen Analog","0",,"0000-00-00",,NULL
"1.3.2.03.01.03.031","Tester Listrik/Telepon/Internet","0006",,"Sanwa",,"Unit","44000","Pembelian","2012-12-31","DISKOMINSA","Extra","Tespen Analog","0",,"0000-00-00",,NULL
"1.3.2.03.01.03.031","Tester Listrik/Telepon/Internet","0007",,"Power Tester",,"Unit","1483800","Pembelian","2015-12-31","DISKOMINSA","Intra","UPTD Telematika/BA: 10/11/BA-PP/2015 ( Power Tester)","0",,"0000-00-00",,NULL
"1.3.2.03.02.05.001","Tool Kit Set","0001",,,,"Unit","1650000","Pembelian","2012-12-31","DISKOMINSA","Intra","Tool Set","0",,"0000-00-00",,NULL
"1.3.2.03.02.05.001","Tool Kit Set","0002",,,,"Unit","3982000","Pembelian","2012-12-31","DISKOMINSA","Intra","Tool Set, Peralatan Penguatan Jaringan Mobil Monitoring","0",,"0000-00-00",,NULL
"1.3.2.03.02.05.001","Tool Kit Set","0003",,"Libec",,"Unit","4895000","Pembelian","2014-12-31","DISKOMINSA","Intra","Light Weight Kit - UPTD Telematika","0",,"0000-00-00",,NULL
"1.3.2.03.02.05.001","Tool Kit Set","0004",,"Libec",,"Unit","2530000","Pembelian","2014-12-31","DISKOMINSA","Intra","Articulating Arm - UPTD Telematika","0",,"0000-00-00",,NULL
"1.3.2.03.02.05.001","Tool Kit Set","0005",,"Tactix",,"Unit","1100000","Pembelian","2014-12-31","DISKOMINSA","Intra","Tools Set","0",,"0000-00-00",,NULL
"1.3.2.03.02.05.001","Tool Kit Set","0006","Tool Kit Set","Stanley Tool Kit Set",,"Unit","3676000","Pembelian","2022-11-16","DISKOMINSA","Intra","Pengadaan Tool Set","0",,"0000-00-00",,NULL
"1.3.2.03.02.05.001","Tool Kit Set","0007","Tool Kit Set","Stanley Tool Kit Set",,"Unit","3676000","Pembelian","2022-11-16","DISKOMINSA","Intra","Pengadaan Tool Set","0",,"0000-00-00",,NULL
"1.3.2.03.02.05.001","Tool Kit Set","0008","Tool Kit Set","Stanley Tool Kit Set",,"Unit","3676000","Pembelian","2022-11-16","DISKOMINSA","Intra","Pengadaan Tool Set","0",,"0000-00-00",,NULL
"1.3.2.03.02.05.002","Tool Kit Box","0001",,"Box Tool",,"Unit","2392500","Pembelian","2016-12-31","DISKOMINSA","Intra","Fasilitas Pendukung Jaringan Komunikasi UPTD Telematika BA : 10/01/BA-PP/2016","0",,"0000-00-00",,NULL
"1.3.2.03.02.05.002","Tool Kit Box","0002",,"Box Tool",,"Unit","2392500","Pembelian","2016-12-31","DISKOMINSA","Intra","Fasilitas Pendukung Jaringan Komunikasi UPTD Telematika BA : 10/01/BA-PP/2016","0",,"0000-00-00",,NULL
"1.3.2.03.02.05.002","Tool Kit Box","0003",,"Box Tool",,"Unit","2392500","Pembelian","2016-12-31","DISKOMINSA","Intra","Fasilitas Pendukung Jaringan Komunikasi UPTD Telematika BA : 10/01/BA-PP/2016","0",,"0000-00-00",,NULL
"1.3.2.03.02.05.002","Tool Kit Box","0004",,"Krisbow Mechanical Tools",,"Unit","1692400","Pembelian","2019-12-31","DISKOMINSA","Intra","Pengadaan Aksesoris Server Data Center (MIGAS ACEH)","0",,"0000-00-00",,NULL
"1.3.2.03.02.05.014","Crimping Tolls","0003",,"AMP / RJ 45 Cat 6",,"Unit","880000","Pembelian","2012-12-31","DISKOMINSA","Extra","Reklas dari TDF (2020), Tang Crimper Combo","0",,"0000-00-00",,NULL
"1.3.2.03.02.05.014","Crimping Tolls","0004",,"AMP / RJ 45 Cat 6",,"Unit","880000","Pembelian","2012-12-31","DISKOMINSA","Extra","Reklas dari TDF (2020), Tang Crimper Combo","0",,"0000-00-00",,NULL
"1.3.2.03.02.05.014","Crimping Tolls","0005",,"Modular Crimper",,"Unit","1590000","Pembelian","2014-12-31","DISKOMINSA","Intra","Crimping kabel","0",,"0000-00-00",,NULL
"1.3.2.03.02.05.014","Crimping Tolls","0006",,"Modular Crimper",,"Unit","1590000","Pembelian","2014-12-31","DISKOMINSA","Intra","Crimping kabel","0",,"0000-00-00",,NULL
"1.3.2.03.02.05.014","Crimping Tolls","0007",,"Crimping Kabel 6 E",,"Unit","6435000","Pembelian","2015-12-31","DISKOMINSA","Intra","PSITT/BA: 07/06/BA-PP/2015 (Crimping Kabel 6 E)","0",,"0000-00-00",,NULL
"1.3.2.03.02.05.014","Crimping Tolls","0008",,"Crimping Kabel 5 E",,"Unit","2035000","Pembelian","2015-12-31","DISKOMINSA","Intra","PSITT/BA: 07/06/BA-PP/2015 (Crimping Kabel 5 E)","0",,"0000-00-00",,NULL
"1.3.2.03.02.05.014","Crimping Tolls","0009",,"Tang Krimping Cat 6",,"Unit","1100000","Pembelian","2015-12-31","DISKOMINSA","Intra","UPTD Telematika/BA: 10/11/BA-PP/2015 (Tang Krimping Cat 6)","0",,"0000-00-00",,NULL
"1.3.2.03.02.05.014","Crimping Tolls","0010",,"Tang Krimping Cat 6",,"Unit","1100000","Pembelian","2015-12-31","DISKOMINSA","Intra","UPTD Telematika/BA: 10/11/BA-PP/2015 (Tang Krimping Cat 6)","0",,"0000-00-00",,NULL
"1.3.2.03.02.05.014","Crimping Tolls","0011",,"Tang Krimping Cat 6",,"Unit","1100000","Pembelian","2015-12-31","DISKOMINSA","Intra","UPTD Telematika/BA: 10/11/BA-PP/2015 (Tang Krimping Cat 6)","0",,"0000-00-00",,NULL
"1.3.2.03.02.05.014","Crimping Tolls","0012",,"Tang Krimping",,"Unit","2711500","Pembelian","2016-12-31","DISKOMINSA","Intra","Fasilitas Pendukung Jaringan Komunikasi UPTD Telematika BA : 10/01/BA-PP/2016","0",,"0000-00-00",,NULL
"1.3.2.03.02.05.014","Crimping Tolls","0013",,"Tang Krimping",,"Unit","2711500","Pembelian","2016-12-31","DISKOMINSA","Intra","Fasilitas Pendukung Jaringan Komunikasi UPTD Telematika BA : 10/01/BA-PP/2016","0",,"0000-00-00",,NULL
"1.3.2.03.02.05.014","Crimping Tolls","0014",,"Tang Krimping",,"Unit","2711500","Pembelian","2016-12-31","DISKOMINSA","Intra","Fasilitas Pendukung Jaringan Komunikasi UPTD Telematika BA : 10/01/BA-PP/2016","0",,"0000-00-00",,NULL
"1.3.2.03.02.05.014","Crimping Tolls","0015",,"Tang krimping Amp Commsco",,"Unit","1720500","Pembelian","2018-12-31","DISKOMINSA","Intra","Pengadaan Aksesoris Jaringan dan Listrik Data Center -- Bid. TIK","0",,"0000-00-00",,NULL
"1.3.2.03.02.05.014","Crimping Tolls","0016",,"Tang krimping Amp Commsco",,"Unit","1720500","Pembelian","2018-12-31","DISKOMINSA","Intra","Pengadaan Aksesoris Jaringan dan Listrik Data Center -- Bid. TIK","0",,"0000-00-00",,NULL
"1.3.2.03.02.05.014","Crimping Tolls","0017",,"Tang Crimping Tyco Electr",,"Unit","3111400","Pembelian","2019-12-31","DISKOMINSA","Intra","Pengadaan Aksesoris Server Data Center (MIGAS ACEH)","0",,"0000-00-00",,NULL
"1.3.2.03.02.05.019","Toolkit Perbengkelan","0001",,"Sanwa",,"Unit","1650000","Pembelian","2012-12-31","DISKOMINSA","Intra","Tas Selling","0",,"0000-00-00",,NULL
"1.3.2.03.02.05.019","Toolkit Perbengkelan","0002",,"Sanwa",,"Unit","1650000","Pembelian","2012-12-31","DISKOMINSA","Intra","Tas Selling","0",,"0000-00-00",,NULL
"1.3.2.03.02.05.019","Toolkit Perbengkelan","0003",,"Kingled",,"Unit","1375000","Pembelian","2012-12-31","DISKOMINSA","Intra","Senter","0",,"0000-00-00",,NULL
"1.3.2.03.02.05.019","Toolkit Perbengkelan","0004",,"VFL (Visual Fault Locator",,"Unit","1045000","Pembelian","2021-12-31","DISKOMINSA","Intra","Pengadaan Sarana dan Prasarana Ruang Server Pemerintah Aceh","0",,"0000-00-00",,NULL
"1.3.2.03.02.05.019","Toolkit Perbengkelan","0005",,"Senter Kepala Kawachi LP-",,"Unit","825000","Pembelian","2021-12-31","DISKOMINSA","Extra","Pengadaan Sarana dan Prasarana Ruang Server Pemerintah Aceh","0",,"0000-00-00",,NULL
"1.3.2.03.02.05.019","Toolkit Perbengkelan","0006",,"Senter Kepala Kawachi LP-",,"Unit","825000","Pembelian","2021-12-31","DISKOMINSA","Extra","Pengadaan Sarana dan Prasarana Ruang Server Pemerintah Aceh","0",,"0000-00-00",,NULL
"1.3.2.03.02.06.011","Digital Tang Ampere","0001",,"Sanwa",,"Unit","2750000","Pembelian","2012-12-31","DISKOMINSA","Intra","Tang Ampere","0",,"0000-00-00",,NULL
"1.3.2.03.02.06.015","Kunci L","0001",,,,"Unit","143000","Pembelian","2012-12-31","DISKOMINSA","Extra","Kunci L","0",,"0000-00-00",,NULL
"1.3.2.03.02.08.006","Tang Kombinasi","0001",,"Tang Kombinasi",,"Unit","319000","Pembelian","2016-12-31","DISKOMINSA","Extra","Fasilitas Pendukung Jaringan Komunikasi UPTD Telematika BA : 10/01/BA-PP/2016","0",,"0000-00-00",,NULL
"1.3.2.03.02.08.006","Tang Kombinasi","0002",,"Tang Kombinasi",,"Unit","319000","Pembelian","2016-12-31","DISKOMINSA","Extra","Fasilitas Pendukung Jaringan Komunikasi UPTD Telematika BA : 10/01/BA-PP/2016","0",,"0000-00-00",,NULL
"1.3.2.03.02.08.006","Tang Kombinasi","0003",,"Tang Kombinasi",,"Unit","319000","Pembelian","2016-12-31","DISKOMINSA","Extra","Fasilitas Pendukung Jaringan Komunikasi UPTD Telematika BA : 10/01/BA-PP/2016","0",,"0000-00-00",,NULL
"1.3.2.03.02.08.006","Tang Kombinasi","0004",,"Tang set CREST Tool Set N",,"Unit","645500","Pembelian","2018-12-31","DISKOMINSA","Extra","EXTRAKOMTABLE","0",,"0000-00-00",,NULL
"1.3.2.03.02.08.006","Tang Kombinasi","0005",,"Tang set CREST Tool Set N",,"Unit","645500","Pembelian","2018-12-31","DISKOMINSA","Extra","EXTRAKOMTABLE","0",,"0000-00-00",,NULL
"1.3.2.03.02.08.006","Tang Kombinasi","0006",,"Tang set CREST Tool Set N",,"Unit","645500","Pembelian","2018-12-31","DISKOMINSA","Extra","EXTRAKOMTABLE","0",,"0000-00-00",,NULL
"1.3.2.03.02.08.006","Tang Kombinasi","0007",,"Tang set CREST Tool Set N",,"Unit","645500","Pembelian","2018-12-31","DISKOMINSA","Extra","EXTRAKOMTABLE","0",,"0000-00-00",,NULL
"1.3.2.03.02.08.006","Tang Kombinasi","0008",,"Tang kombinasi TEKIRO",,"Unit","190500","Pembelian","2018-12-31","DISKOMINSA","Extra","EXTRAKOMTABLE","0",,"0000-00-00",,NULL
"1.3.2.03.02.08.006","Tang Kombinasi","0009",,"Tang kombinasi TEKIRO",,"Unit","190500","Pembelian","2018-12-31","DISKOMINSA","Extra","EXTRAKOMTABLE","0",,"0000-00-00",,NULL
"1.3.2.03.02.08.006","Tang Kombinasi","0010",,"Tang kombinasi TEKIRO",,"Unit","190500","Pembelian","2018-12-31","DISKOMINSA","Extra","EXTRAKOMTABLE","0",,"0000-00-00",,NULL
"1.3.2.03.02.08.007","Tang Potong","0001",,"Tang Potong",,"Unit","319000","Pembelian","2016-12-31","DISKOMINSA","Extra","Fasilitas Pendukung Jaringan Komunikasi UPTD Telematika BA : 10/01/BA-PP/2016","0",,"0000-00-00",,NULL
"1.3.2.03.02.08.007","Tang Potong","0002",,"Tang Potong",,"Unit","319000","Pembelian","2016-12-31","DISKOMINSA","Extra","Fasilitas Pendukung Jaringan Komunikasi UPTD Telematika BA : 10/01/BA-PP/2016","0",,"0000-00-00",,NULL
"1.3.2.03.02.08.007","Tang Potong","0003",,"Tang Potong",,"Unit","319000","Pembelian","2016-12-31","DISKOMINSA","Extra","Fasilitas Pendukung Jaringan Komunikasi UPTD Telematika BA : 10/01/BA-PP/2016","0",,"0000-00-00",,NULL
"1.3.2.03.02.08.013","Kunci Pas","0001",,,,"Unit","2950000","Pembelian","2012-12-31","DISKOMINSA","Intra","Kunci Shock","0",,"0000-00-00",,NULL
"1.3.2.03.02.08.013","Kunci Pas","0002",,"Kunci Shock Universal",,"Unit","478500","Pembelian","2016-12-31","DISKOMINSA","Extra","Fasilitas Pendukung Jaringan Komunikasi UPTD Telematika BA : 10/01/BA-PP/2016","0",,"0000-00-00",,NULL
"1.3.2.03.02.08.013","Kunci Pas","0003",,"Kunci Shock Universal",,"Unit","478500","Pembelian","2016-12-31","DISKOMINSA","Extra","Fasilitas Pendukung Jaringan Komunikasi UPTD Telematika BA : 10/01/BA-PP/2016","0",,"0000-00-00",,NULL
"1.3.2.03.02.08.013","Kunci Pas","0004",,"Kunci Shock Universal",,"Unit","478500","Pembelian","2016-12-31","DISKOMINSA","Extra","Fasilitas Pendukung Jaringan Komunikasi UPTD Telematika BA : 10/01/BA-PP/2016","0",,"0000-00-00",,NULL
"1.3.2.03.02.08.013","Kunci Pas","0005",,"Kunci Ring Pas Kombinasi",,"Unit","2392500","Pembelian","2016-12-31","DISKOMINSA","Intra","Fasilitas Pendukung Jaringan Komunikasi UPTD Telematika BA : 10/01/BA-PP/2016","0",,"0000-00-00",,NULL
"1.3.2.03.02.08.013","Kunci Pas","0006",,"Kunci Ring Pas Kombinasi",,"Unit","2392500","Pembelian","2016-12-31","DISKOMINSA","Intra","Fasilitas Pendukung Jaringan Komunikasi UPTD Telematika BA : 10/01/BA-PP/2016","0",,"0000-00-00",,NULL
"1.3.2.03.02.08.013","Kunci Pas","0007",,"Kunci Ring Pas Kombinasi",,"Unit","2392500","Pembelian","2016-12-31","DISKOMINSA","Intra","Fasilitas Pendukung Jaringan Komunikasi UPTD Telematika BA : 10/01/BA-PP/2016","0",,"0000-00-00",,NULL
"1.3.2.03.02.08.013","Kunci Pas","0008",,"Kunci Pas dan ring 4 set",,"Unit","473500","Pembelian","2018-12-31","DISKOMINSA","Extra","EXTRAKOMTABLE","0",,"0000-00-00",,NULL
"1.3.2.03.02.08.013","Kunci Pas","0009",,"Kunci Pas dan ring 4 set",,"Unit","473500","Pembelian","2018-12-31","DISKOMINSA","Extra","EXTRAKOMTABLE","0",,"0000-00-00",,NULL
"1.3.2.03.02.08.013","Kunci Pas","0010",,"Kunci Pas dan ring 4 set",,"Unit","473500","Pembelian","2018-12-31","DISKOMINSA","Extra","EXTRAKOMTABLE","0",,"0000-00-00",,NULL
"1.3.2.03.02.08.013","Kunci Pas","0011",,"Kunci Inggris kecil TEKIR",,"Unit","128500","Pembelian","2018-12-31","DISKOMINSA","Extra","EXTRAKOMTABLE","0",,"0000-00-00",,NULL
"1.3.2.03.02.08.013","Kunci Pas","0012",,"Kunci Inggris kecil TEKIR",,"Unit","128500","Pembelian","2018-12-31","DISKOMINSA","Extra","EXTRAKOMTABLE","0",,"0000-00-00",,NULL
"1.3.2.03.02.08.013","Kunci Pas","0013",,"Kunci Inggris kecil TEKIR",,"Unit","128500","Pembelian","2018-12-31","DISKOMINSA","Extra","EXTRAKOMTABLE","0",,"0000-00-00",,NULL
"1.3.2.03.02.08.013","Kunci Pas","0014",,"Kunci inggris besar TEKIR",,"Unit","306500","Pembelian","2018-12-31","DISKOMINSA","Extra","EXTRAKOMTABLE","0",,"0000-00-00",,NULL
"1.3.2.03.02.08.013","Kunci Pas","0015",,"Kunci inggris besar TEKIR",,"Unit","306500","Pembelian","2018-12-31","DISKOMINSA","Extra","EXTRAKOMTABLE","0",,"0000-00-00",,NULL
"1.3.2.03.02.08.013","Kunci Pas","0016",,"Kunci inggris besar TEKIR",,"Unit","306500","Pembelian","2018-12-31","DISKOMINSA","Extra","EXTRAKOMTABLE","0",,"0000-00-00",,NULL
"1.3.2.03.02.08.015","Drei Biasa (Obeng)","0001",,,,"Unit","165000","Pembelian","2012-12-31","DISKOMINSA","Extra","Screw Driver Set","0",,"0000-00-00",,NULL
"1.3.2.03.02.08.015","Drei Biasa (Obeng)","0002",,,,"Unit","165000","Pembelian","2012-12-31","DISKOMINSA","Extra","Screw Driver Set","0",,"0000-00-00",,NULL
"1.3.2.03.02.08.015","Drei  Biasa (Obeng)","0003",,"Obeng Set 9 Pcs",,"Unit","638000","Pembelian","2016-12-31","DISKOMINSA","Extra","Fasilitas Pendukung Jaringan Komunikasi UPTD Telematika BA : 10/01/BA-PP/2016","0",,"0000-00-00",,NULL
"1.3.2.03.02.08.015","Drei  Biasa (Obeng)","0004",,"Obeng Set 9 Pcs",,"Unit","638000","Pembelian","2016-12-31","DISKOMINSA","Extra","Fasilitas Pendukung Jaringan Komunikasi UPTD Telematika BA : 10/01/BA-PP/2016","0",,"0000-00-00",,NULL
"1.3.2.03.02.08.015","Drei  Biasa (Obeng)","0005",,"Obeng Set 9 Pcs",,"Unit","638000","Pembelian","2016-12-31","DISKOMINSA","Extra","Fasilitas Pendukung Jaringan Komunikasi UPTD Telematika BA : 10/01/BA-PP/2016","0",,"0000-00-00",,NULL
"1.3.2.03.02.08.015","Drei Biasa (Obeng)","0006",,"Obeng set JAKEMY JM-8152",,"Unit","318500","Pembelian","2018-12-31","DISKOMINSA","Extra","EXTRAKOMTABLE","0",,"0000-00-00",,NULL
"1.3.2.03.02.08.015","Drei Biasa (Obeng)","0007",,"Obeng set JAKEMY JM-8152",,"Unit","318500","Pembelian","2018-12-31","DISKOMINSA","Extra","EXTRAKOMTABLE","0",,"0000-00-00",,NULL
"1.3.2.03.02.12.018","Mesin Blower Listrik / Mekanik","0001",,"Blower digital uap Quick",,"Unit","882500","Pembelian","2018-12-31","DISKOMINSA","Extra","EXTRAKOMTABLE","0",,"0000-00-00",,NULL
"1.3.2.03.02.12.018","Mesin Blower Listrik / Mekanik","0002",,"Blower digital uap Quick",,"Unit","882500","Pembelian","2018-12-31","DISKOMINSA","Extra","EXTRAKOMTABLE","0",,"0000-00-00",,NULL
"1.3.2.03.02.12.018","Mesin Blower Listrik / Mekanik","0003",,"Blower digital uap Quick",,"Unit","882500","Pembelian","2018-12-31","DISKOMINSA","Extra","EXTRAKOMTABLE","0",,"0000-00-00",,NULL
"1.3.2.03.02.12.028","Mesin Bor  Listrik Tangan","0001",,"GSR 10.8-2-LI-2 Baterai",,"Unit","2035000","Pembelian","2011-12-31","DISKOMINSA","Intra","Bor Obeng Baterai","0",,"0000-00-00",,NULL
"1.3.2.03.02.12.028","Mesin Bor  Listrik Tangan","0002",,"ROTARY",,"Unit","3300000","Pembelian","2011-12-31","DISKOMINSA","Intra","Mesin Bor Rotary Hammer","0",,"0000-00-00",,NULL
"1.3.2.03.02.12.028","Mesin Bor  Listrik Tangan","0003",,"Mata bor tembok beton BOS",,"Unit","645500","Pembelian","2018-12-31","DISKOMINSA","Extra","EXTRAKOMTABLE","0",,"0000-00-00",,NULL
"1.3.2.03.02.12.028","Mesin Bor  Listrik Tangan","0004",,"Mata bor tembok beton BOS",,"Unit","645500","Pembelian","2018-12-31","DISKOMINSA","Extra","EXTRAKOMTABLE","0",,"0000-00-00",,NULL
"1.3.2.03.02.12.028","Mesin Bor  Listrik Tangan","0005",,"Mata bor tembok beton BOS",,"Unit","645500","Pembelian","2018-12-31","DISKOMINSA","Extra","EXTRAKOMTABLE","0",,"0000-00-00",,NULL
"1.3.2.03.02.12.028","Mesin Bor  Listrik Tangan","0006",,"Mesin Bor Baterai Cordles",,"Unit","2317100","Pembelian","2019-12-31","DISKOMINSA","Intra","Pengadaan Aksesoris Jaringan dan Listrik Data Center (MIGAS ACEH)","0",,"0000-00-00",,NULL
"1.3.2.03.03.01.023","Volt Meter Elektronik","0001",,,,"Unit","1320000","Pembelian","2011-12-31","DISKOMINSA","Intra","Meteran Listrik","0",,"0000-00-00",,NULL
"1.3.2.03.03.01.023","Volt Meter Elektronik","0002",,,,"Unit","1320000","Pembelian","2011-12-31","DISKOMINSA","Intra","Meteran Listrik","0",,"0000-00-00",,NULL
"1.3.2.03.03.01.032","Digital Multimeter (Alat  Ukur Universal)","0001",,"Sanwa / CD 800 A",,"Unit","1210000","Pembelian","2012-12-31","DISKOMINSA","Intra","Avo Meter digital","0",,"0000-00-00",,NULL
"1.3.2.03.03.01.033","Multi Meter","0001",,"Sanwa / YX 360 TRF",,"Unit","660000","Pembelian","2012-12-31","DISKOMINSA","Extra","Avo Meter Analog","0",,"0000-00-00",,NULL
"1.3.2.03.03.01.033","Multi Meter","0002",,"Fluke Multimeter",,"Unit","5940000","Pembelian","2015-12-31","DISKOMINSA","Intra","UPTD Telematika/BA: 10/11/BA-PP/2015 ( Fluke Multimeter)","0",,"0000-00-00",,NULL
"1.3.2.03.03.01.063","SWR Meter","0001",,"Diamond / SX-400",,"Unit","1760000","Pembelian","2012-12-31","DISKOMINSA","Intra","SWR / Watt Meter","0",,"0000-00-00",,NULL
"1.3.2.03.03.01.063","SWR Meter","0002",,"Diamond / SX-400",,"Unit","1760000","Pembelian","2012-12-31","DISKOMINSA","Intra","SWR / Watt Meter","0",,"0000-00-00",,NULL
"1.3.2.03.03.01.063","SWR Meter","0003",,"MFJ / Impedance",,"Unit","7480000","Pembelian","2012-12-31","DISKOMINSA","Intra","SWR Analizer","0",,"0000-00-00",,NULL
"1.3.2.03.03.01.063","SWR Meter","0004",,,,"Unit","440000","Pembelian","2012-12-31","DISKOMINSA","Extra","Sarung SWR Analizer","0",,"0000-00-00",,NULL
"1.3.2.03.03.01.063","SWR Meter","0005",,"MJF 259",,"Unit","5728000","Pembelian","2013-12-31","DISKOMINSA","Intra","SWR Analizer, Sarana Komunikasi Gate Way. RAPI Aceh","0",,"0000-00-00",,NULL
"1.3.2.03.03.01.072","Global Positioning System","0001",,"Garmin",,"Unit","6600000","Pembelian","2011-12-31","DISKOMINSA","Intra","GPS","0",,"0000-00-00",,NULL
"1.3.2.03.03.01.072","Global Positioning System","0002",,"Garmin /GPS Map",,"Unit","7700000","Pembelian","2012-12-31","DISKOMINSA","Intra","GPS","0",,"0000-00-00",,NULL
"1.3.2.03.03.01.072","Global Positioning System","0003",,"Tracker",,"Unit","2639800","Pembelian","2013-12-31","DISKOMINSA","Intra","Global Positioning System (GPS)","0",,"0000-00-00",,NULL
"1.3.2.03.03.01.072","Global Positioning System","0004",,"Tracker",,"Unit","2639800","Pembelian","2013-12-31","DISKOMINSA","Intra","Global Positioning System (GPS)","0",,"0000-00-00",,NULL
"1.3.2.03.03.01.072","Global Positioning System","0005",,"Tracker",,"Unit","2639800","Pembelian","2013-12-31","DISKOMINSA","Intra","Global Positioning System (GPS)","0",,"0000-00-00",,NULL
"1.3.2.03.03.01.072","Global Positioning System","0006",,"Tracker",,"Unit","2639800","Pembelian","2013-12-31","DISKOMINSA","Intra","Global Positioning System (GPS)","0",,"0000-00-00",,NULL
"1.3.2.03.03.01.072","Global Positioning System","0007",,"Tracker",,"Unit","2639800","Pembelian","2013-12-31","DISKOMINSA","Intra","Global Positioning System (GPS)","0",,"0000-00-00",,NULL
"1.3.2.03.03.01.072","Global Positioning System","0008",,"Garmin Montana/650",,"Unit","12980000","Pembelian","2014-12-31","DISKOMINSA","Intra","UPTD Telematika","0",,"0000-00-00",,NULL
"1.3.2.03.03.01.072","Global Positioning System","0009",,"Trimble",,"Unit","45700000","Pembelian","2015-12-31","DISKOMINSA","Intra","Postel/BA: 06/01/BA-PP/2015","0",,"0000-00-00",,NULL
"1.3.2.03.03.01.072","Global Positioning System","0010",,"Garmin / MAP 62 S",,"Unit","6000000","Hibah","2010-12-31","DISKOMINSA","Intra","Alih status dari Bappeda sesuai BAST no. 027/2059 tanggal 30/12/2021 (UPTD Statistik)","0",,"0000-00-00",,NULL
"1.3.2.03.03.01.072","Global Positioning System","0011",,"Garmin / MAP 62 S",,"Unit","6000000","Hibah","2010-12-31","DISKOMINSA","Intra","Alih status dari Bappeda sesuai BAST no. 027/2059 tanggal 30/12/2021 (UPTD Statistik)","0",,"0000-00-00",,NULL
"1.3.2.03.03.01.072","Global Positioning System","0012","GPS","GPS Map 585 Plus",,"Unit","10740400","Pembelian","2022-03-28","DISKOMINSA","Intra","Pengadaan GPS - UPTD Statistik","0",,"0000-00-00",,NULL
"1.3.2.03.03.01.080","Temperatur Digital","0001",,"Digital Temperature",,"Unit","4034400","Pembelian","2019-12-31","DISKOMINSA","Intra","Pengadaan Aksesoris Jaringan dan Listrik Data Center (MIGAS ACEH)","0",,"0000-00-00",,NULL
"1.3.2.03.03.01.080","Temperatur Digital","0002",,"Digital Temperature",,"Unit","4034400","Pembelian","2019-12-31","DISKOMINSA","Intra","Pengadaan Aksesoris Jaringan dan Listrik Data Center (MIGAS ACEH)","0",,"0000-00-00",,NULL
"1.3.2.03.03.01.080","Temperatur Digital","0003","Temperature Screning","HikVision",,"Unit","20141000","Pembelian","2022-03-04","DISKOMINSA","Intra","Pengadaan temperature screning","0",,"0000-00-00",,NULL
"1.3.2.03.03.01.080","Temperatur Digital","0004","Temperature Screning","HikVision",,"Unit","20141000","Pembelian","2022-03-04","DISKOMINSA","Intra","Pengadaan temperature screning","0",,"0000-00-00",,NULL
"1.3.2.03.03.08.012","Termometer Standar","0001",,"Max-min KTJ Thermo",,"Unit","818000","Pembelian","2014-12-31","DISKOMINSA","Extra","Thermo Meter Digital - Bidang PSITT","0",,"0000-00-00",,NULL
"1.3.2.03.03.08.025","Lampu Untuk Menerangi Skala Neraca Pakai Standar","0001",,"Philips / -",,"Unit","1125000","Pembelian","2015-12-31","DISKOMINSA","Intra","UPTD Telematika/BA: 10/23/BA-PP/2015 (lampu sorot)","0",,"0000-00-00",,NULL
"1.3.2.03.03.08.025","Lampu Untuk Menerangi Skala Neraca Pakai Standar","0002",,"Philips / -",,"Unit","1125000","Pembelian","2015-12-31","DISKOMINSA","Intra","UPTD Telematika/BA: 10/23/BA-PP/2015 ((lampu sorot))","0",,"0000-00-00",,NULL
"1.3.2.03.03.08.025","Lampu Untuk Menerangi Skala Neraca Pakai Standar","0003",,"Philips / -",,"Unit","1125000","Pembelian","2015-12-31","DISKOMINSA","Intra","UPTD Telematika/BA: 10/23/BA-PP/2015 (lampu sorot)","0",,"0000-00-00",,NULL
"1.3.2.03.03.08.025","Lampu Untuk Menerangi Skala Neraca Pakai Standar","0004",,"Philips / -",,"Unit","1125000","Pembelian","2015-12-31","DISKOMINSA","Intra","UPTD Telematika/BA: 10/23/BA-PP/2015 (lampu sorot)","0",,"0000-00-00",,NULL
"1.3.2.03.03.08.057","Universal Clamp, Clamping Range 6 To 75  mm","0001",,"Libec",,"Unit","2728000","Pembelian","2014-12-31","DISKOMINSA","Intra","Clamp Handle - UPTD Telematika","0",,"0000-00-00",,NULL
"1.3.2.03.03.17.033","Handheld Teropong","0001",,"Wild Pro 8,5 x 26",,"Unit","6710000","Pembelian","2008-12-31","DISKOMINSA","Intra","Teleskop","0",,"0000-00-00",,NULL
"1.3.2.03.03.17.033","Handheld Teropong","0002",,"Wild Pro 8,5 x 26",,"Unit","6710000","Pembelian","2008-12-31","DISKOMINSA","Intra","Teleskop","0",,"0000-00-00",,NULL
"1.3.2.03.03.17.033","Handheld Teropong","0003",,"Steiner  / Sky hawk",,"Unit","8800000","Pembelian","2012-12-31","DISKOMINSA","Intra","Teropong","0",,"0000-00-00",,NULL
"1.3.2.03.03.17.033","Handheld Teropong","0004",,"Teropong",,"Unit","15620000","Pembelian","2016-12-31","DISKOMINSA","Intra","Fasilitas Pendukung Jaringan Komunikasi UPTD Telematika BA : 10/01/BA-PP/2016","0",,"0000-00-00",,NULL
"1.3.2.03.03.20.018","Technical Toolkit","0001",,"Tools Kit Fiber Optic FTT",,"Unit","3843400","Pembelian","2021-12-31","DISKOMINSA","Intra","Pengadaan Aksesoris FO","0",,"0000-00-00",,NULL
"1.3.2.03.03.20.018","Technical Toolkit","0002",,"Tools Kit Fiber Optic FTT",,"Unit","3843400","Pembelian","2021-12-31","DISKOMINSA","Intra","Pengadaan Aksesoris FO","0",,"0000-00-00",,NULL
"1.3.2.05.01.02.007","Mesin Penghitung Uang","0001",,"Secure  / LD-26M",,"Unit","3956000","Pembelian","2017-12-31","DISKOMINSA","Intra","Mesin Hitung Uang Bendahara -- Pengadaan Perlengkapan Kantor BAST No. 047.b/BA/KPA-SEKRETARIAT/2017","0",,"0000-00-00",,NULL
"1.3.2.05.01.03.007","Mesin Fotocopy Folio","0001",,"Canon",,"Unit","64625000","Pembelian","2008-12-31","DISKOMINSA","Intra","Mesin Foto Kopi Canon Untuk KPID; Reklas dari TDF","0",,"0000-00-00",,NULL
"1.3.2.05.01.04.001","Lemari Besi/Metal","0001",,"Informa",,"Unit","3150000","Pembelian","2017-12-31","DISKOMINSA","Intra","Lemari arsip Sekretariat -- Pengadaan Meubelair Kantor BAST No. 047.a/BA/KPA-SEKRETARIAT/2017 Tgl. 0","0",,"0000-00-00",,NULL
"1.3.2.05.01.04.001","Lemari Besi/Metal","0002",,"Informa",,"Unit","3150000","Pembelian","2017-12-31","DISKOMINSA","Intra","Lemari arsip Sekretariat -- Pengadaan Meubelair Kantor BAST No. 047.a/BA/KPA-SEKRETARIAT/2017 Tgl. 0","0",,"0000-00-00",,NULL
"1.3.2.05.01.04.001","Lemari Besi/Metal","0003",,"Unital / UPF-401",,"Unit","2462500","Pembelian","2017-12-31","DISKOMINSA","Intra","Lemari arsip Persandian -- Pengadaan Lemari Arsip dan Feeling Cabinet Bidang Persandian","0",,"0000-00-00",,NULL
"1.3.2.05.01.04.001","Lemari Besi/Metal","0004",,"Lemari 2 Pintu (Besi, mer",,"Unit","1900000","Pembelian","2018-12-31","DISKOMINSA","Intra","Pengadaan Meubelair.","0",,"0000-00-00",,NULL
"1.3.2.05.01.04.001","Lemari Besi/Metal","0005",,"Dry Box Ailite GP2-150L (",,"Unit","7636000","Pembelian","2019-12-31","DISKOMINSA","Intra","Pekerjaan Dry Box (PKP)","0",,"0000-00-00",,NULL
"1.3.2.05.01.04.001","Lemari Besi/Metal","0006",,"Lemari Arsip Rak Buku Bes",,"Unit","3976500","Pembelian","2019-12-31","DISKOMINSA","Intra","Pengadaan Sarana Pendukung Pengelola Data Center (MIGAS ACEH)","0",,"0000-00-00",,NULL
"1.3.2.05.01.04.001","Lemari Besi/Metal","0007",,"Lemari Arsip Rak Buku Bes",,"Unit","3976500","Pembelian","2019-12-31","DISKOMINSA","Intra","Pengadaan Sarana Pendukung Pengelola Data Center (MIGAS ACEH)","0",,"0000-00-00",,NULL
"1.3.2.05.01.04.001","Lemari Besi/Metal","0008",,"Lemari Arsip Rak Buku Bes",,"Unit","3976500","Pembelian","2019-12-31","DISKOMINSA","Intra","Pengadaan Sarana Pendukung Pengelola Data Center (MIGAS ACEH)","0",,"0000-00-00",,NULL
"1.3.2.05.01.04.001","Lemari Besi/Metal","0009",,"Lemari Arsip Rak Buku Bes",,"Unit","3976500","Pembelian","2019-12-31","DISKOMINSA","Intra","Pengadaan Sarana Pendukung Pengelola Data Center (MIGAS ACEH)","0",,"0000-00-00",,NULL
"1.3.2.05.01.04.001","Lemari Besi/Metal","0010",,"Lemari Arsip Rak Buku Bes",,"Unit","3976500","Pembelian","2019-12-31","DISKOMINSA","Intra","Pengadaan Sarana Pendukung Pengelola Data Center (MIGAS ACEH)","0",,"0000-00-00",,NULL
"1.3.2.05.01.04.001","Lemari Besi/Metal","0011",,"Lemari Arsip Rak Buku Bes",,"Unit","3976500","Pembelian","2019-12-31","DISKOMINSA","Intra","Pengadaan Sarana Pendukung Pengelola Data Center (MIGAS ACEH)","0",,"0000-00-00",,NULL
"1.3.2.05.01.04.001","Lemari Besi/Metal","0012",,"Lemari Arsip Rak Buku Bes",,"Unit","3976500","Pembelian","2019-12-31","DISKOMINSA","Intra","Pengadaan Sarana Pendukung Pengelola Data Center (MIGAS ACEH)","0",,"0000-00-00",,NULL
"1.3.2.05.01.04.001","Lemari Besi/Metal","0013",,"Lemari Arsip Rak Buku Bes",,"Unit","3976500","Pembelian","2019-12-31","DISKOMINSA","Intra","Pengadaan Sarana Pendukung Pengelola Data Center (MIGAS ACEH)","0",,"0000-00-00",,NULL
"1.3.2.05.01.04.001","Lemari Besi/Metal","0014",,"Lemari Arsip Rak Buku Bes",,"Unit","3976500","Pembelian","2019-12-31","DISKOMINSA","Intra","Pengadaan Sarana Pendukung Pengelola Data Center (MIGAS ACEH)","0",,"0000-00-00",,NULL
"1.3.2.05.01.04.001","Lemari Besi/Metal","0015",,"Lemari Arsip Rak Buku Bes",,"Unit","3976500","Pembelian","2019-12-31","DISKOMINSA","Intra","Pengadaan Sarana Pendukung Pengelola Data Center (MIGAS ACEH)","0",,"0000-00-00",,NULL
"1.3.2.05.01.04.001","Lemari Besi/Metal","0016",,"Lemari Besi 2 Pintu Kaca",,"Unit","7029000","Pembelian","2020-12-31","DISKOMINSA","Intra","Lemari 2 Pintu Kaca/Rp.14.058.000","0",,"0000-00-00",,NULL
"1.3.2.05.01.04.001","Lemari Besi/Metal","0017",,"Lemari Besi 2 Pintu Kaca",,"Unit","7029000","Pembelian","2020-12-31","DISKOMINSA","Intra","Lemari 2 Pintu Kaca/Rp.14.058.000","0",,"0000-00-00",,NULL
"1.3.2.05.01.04.001","Lemari Besi/Metal","0018",,"Lemari Besi full glass ca",,"Unit","5332000","Pembelian","2020-12-31","DISKOMINSA","Intra","Lemari Arsip/ Rp.15.995.000","0",,"0000-00-00",,NULL
"1.3.2.05.01.04.001","Lemari Besi/Metal","0019",,"Lemari Besi full glass ca",,"Unit","5332000","Pembelian","2020-12-31","DISKOMINSA","Intra","Lemari Arsip/ Rp.15.995.000","0",,"0000-00-00",,NULL
"1.3.2.05.01.04.001","Lemari Besi/Metal","0020",,"Lemari Besi full glass ca",,"Unit","5331000","Pembelian","2020-12-31","DISKOMINSA","Intra","Lemari Arsip/ Rp.15.995.000","0",,"0000-00-00",,NULL
"1.3.2.05.01.04.001","Lemari Besi/Metal","0021",,"Lemari Arsip Besi Pintu G",,"Unit","4895000","Pembelian","2020-12-31","DISKOMINSA","Intra","Pengadaan Meubelair Lemari Arsip (silpaotsusaceh)/Rp.4.895.000","0",,"0000-00-00",,NULL
"1.3.2.05.01.04.001","Lemari Besi/Metal","0022","Lemari arsip KIA","Informa",,"Unit","5390000","Pembelian","2022-03-30","DISKOMINSA","Intra","Pengadaan Lemari Arsip KIA","0",,"0000-00-00",,NULL
"1.3.2.05.01.04.001","Lemari Besi/Metal","0023","Lemari arsip KIA","Informa",,"Unit","5390000","Pembelian","2022-03-30","DISKOMINSA","Intra","Pengadaan Lemari Arsip KIA","0",,"0000-00-00",,NULL
"1.3.2.05.01.04.001","Lemari Besi/Metal","0024","High Filling Cabinet","Informa",,"Unit","3874000","Pembelian","2022-08-03","DISKOMINSA","Intra","Pengadaan Lemari Arsip (High Filling Cabinet)","0",,"0000-00-00",,NULL
"1.3.2.05.01.04.001","Lemari Besi/Metal","0025","High Filling Cabinet","Informa",,"Unit","3873500","Pembelian","2022-08-03","DISKOMINSA","Intra","Pengadaan Lemari Arsip (High Filling Cabinet)","0",,"0000-00-00",,NULL
"1.3.2.05.01.04.001","Lemari Besi/Metal","0026","High Filling Cabinet","Informa",,"Unit","3873500","Pembelian","2022-08-03","DISKOMINSA","Intra","Pengadaan Lemari Arsip (High Filling Cabinet)","0",,"0000-00-00",,NULL
"1.3.2.05.01.04.001","Lemari Besi/Metal","0027","Lemari Arsip Isley High Glass","Informa",,"Unit","2498000","Pembelian","2022-11-17","DISKOMINSA","Intra","Pengadaan Lemari Penyimpanan - Bid. E-Gov","0",,"0000-00-00",,NULL
"1.3.2.05.01.04.001","Lemari Besi/Metal","0028","Lemari Arsip High Filling Cabinet","Informa",,"Unit","3873500","Pembelian","2022-11-23","DISKOMINSA","Intra","Pengadaan Lemari Arsip (High Filling Cabinet)","0",,"0000-00-00",,NULL
"1.3.2.05.01.04.001","Lemari Besi/Metal","0028","Lemari Arsip High Filling Cabinet","Informa",,"Unit","3873500","Pembelian","2022-11-23","DISKOMINSA","Intra","Pengadaan Lemari Arsip (High Filling Cabinet)","0",,"0000-00-00",,NULL
"1.3.2.05.01.04.002","Lemari Kayu","0001",,,,"Unit","7960000","Pembelian","2013-12-31","DISKOMINSA","Intra","Lemari. UPTD Telematika","0",,"0000-00-00",,NULL
"1.3.2.05.01.04.002","Lemari Kayu","0002",,,,"Unit","7960000","Pembelian","2013-12-31","DISKOMINSA","Intra","Lemari. UPTD Telematika","0",,"0000-00-00",,NULL
"1.3.2.05.01.04.002","Lemari Kayu","0003",,,,"Unit","8000000","Pembelian","2013-12-31","DISKOMINSA","Intra","Lemari. UPTD Telematika","0",,"0000-00-00",,NULL
"1.3.2.05.01.04.002","Lemari Kayu","0004",,,,"Unit","6000000","Pembelian","2013-12-31","DISKOMINSA","Intra","Lemari. UPTD Telematika","0",,"0000-00-00",,NULL
"1.3.2.05.01.04.002","Lemari Kayu","0005",,"4 Pintu",,"Unit","5335000","Pembelian","2014-12-31","DISKOMINSA","Intra","Lemari 4 Pintu UPTD Seuramo","0",,"0000-00-00",,NULL
"1.3.2.05.01.04.002","Lemari Kayu","0006",,,,"Unit","9900000","Pembelian","2014-12-31","DISKOMINSA","Intra","Lemari Buku - UPTD Seuramo","0",,"0000-00-00",,NULL
"1.3.2.05.01.04.002","Lemari Kayu","0007",,"MB 009",,"Unit","3135000","Pembelian","2014-12-31","DISKOMINSA","Intra","Laci Katalog","0",,"0000-00-00",,NULL
"1.3.2.05.01.04.002","Lemari Kayu","0008",,"3P MB. 002",,"Unit","5318500","Pembelian","2014-12-31","DISKOMINSA","Intra","Lemari Kaca 3 Pintu - UPTD Seuramo","0",,"0000-00-00",,NULL
"1.3.2.05.01.04.002","Lemari Kayu","0009",,"Tempahan",,"Unit","49900000","Pembelian","2014-12-31","DISKOMINSA","Intra","Lemari Arsip - Bid. Manaj. Database","0",,"0000-00-00",,NULL
"1.3.2.05.01.04.002","Lemari Kayu","0010",,"Tempahan",,"Unit","49900000","Pembelian","2014-12-31","DISKOMINSA","Intra","Lemari Arsip - Bid. Manaj. Database","0",,"0000-00-00",,NULL
"1.3.2.05.01.04.002","Lemari Kayu","0011",,,,"Unit","4258800","Pembelian","2014-12-31","DISKOMINSA","Intra","UPTD Seuramo","0",,"0000-00-00",,NULL
"1.3.2.05.01.04.002","Lemari Kayu","0012",,,,"Unit","3500000","Pembelian","2014-12-31","DISKOMINSA","Intra","Komisi Informasi Aceh; Reklas dari TDF","0",,"0000-00-00",,NULL
"1.3.2.05.01.04.002","Lemari Kayu","0013",,"Lemari Arsip Tempahan",,"Unit","2500000","Pembelian","2017-12-31","DISKOMINSA","Intra","Pengadaan Lemari Arsip KPIA","0",,"0000-00-00",,NULL
"1.3.2.05.01.04.002","Lemari Kayu","0014",,"Lemari Arsip Tempahan",,"Unit","2500000","Pembelian","2017-12-31","DISKOMINSA","Intra","Pengadaan Lemari Arsip KPIA","0",,"0000-00-00",,NULL
"1.3.2.05.01.04.002","Lemari Kayu","0015",,"Lemari Arsip (Tempahan)",,"Unit","38311375","Pembelian","2018-12-31","DISKOMINSA","Intra","Lemari Arsip Subbag Keuangan -- Pengadaan Meubelair; Lemari Arsip Ruang Sekdis (Keuangan)(Tempahan;","0",,"0000-00-00",,NULL
"1.3.2.05.01.04.002","Lemari Kayu","0016",,"Lemari Arsip (Tempahan)",,"Unit","38311375","Pembelian","2018-12-31","DISKOMINSA","Intra","Lemari Arsip Subbag Program -- Pengadaan Meubelair; Lemari Arsip Ruang Program (Tempahan; Dimensi: P","0",,"0000-00-00",,NULL
"1.3.2.05.01.04.002","Lemari Kayu","0017",,"Lemari Arsip Ruang PKP (T",,"Unit","29810000","Pembelian","2019-12-31","DISKOMINSA","Intra","Pengadaan Lemari Arsip (DAU)","0",,"0000-00-00",,NULL
"1.3.2.05.01.04.002","Lemari Kayu","0018",,"Lemari Arsip Ruang Kepega",,"Unit","29810000","Pembelian","2019-12-31","DISKOMINSA","Intra","Pengadaan Lemari Arsip (DAU)","0",,"0000-00-00",,NULL
"1.3.2.05.01.04.002","Lemari Kayu","0019",,"Lemari Partisi Ruang Seks",,"Unit","29810000","Pembelian","2019-12-31","DISKOMINSA","Intra","Pengadaan Lemari Arsip (DAU)","0",,"0000-00-00",,NULL
"1.3.2.05.01.04.003","Rak Besi","0001",,,,"Unit","1600000","Pembelian","2006-12-31","DISKOMINSA","Intra","Rak Sound","0",,"0000-00-00",,NULL
"1.3.2.05.01.04.003","Rak Besi","0002",,"Tempahan",,"Unit","4750000","Pembelian","2010-12-31","DISKOMINSA","Intra","Rak Besi Sound System","0",,"0000-00-00",,NULL
"1.3.2.05.01.04.003","Rak Besi","0003",,"Tempahan",,"Unit","3850000","Pembelian","2010-12-31","DISKOMINSA","Intra","Rak Besi televisi","0",,"0000-00-00",,NULL
"1.3.2.05.01.04.003","Rak Besi","0004",,"Tempahan",,"Unit","4300000","Pembelian","2010-12-31","DISKOMINSA","Intra","Rak Televisi","0",,"0000-00-00",,NULL
"1.3.2.05.01.04.003","Rak Besi","0005",,"Tempahan",,"Unit","3680000","Pembelian","2010-12-31","DISKOMINSA","Intra","Reklas dari TDF (2020); rak Besi Sound System","0",,"0000-00-00",,NULL
"1.3.2.05.01.04.003","Rak Besi","0006",,"Unipower",,"Unit","25300000","Pembelian","2011-12-31","DISKOMINSA","Intra","Rak Battery UPS","0",,"0000-00-00",,NULL
"1.3.2.05.01.04.003","Rak Besi","0007",,"Unipower",,"Unit","25300000","Pembelian","2011-12-31","DISKOMINSA","Intra","Rak Battery UPS","0",,"0000-00-00",,NULL
"1.3.2.05.01.04.003","Rak Besi","0008",,,,"Unit","660000","Pembelian","2012-12-31","DISKOMINSA","Intra","Rak Komponen","0",,"0000-00-00",,NULL
"1.3.2.05.01.04.003","Rak Besi","0009",,,,"Unit","660000","Pembelian","2012-12-31","DISKOMINSA","Intra","Rak Komponen","0",,"0000-00-00",,NULL
"1.3.2.05.01.04.003","Rak Besi","0010",,,,"Unit","167646","Pembelian","2012-12-31","DISKOMINSA","Extra","Rak CPU","0",,"0000-00-00",,NULL
"1.3.2.05.01.04.003","Rak Besi","0011",,,,"Unit","167646","Pembelian","2012-12-31","DISKOMINSA","Extra","Rak CPU","0",,"0000-00-00",,NULL
"1.3.2.05.01.04.003","Rak Besi","0012",,,,"Unit","167646","Pembelian","2012-12-31","DISKOMINSA","Extra","Rak CPU","0",,"0000-00-00",,NULL
"1.3.2.05.01.04.003","Rak Besi","0013",,,,"Unit","167646","Pembelian","2012-12-31","DISKOMINSA","Extra","Rak CPU","0",,"0000-00-00",,NULL
"1.3.2.05.01.04.003","Rak Besi","0014",,,,"Unit","167646","Pembelian","2012-12-31","DISKOMINSA","Extra","Rak CPU","0",,"0000-00-00",,NULL
"1.3.2.05.01.04.003","Rak Besi","0015",,,,"Unit","167646","Pembelian","2012-12-31","DISKOMINSA","Extra","Rak CPU","0",,"0000-00-00",,NULL
"1.3.2.05.01.04.003","Rak Besi","0016",,,,"Unit","167646","Pembelian","2012-12-31","DISKOMINSA","Extra","Rak CPU","0",,"0000-00-00",,NULL
"1.3.2.05.01.04.003","Rak Besi","0017",,,,"Unit","167646","Pembelian","2012-12-31","DISKOMINSA","Extra","Rak CPU","0",,"0000-00-00",,NULL
"1.3.2.05.01.04.003","Rak Besi","0018",,,,"Unit","167646","Pembelian","2012-12-31","DISKOMINSA","Extra","Rak CPU","0",,"0000-00-00",,NULL
"1.3.2.05.01.04.003","Rak Besi","0019",,,,"Unit","167646","Pembelian","2012-12-31","DISKOMINSA","Extra","Rak CPU","0",,"0000-00-00",,NULL
"1.3.2.05.01.04.003","Rak Besi","0020",,,,"Unit","167646","Pembelian","2012-12-31","DISKOMINSA","Extra","Rak CPU","0",,"0000-00-00",,NULL
"1.3.2.05.01.04.003","Rak Besi","0021",,,,"Unit","167646","Pembelian","2012-12-31","DISKOMINSA","Extra","Rak CPU","0",,"0000-00-00",,NULL
"1.3.2.05.01.04.003","Rak Besi","0022",,,,"Unit","167646","Pembelian","2012-12-31","DISKOMINSA","Extra","Rak CPU","0",,"0000-00-00",,NULL
"1.3.2.05.01.04.003","Rak Besi","0023",,,,"Unit","167646","Pembelian","2012-12-31","DISKOMINSA","Extra","Rak CPU","0",,"0000-00-00",,NULL
"1.3.2.05.01.04.003","Rak Besi","0024",,,,"Unit","167646","Pembelian","2012-12-31","DISKOMINSA","Extra","Rak CPU","0",,"0000-00-00",,NULL
"1.3.2.05.01.04.003","Rak Besi","0025",,,,"Unit","167646","Pembelian","2012-12-31","DISKOMINSA","Extra","Rak CPU","0",,"0000-00-00",,NULL
"1.3.2.05.01.04.003","Rak Besi","0026",,,,"Unit","167664","Pembelian","2012-12-31","DISKOMINSA","Extra","Rak CPU","0",,"0000-00-00",,NULL
"1.3.2.05.01.04.003","Rak Besi","0027",,"Tempahan",,"Unit","15000000","Pembelian","2014-12-31","DISKOMINSA","Intra","Rak Tempat Sound System - UPTD Seuramo","0",,"0000-00-00",,NULL
"1.3.2.05.01.04.003","Rak Besi","0028",,"- / Battery Bank Rack Cha",,"Unit","15730000","Pembelian","2015-12-31","DISKOMINSA","Intra","BAPP:PSITT/BA: 07/02/BA-PP/2015","0",,"0000-00-00",,NULL
"1.3.2.05.01.04.003","Rak Besi","0029",,"Lemari ATK dan Penyimpana",,"Unit","7131375","Pembelian","2018-12-31","DISKOMINSA","Intra","Ruang ATK -- Pengadaan Meubelair.","0",,"0000-00-00",,NULL
"1.3.2.05.01.04.003","Rak Besi","0030",,"Rack Wired Shelve (192x60",,"Unit","5498350","Pembelian","2018-12-31","DISKOMINSA","Intra","Pengadaan Perangkat Aksesoris Server Data Center -- Bid. TIK","0",,"0000-00-00",,NULL
"1.3.2.05.01.04.003","Rak Besi","0031",,"Rack Wired Shelve (192x60",,"Unit","5498350","Pembelian","2018-12-31","DISKOMINSA","Intra","Pengadaan Perangkat Aksesoris Server Data Center -- Bid. TIK","0",,"0000-00-00",,NULL
"1.3.2.05.01.04.003","Rak Besi","0032",,"Rack Wired Shelve (192x60",,"Unit","5498350","Pembelian","2018-12-31","DISKOMINSA","Intra","Pengadaan Perangkat Aksesoris Server Data Center -- Bid. TIK","0",,"0000-00-00",,NULL
"1.3.2.05.01.04.003","Rak Besi","0033",,"Rak Gantung Koran (Alumin",,"Unit","726375","Pembelian","2018-12-31","DISKOMINSA","Intra","Ruang Pustaka -- Pengadaan Meubelair.","0",,"0000-00-00",,NULL
"1.3.2.05.01.04.003","Rak Besi","0034",,"Krisbow Tool Drawer 8 Dra",,"Unit","9570000","Pembelian","2020-12-31","DISKOMINSA","Intra","Pengadaan Aksesoris Penunjang Ruang Server/Data Center (dana otsus)/Rp.16.109.508","0",,"0000-00-00",,NULL
"1.3.2.05.01.04.004","Rak Kayu","0002",,,,"Unit","660000","Pembelian","2012-12-31","DISKOMINSA","Intra","Rak Komponen","0",,"0000-00-00",,NULL
"1.3.2.05.01.04.004","Rak Kayu","0003",,,,"Unit","660000","Pembelian","2012-12-31","DISKOMINSA","Intra","Rak Komponen","0",,"0000-00-00",,NULL
"1.3.2.05.01.04.005","Filing Cabinet Besi","0001",,,,"Unit","1306700","Pembelian","2013-12-31","DISKOMINSA","Intra","Filing Kabinet (PPID)","0",,"0000-00-00",,NULL
"1.3.2.05.01.04.005","Filing Cabinet Besi","0002",,,,"Unit","2491300","Pembelian","2013-12-31","DISKOMINSA","Intra","Lemari 2 Pintu. (PPID)","0",,"0000-00-00",,NULL
"1.3.2.05.01.04.005","Filing Cabinet Besi","0003",,"Montana",,"Unit","2000000","Pembelian","2014-12-31","DISKOMINSA","Intra","K I A","0",,"0000-00-00",,NULL
"1.3.2.05.01.04.005","Filing Cabinet Besi","0004",,"Montana",,"Unit","2000000","Pembelian","2014-12-31","DISKOMINSA","Intra","K I A","0",,"0000-00-00",,NULL
"1.3.2.05.01.04.005","Filing Cabinet Besi","0005",,,,"Unit","1980000","Pembelian","2014-12-31","DISKOMINSA","Intra","UPTD Seuramo","0",,"0000-00-00",,NULL
"1.3.2.05.01.04.005","Filing Cabinet Besi","0006",,,,"Unit","1980000","Pembelian","2014-12-31","DISKOMINSA","Intra","UPTD Seuramo","0",,"0000-00-00",,NULL
"1.3.2.05.01.04.005","Filing Cabinet Besi","0007",,,,"Unit","1980000","Pembelian","2014-12-31","DISKOMINSA","Intra","UPTD Seuramo","0",,"0000-00-00",,NULL
"1.3.2.05.01.04.005","Filing Cabinet Besi","0008",,,,"Unit","1980000","Pembelian","2014-12-31","DISKOMINSA","Intra","UPTD Seuramo","0",,"0000-00-00",,NULL
"1.3.2.05.01.04.005","Filing Cabinet Besi","0009",,"Montana",,"Unit","2000000","Pembelian","2014-12-31","DISKOMINSA","Intra","KIA; Reklas dari TDF","0",,"0000-00-00",,NULL
"1.3.2.05.01.04.005","Filing Cabinet Besi","0010",,"Unital / UPC-201",,"Unit","2237500","Pembelian","2017-12-31","DISKOMINSA","Intra","Filling Cabinet Persandian -- Pengadaan Lemari Arsip dan Feeling Cabinet Bidang Persandian","0",,"0000-00-00",,NULL
"1.3.2.05.01.04.005","Filing Cabinet Besi","0011",,"Filling Cabinet 4 Rak (Mu",,"Unit","3831375","Pembelian","2018-12-31","DISKOMINSA","Intra","Pengadaan Meubelair.","0",,"0000-00-00",,NULL
"1.3.2.05.01.04.007","Brandkas","0001",,"Unital / Unisafe-335",,"Unit","23056000","Pembelian","2017-12-31","DISKOMINSA","Intra","Brankas Bendahara -- Pengadaan Perlengkapan Kantor BAST No. 047.b/BA/KPA-SEKRETARIAT/2017 Tgl. 08/12","0",,"0000-00-00",,NULL
"1.3.2.05.01.04.007","Brandkas","0002",,"Krisbow E-SEZED ES-100",,"Unit","19800000","Pembelian","2018-12-31","DISKOMINSA","Intra","Pengadaan Brankas (Untuk Penyimpanan Material Sandi) Bidang Persandian.","0",,"0000-00-00",,NULL
"1.3.2.05.01.04.009","Kardex Besi","0001",,,,"Unit","3465000","Pembelian","2011-12-31","DISKOMINSA","Intra","Box Panel Outdoor","0",,"0000-00-00",,NULL
"1.3.2.05.01.04.009","Kardex Besi","0002",,,,"Unit","3465000","Pembelian","2011-12-31","DISKOMINSA","Intra","Box Panel Outdoor","0",,"0000-00-00",,NULL
"1.3.2.05.01.04.009","Kardex Besi","0003",,"Box Shelter Outdoor",,"Unit","6160000","Pembelian","2015-12-31","DISKOMINSA","Intra","UPTD Telematika/BA: 10/11/BA-PP/2015 (Box Shelter Outdoor)","0",,"0000-00-00",,NULL
"1.3.2.05.01.04.009","Kardex Besi","0004",,"Box Shelter",,"Unit","4785000","Pembelian","2016-12-31","DISKOMINSA","Intra","Fasilitas Pendukung Jaringan Komunikasi UPTD Telematika BA : 10/01/BA-PP/2016","0",,"0000-00-00",,NULL
"1.3.2.05.01.04.009","Kardex Besi","0005",,"Box Shelter",,"Unit","4785000","Pembelian","2016-12-31","DISKOMINSA","Intra","Fasilitas Pendukung Jaringan Komunikasi UPTD Telematika BA : 10/01/BA-PP/2016","0",,"0000-00-00",,NULL
"1.3.2.05.01.04.009","Kardex Besi","0006",,"Box Shelter",,"Unit","4785000","Pembelian","2016-12-31","DISKOMINSA","Intra","Fasilitas Pendukung Jaringan Komunikasi UPTD Telematika BA : 10/01/BA-PP/2016","0",,"0000-00-00",,NULL
"1.3.2.05.01.04.009","Kardex Besi","0007",,"Box Shelter Tempahan",,"Unit","3560000","Pembelian","2017-12-31","DISKOMINSA","Intra","Box Shelter Besi -- Pengadaan Box Shelter, Baterai Backup, UPS BTS dan Aksesoris (UPTD Telematika) B","0",,"0000-00-00",,NULL
"1.3.2.05.01.04.009","Kardex Besi","0008",,"Box Shelter Tempahan",,"Unit","3560000","Pembelian","2017-12-31","DISKOMINSA","Intra","Box Shelter Besi -- Pengadaan Box Shelter, Baterai Backup, UPS BTS dan Aksesoris (UPTD Telematika) B","0",,"0000-00-00",,NULL
"1.3.2.05.01.04.009","Kardex Besi","0009",,"Box Shelter Tempahan",,"Unit","3560000","Pembelian","2017-12-31","DISKOMINSA","Intra","Box Shelter Besi -- Pengadaan Box Shelter, Baterai Backup, UPS BTS dan Aksesoris (UPTD Telematika) B","0",,"0000-00-00",,NULL
"1.3.2.05.01.04.009","Kardex Besi","0010",,"Box Shelter Tempahan",,"Unit","3560000","Pembelian","2017-12-31","DISKOMINSA","Intra","Box Shelter Besi -- Pengadaan Box Shelter, Baterai Backup, UPS BTS dan Aksesoris (UPTD Telematika) B","0",,"0000-00-00",,NULL
"1.3.2.05.01.04.009","Kardex Besi","0011",,"Box Shelter Tempahan",,"Unit","3560000","Pembelian","2017-12-31","DISKOMINSA","Intra","Box Shelter Besi -- Pengadaan Box Shelter, Baterai Backup, UPS BTS dan Aksesoris (UPTD Telematika) B","0",,"0000-00-00",,NULL
"1.3.2.05.01.04.009","Kardex Besi","0012",,"Box Shelter Tempahan",,"Unit","3560000","Pembelian","2017-12-31","DISKOMINSA","Intra","Box Shelter Besi -- Pengadaan Box Shelter, Baterai Backup, UPS BTS dan Aksesoris (UPTD Telematika) B","0",,"0000-00-00",,NULL
"1.3.2.05.01.04.009","Kardex Besi","0013",,"Kerangkeng Pengaman / Tem",,"Unit","630000","Pembelian","2017-12-31","DISKOMINSA","Intra","Kerangkeng Pengaman Tempahan -- Pengadaan Aksesoris Pendukung WiFi Akses Publik BAST No. 23/BAST/TIK","0",,"0000-00-00",,NULL
"1.3.2.05.01.04.009","Kardex Besi","0014",,"Kerangkeng Pengaman / Tem",,"Unit","630000","Pembelian","2017-12-31","DISKOMINSA","Intra","Kerangkeng Pengaman Tempahan -- Pengadaan Aksesoris Pendukung WiFi Akses Publik BAST No. 23/BAST/TIK","0",,"0000-00-00",,NULL
"1.3.2.05.01.04.009","Kardex Besi","0015",,"Kerangkeng Pengaman / Tem",,"Unit","630000","Pembelian","2017-12-31","DISKOMINSA","Intra","Kerangkeng Pengaman Tempahan -- Pengadaan Aksesoris Pendukung WiFi Akses Publik BAST No. 23/BAST/TIK","0",,"0000-00-00",,NULL
"1.3.2.05.01.04.009","Kardex Besi","0016",,"Kerangkeng Pengaman / Tem",,"Unit","630000","Pembelian","2017-12-31","DISKOMINSA","Intra","Kerangkeng Pengaman Tempahan -- Pengadaan Aksesoris Pendukung WiFi Akses Publik BAST No. 23/BAST/TIK","0",,"0000-00-00",,NULL
"1.3.2.05.01.04.009","Kardex Besi","0017",,"Kerangkeng Pengaman / Tem",,"Unit","630000","Pembelian","2017-12-31","DISKOMINSA","Intra","Kerangkeng Pengaman Tempahan -- Pengadaan Aksesoris Pendukung WiFi Akses Publik BAST No. 23/BAST/TIK","0",,"0000-00-00",,NULL
"1.3.2.05.01.04.009","Kardex Besi","0018",,"Kerangkeng Pengaman / Tem",,"Unit","630000","Pembelian","2017-12-31","DISKOMINSA","Intra","Kerangkeng Pengaman Tempahan -- Pengadaan Aksesoris Pendukung WiFi Akses Publik BAST No. 23/BAST/TIK","0",,"0000-00-00",,NULL
"1.3.2.05.01.04.009","Kardex Besi","0019",,"Kerangkeng Pengaman / Tem",,"Unit","630000","Pembelian","2017-12-31","DISKOMINSA","Intra","Kerangkeng Pengaman Tempahan -- Pengadaan Aksesoris Pendukung WiFi Akses Publik BAST No. 23/BAST/TIK","0",,"0000-00-00",,NULL
"1.3.2.05.01.04.009","Kardex Besi","0020",,"Kerangkeng Pengaman / Tem",,"Unit","630000","Pembelian","2017-12-31","DISKOMINSA","Intra","Kerangkeng Pengaman Tempahan -- Pengadaan Aksesoris Pendukung WiFi Akses Publik BAST No. 23/BAST/TIK","0",,"0000-00-00",,NULL
"1.3.2.05.01.04.009","Kardex Besi","0021",,"Kerangkeng Pengaman / Tem",,"Unit","630000","Pembelian","2017-12-31","DISKOMINSA","Intra","Kerangkeng Pengaman Tempahan -- Pengadaan Aksesoris Pendukung WiFi Akses Publik BAST No. 23/BAST/TIK","0",,"0000-00-00",,NULL
"1.3.2.05.01.04.009","Kardex Besi","0022",,"Kerangkeng Pengaman / Tem",,"Unit","630000","Pembelian","2017-12-31","DISKOMINSA","Intra","Kerangkeng Pengaman Tempahan -- Pengadaan Aksesoris Pendukung WiFi Akses Publik BAST No. 23/BAST/TIK","0",,"0000-00-00",,NULL
"1.3.2.05.01.04.015","Locker","0001",,"Locker 9 pintu - Turquois",,"Unit","4598000","Pembelian","2020-12-31","DISKOMINSA","Intra","Pengadaan Aksesoris Penunjang Ruang Server/Data Center (dana otsus)/Rp.16.109.507","0",,"0000-00-00",,NULL
"1.3.2.05.01.04.018","Kontainer","0001",,"Krisbow Storage Box 52L B",,"Unit","275000","Pembelian","2020-12-31","DISKOMINSA","Extra","Pengadaan Aksesoris Penunjang Ruang Server/Data Center (dana otsus)/Rp.16.109.500","0",,"0000-00-00",,NULL
"1.3.2.05.01.04.018","Kontainer","0002",,"Krisbow Storage Box 52L B",,"Unit","275000","Pembelian","2020-12-31","DISKOMINSA","Extra","Pengadaan Aksesoris Penunjang Ruang Server/Data Center (dana otsus)/Rp.16.109.501","0",,"0000-00-00",,NULL
"1.3.2.05.01.04.018","Kontainer","0003",,"Krisbow Storage Box 52L B",,"Unit","275000","Pembelian","2020-12-31","DISKOMINSA","Extra","Pengadaan Aksesoris Penunjang Ruang Server/Data Center (dana otsus)/Rp.16.109.502","0",,"0000-00-00",,NULL
"1.3.2.05.01.04.018","Kontainer","0004",,"Krisbow Storage Box 52L B",,"Unit","275000","Pembelian","2020-12-31","DISKOMINSA","Extra","Pengadaan Aksesoris Penunjang Ruang Server/Data Center (dana otsus)/Rp.16.109.503","0",,"0000-00-00",,NULL
"1.3.2.05.01.04.018","Kontainer","0005",,"Krisbow Kontainer 80L",,"Unit","280500","Pembelian","2020-12-31","DISKOMINSA","Extra","Pengadaan Aksesoris Penunjang Ruang Server/Data Center (dana otsus)/Rp.16.109.504","0",,"0000-00-00",,NULL
"1.3.2.05.01.04.018","Kontainer","0006",,"Krisbow Kontainer 80L",,"Unit","280500","Pembelian","2020-12-31","DISKOMINSA","Extra","Pengadaan Aksesoris Penunjang Ruang Server/Data Center (dana otsus)/Rp.16.109.505","0",,"0000-00-00",,NULL
"1.3.2.05.01.04.018","Kontainer","0007",,"Krisbow Kontainer 80L",,"Unit","280500","Pembelian","2020-12-31","DISKOMINSA","Extra","Pengadaan Aksesoris Penunjang Ruang Server/Data Center (dana otsus)/Rp.16.109.506","0",,"0000-00-00",,NULL
"1.3.2.05.01.04.027","Lemari Kaca","0001",,,,"Unit","4640000","Pembelian","2014-12-31","DISKOMINSA","Intra","UPTD Seuramo","0",,"0000-00-00",,NULL
"1.3.2.05.01.04.027","Lemari Kaca","0002",,,,"Unit","4640000","Pembelian","2014-12-31","DISKOMINSA","Intra","UPTD Seuramo","0",,"0000-00-00",,NULL
"1.3.2.05.01.05.002","CCTV - Camera Control Television System","0001",,"Avtech  / AVM428A",,"Unit","5766000","Pembelian","2015-12-31","DISKOMINSA","Intra","PSITT/BA: 07/11/BA-PP/2015(IP Camera)","0","RB","2026-01-04",,NULL
"1.3.2.05.01.05.002","CCTV - Camera Control Television System","0001",,"Avtech  / AVM428A",,"Unit","5766000","Pembelian","2015-12-31","DISKOMINSA","Intra","PSITT/BA: 07/11/BA-PP/2015(IP Camera)","0","RB","2026-01-04",,NULL
"1.3.2.05.01.05.091","Alat Penyimpan Rekaman CCTV/ Digital Video Recorder (DVR)","0010",,"Avtech  /  AVH0801",,"Unit","10065000","Pembelian","2015-12-31","DISKOMINSA","Intra","PSITT/BA: 07/11/BA-PP/2015(NVR Controller)","0",,"0000-00-00",,NULL
"1.3.2.05.01.05.002","CCTV - Camera Control Television System","0001",,"Avtech  / AVM428A",,"Unit","5766000","Pembelian","2015-12-31","DISKOMINSA","Intra","PSITT/BA: 07/11/BA-PP/2015(IP Camera)","0","RB","2026-01-04",,NULL
"1.3.2.05.01.05.002","CCTV - Camera Control Television System","0001",,"Avtech  / AVM428A",,"Unit","5766000","Pembelian","2015-12-31","DISKOMINSA","Intra","PSITT/BA: 07/11/BA-PP/2015(IP Camera)","0","RB","2026-01-04",,NULL
"1.3.2.05.01.05.002","CCTV - Camera Control Television System","0001",,"Avtech  / AVM428A",,"Unit","5766000","Pembelian","2015-12-31","DISKOMINSA","Intra","PSITT/BA: 07/11/BA-PP/2015(IP Camera)","0","RB","2026-01-04",,NULL
"1.3.2.05.01.05.002","CCTV - Camera Control Television System","0001",,"Avtech  / AVM428A",,"Unit","5766000","Pembelian","2015-12-31","DISKOMINSA","Intra","PSITT/BA: 07/11/BA-PP/2015(IP Camera)","0","RB","2026-01-04",,NULL
"1.3.2.05.01.05.002","CCTV - Camera Control Television System","0001",,"Avtech  / AVM428A",,"Unit","5766000","Pembelian","2015-12-31","DISKOMINSA","Intra","PSITT/BA: 07/11/BA-PP/2015(IP Camera)","0","RB","2026-01-04",,NULL
"1.3.2.05.01.05.002","CCTV - Camera Control Television System","0001",,"Avtech  / AVM428A",,"Unit","5766000","Pembelian","2015-12-31","DISKOMINSA","Intra","PSITT/BA: 07/11/BA-PP/2015(IP Camera)","0","RB","2026-01-04",,NULL
"1.3.2.05.01.05.002","CCTV - Camera Control Television System","0001",,"Avtech  / AVM428A",,"Unit","5766000","Pembelian","2015-12-31","DISKOMINSA","Intra","PSITT/BA: 07/11/BA-PP/2015(IP Camera)","0","RB","2026-01-04",,NULL
"1.3.2.05.01.05.002","CCTV - Camera Control Television System","0001",,"Avtech  / AVM428A",,"Unit","5766000","Pembelian","2015-12-31","DISKOMINSA","Intra","PSITT/BA: 07/11/BA-PP/2015(IP Camera)","0","RB","2026-01-04",,NULL
"1.3.2.05.01.05.002","CCTV - Camera Control Television System","0001",,"Avtech  / AVM428A",,"Unit","5766000","Pembelian","2015-12-31","DISKOMINSA","Intra","PSITT/BA: 07/11/BA-PP/2015(IP Camera)","0","RB","2026-01-04",,NULL
"1.3.2.05.01.05.002","CCTV - Camera Control Television System","0001",,"Avtech  / AVM428A",,"Unit","5766000","Pembelian","2015-12-31","DISKOMINSA","Intra","PSITT/BA: 07/11/BA-PP/2015(IP Camera)","0","RB","2026-01-04",,NULL
"1.3.2.05.01.05.002","CCTV - Camera Control Television System","0001",,"Avtech  / AVM428A",,"Unit","5766000","Pembelian","2015-12-31","DISKOMINSA","Intra","PSITT/BA: 07/11/BA-PP/2015(IP Camera)","0","RB","2026-01-04",,NULL
"1.3.2.05.01.05.002","CCTV - Camera Control Television System","0001",,"Avtech  / AVM428A",,"Unit","5766000","Pembelian","2015-12-31","DISKOMINSA","Intra","PSITT/BA: 07/11/BA-PP/2015(IP Camera)","0","RB","2026-01-04",,NULL
"1.3.2.05.01.05.002","CCTV - Camera Control Television System","0001",,"Avtech  / AVM428A",,"Unit","5766000","Pembelian","2015-12-31","DISKOMINSA","Intra","PSITT/BA: 07/11/BA-PP/2015(IP Camera)","0","RB","2026-01-04",,NULL
"1.3.2.05.01.05.091","Alat Penyimpan Rekaman CCTV/ Digital Video Recorder (DVR)","0024",,"NVR",,"Unit","7425000","Pembelian","2015-12-31","DISKOMINSA","Intra","UPTD Telematika/BA: 10/11/BA-PP/2015 (NVR)","0",,"0000-00-00",,NULL
"1.3.2.05.01.05.091","Alat Penyimpan Rekaman CCTV/ Digital Video Recorder (DVR)","0025",,"UniFi  / NVR",,"Unit","9265000","Pembelian","2015-12-31","DISKOMINSA","Intra","UPTD Telematika/BA: 10/01/BA-PP/2015 (NVR Network Video Recorder)","0",,"0000-00-00",,NULL
"1.3.2.05.01.05.002","CCTV - Camera Control Television System","0001",,"Avtech  / AVM428A",,"Unit","5766000","Pembelian","2015-12-31","DISKOMINSA","Intra","PSITT/BA: 07/11/BA-PP/2015(IP Camera)","0","RB","2026-01-04",,NULL
"1.3.2.05.01.05.002","CCTV - Camera Control Television System","0001",,"Avtech  / AVM428A",,"Unit","5766000","Pembelian","2015-12-31","DISKOMINSA","Intra","PSITT/BA: 07/11/BA-PP/2015(IP Camera)","0","RB","2026-01-04",,NULL
"1.3.2.05.01.05.002","CCTV - Camera Control Television System","0001",,"Avtech  / AVM428A",,"Unit","5766000","Pembelian","2015-12-31","DISKOMINSA","Intra","PSITT/BA: 07/11/BA-PP/2015(IP Camera)","0","RB","2026-01-04",,NULL
"1.3.2.05.01.05.002","CCTV - Camera Control Television System","0001",,"Avtech  / AVM428A",,"Unit","5766000","Pembelian","2015-12-31","DISKOMINSA","Intra","PSITT/BA: 07/11/BA-PP/2015(IP Camera)","0","RB","2026-01-04",,NULL
"1.3.2.05.01.05.002","CCTV - Camera Control Television System","0001",,"Avtech  / AVM428A",,"Unit","5766000","Pembelian","2015-12-31","DISKOMINSA","Intra","PSITT/BA: 07/11/BA-PP/2015(IP Camera)","0","RB","2026-01-04",,NULL
"1.3.2.05.01.05.002","CCTV - Camera Control Television System","0001",,"Avtech  / AVM428A",,"Unit","5766000","Pembelian","2015-12-31","DISKOMINSA","Intra","PSITT/BA: 07/11/BA-PP/2015(IP Camera)","0","RB","2026-01-04",,NULL
"1.3.2.05.01.05.002","CCTV - Camera Control Television System","0001",,"Avtech  / AVM428A",,"Unit","5766000","Pembelian","2015-12-31","DISKOMINSA","Intra","PSITT/BA: 07/11/BA-PP/2015(IP Camera)","0","RB","2026-01-04",,NULL
"1.3.2.05.01.05.002","CCTV - Camera Control Television System","0001",,"Avtech  / AVM428A",,"Unit","5766000","Pembelian","2015-12-31","DISKOMINSA","Intra","PSITT/BA: 07/11/BA-PP/2015(IP Camera)","0","RB","2026-01-04",,NULL
"1.3.2.05.01.05.002","CCTV - Camera Control Television System","0001",,"Avtech  / AVM428A",,"Unit","5766000","Pembelian","2015-12-31","DISKOMINSA","Intra","PSITT/BA: 07/11/BA-PP/2015(IP Camera)","0","RB","2026-01-04",,NULL
"1.3.2.05.01.05.002","CCTV - Camera Control Television System","0001",,"Avtech  / AVM428A",,"Unit","5766000","Pembelian","2015-12-31","DISKOMINSA","Intra","PSITT/BA: 07/11/BA-PP/2015(IP Camera)","0","RB","2026-01-04",,NULL
"1.3.2.05.01.05.002","CCTV - Camera Control Television System","0001",,"Avtech  / AVM428A",,"Unit","5766000","Pembelian","2015-12-31","DISKOMINSA","Intra","PSITT/BA: 07/11/BA-PP/2015(IP Camera)","0","RB","2026-01-04",,NULL
"1.3.2.05.01.05.002","CCTV - Camera Control Television System","0001",,"Avtech  / AVM428A",,"Unit","5766000","Pembelian","2015-12-31","DISKOMINSA","Intra","PSITT/BA: 07/11/BA-PP/2015(IP Camera)","0","RB","2026-01-04",,NULL
"1.3.2.05.01.05.002","CCTV - Camera Control Television System","0001",,"Avtech  / AVM428A",,"Unit","5766000","Pembelian","2015-12-31","DISKOMINSA","Intra","PSITT/BA: 07/11/BA-PP/2015(IP Camera)","0","RB","2026-01-04",,NULL
"1.3.2.05.01.05.002","CCTV - Camera Control Television System","0001",,"Avtech  / AVM428A",,"Unit","5766000","Pembelian","2015-12-31","DISKOMINSA","Intra","PSITT/BA: 07/11/BA-PP/2015(IP Camera)","0","RB","2026-01-04",,NULL
"1.3.2.05.01.05.002","CCTV - Camera Control Television System","0001",,"Avtech  / AVM428A",,"Unit","5766000","Pembelian","2015-12-31","DISKOMINSA","Intra","PSITT/BA: 07/11/BA-PP/2015(IP Camera)","0","RB","2026-01-04",,NULL
"1.3.2.05.01.05.002","CCTV - Camera Control Television System","0001",,"Avtech  / AVM428A",,"Unit","5766000","Pembelian","2015-12-31","DISKOMINSA","Intra","PSITT/BA: 07/11/BA-PP/2015(IP Camera)","0","RB","2026-01-04",,NULL
"1.3.2.05.01.05.002","CCTV - Camera Control Television System","0001",,"Avtech  / AVM428A",,"Unit","5766000","Pembelian","2015-12-31","DISKOMINSA","Intra","PSITT/BA: 07/11/BA-PP/2015(IP Camera)","0","RB","2026-01-04",,NULL
"1.3.2.05.01.05.002","CCTV - Camera Control Television System","0001",,"Avtech  / AVM428A",,"Unit","5766000","Pembelian","2015-12-31","DISKOMINSA","Intra","PSITT/BA: 07/11/BA-PP/2015(IP Camera)","0","RB","2026-01-04",,NULL
"1.3.2.05.01.05.002","CCTV - Camera Control Television System","0001",,"Avtech  / AVM428A",,"Unit","5766000","Pembelian","2015-12-31","DISKOMINSA","Intra","PSITT/BA: 07/11/BA-PP/2015(IP Camera)","0","RB","2026-01-04",,NULL
"1.3.2.05.01.05.002","CCTV - Camera Control Television System","0001",,"Avtech  / AVM428A",,"Unit","5766000","Pembelian","2015-12-31","DISKOMINSA","Intra","PSITT/BA: 07/11/BA-PP/2015(IP Camera)","0","RB","2026-01-04",,NULL
"1.3.2.05.01.05.002","CCTV - Camera Control Television System","0001",,"Avtech  / AVM428A",,"Unit","5766000","Pembelian","2015-12-31","DISKOMINSA","Intra","PSITT/BA: 07/11/BA-PP/2015(IP Camera)","0","RB","2026-01-04",,NULL
"1.3.2.05.01.05.002","CCTV - Camera Control Television System","0001",,"Avtech  / AVM428A",,"Unit","5766000","Pembelian","2015-12-31","DISKOMINSA","Intra","PSITT/BA: 07/11/BA-PP/2015(IP Camera)","0","RB","2026-01-04",,NULL
"1.3.2.05.01.05.002","CCTV - Camera Control Television System","0001",,"Avtech  / AVM428A",,"Unit","5766000","Pembelian","2015-12-31","DISKOMINSA","Intra","PSITT/BA: 07/11/BA-PP/2015(IP Camera)","0","RB","2026-01-04",,NULL
"1.3.2.05.01.05.002","CCTV - Camera Control Television System","0001",,"Avtech  / AVM428A",,"Unit","5766000","Pembelian","2015-12-31","DISKOMINSA","Intra","PSITT/BA: 07/11/BA-PP/2015(IP Camera)","0","RB","2026-01-04",,NULL
"1.3.2.05.01.05.002","CCTV - Camera Control Television System","0001",,"Avtech  / AVM428A",,"Unit","5766000","Pembelian","2015-12-31","DISKOMINSA","Intra","PSITT/BA: 07/11/BA-PP/2015(IP Camera)","0","RB","2026-01-04",,NULL
"1.3.2.05.01.05.002","CCTV - Camera Control Television System","0001",,"Avtech  / AVM428A",,"Unit","5766000","Pembelian","2015-12-31","DISKOMINSA","Intra","PSITT/BA: 07/11/BA-PP/2015(IP Camera)","0","RB","2026-01-04",,NULL
"1.3.2.05.01.05.002","CCTV - Camera Control Television System","0001",,"Avtech  / AVM428A",,"Unit","5766000","Pembelian","2015-12-31","DISKOMINSA","Intra","PSITT/BA: 07/11/BA-PP/2015(IP Camera)","0","RB","2026-01-04",,NULL
"1.3.2.05.01.05.002","CCTV - Camera Control Television System","0001",,"Avtech  / AVM428A",,"Unit","5766000","Pembelian","2015-12-31","DISKOMINSA","Intra","PSITT/BA: 07/11/BA-PP/2015(IP Camera)","0","RB","2026-01-04",,NULL
"1.3.2.05.01.05.002","CCTV - Camera Control Television System","0001",,"Avtech  / AVM428A",,"Unit","5766000","Pembelian","2015-12-31","DISKOMINSA","Intra","PSITT/BA: 07/11/BA-PP/2015(IP Camera)","0","RB","2026-01-04",,NULL
"1.3.2.05.01.05.002","CCTV - Camera Control Television System","0001",,"Avtech  / AVM428A",,"Unit","5766000","Pembelian","2015-12-31","DISKOMINSA","Intra","PSITT/BA: 07/11/BA-PP/2015(IP Camera)","0","RB","2026-01-04",,NULL
"1.3.2.05.01.05.002","CCTV - Camera Control Television System","0001",,"Avtech  / AVM428A",,"Unit","5766000","Pembelian","2015-12-31","DISKOMINSA","Intra","PSITT/BA: 07/11/BA-PP/2015(IP Camera)","0","RB","2026-01-04",,NULL
"1.3.2.05.01.05.002","CCTV - Camera Control Television System","0001",,"Avtech  / AVM428A",,"Unit","5766000","Pembelian","2015-12-31","DISKOMINSA","Intra","PSITT/BA: 07/11/BA-PP/2015(IP Camera)","0","RB","2026-01-04",,NULL
"1.3.2.05.01.05.002","CCTV - Camera Control Television System","0001",,"Avtech  / AVM428A",,"Unit","5766000","Pembelian","2015-12-31","DISKOMINSA","Intra","PSITT/BA: 07/11/BA-PP/2015(IP Camera)","0","RB","2026-01-04",,NULL
"1.3.2.05.01.05.002","CCTV - Camera Control Television System","0001",,"Avtech  / AVM428A",,"Unit","5766000","Pembelian","2015-12-31","DISKOMINSA","Intra","PSITT/BA: 07/11/BA-PP/2015(IP Camera)","0","RB","2026-01-04",,NULL
"1.3.2.05.01.05.002","CCTV - Camera Control Television System","0001",,"Avtech  / AVM428A",,"Unit","5766000","Pembelian","2015-12-31","DISKOMINSA","Intra","PSITT/BA: 07/11/BA-PP/2015(IP Camera)","0","RB","2026-01-04",,NULL
"1.3.2.05.01.05.002","CCTV - Camera Control Television System","0001",,"Avtech  / AVM428A",,"Unit","5766000","Pembelian","2015-12-31","DISKOMINSA","Intra","PSITT/BA: 07/11/BA-PP/2015(IP Camera)","0","RB","2026-01-04",,NULL
"1.3.2.05.01.05.002","CCTV - Camera Control Television System","0001",,"Avtech  / AVM428A",,"Unit","5766000","Pembelian","2015-12-31","DISKOMINSA","Intra","PSITT/BA: 07/11/BA-PP/2015(IP Camera)","0","RB","2026-01-04",,NULL
"1.3.2.05.01.05.002","CCTV - Camera Control Television System","0001",,"Avtech  / AVM428A",,"Unit","5766000","Pembelian","2015-12-31","DISKOMINSA","Intra","PSITT/BA: 07/11/BA-PP/2015(IP Camera)","0","RB","2026-01-04",,NULL
"1.3.2.05.01.05.002","CCTV - Camera Control Television System","0001",,"Avtech  / AVM428A",,"Unit","5766000","Pembelian","2015-12-31","DISKOMINSA","Intra","PSITT/BA: 07/11/BA-PP/2015(IP Camera)","0","RB","2026-01-04",,NULL
"1.3.2.05.01.05.002","CCTV - Camera Control Television System","0001",,"Avtech  / AVM428A",,"Unit","5766000","Pembelian","2015-12-31","DISKOMINSA","Intra","PSITT/BA: 07/11/BA-PP/2015(IP Camera)","0","RB","2026-01-04",,NULL
"1.3.2.05.01.05.002","CCTV - Camera Control Television System","0001",,"Avtech  / AVM428A",,"Unit","5766000","Pembelian","2015-12-31","DISKOMINSA","Intra","PSITT/BA: 07/11/BA-PP/2015(IP Camera)","0","RB","2026-01-04",,NULL
"1.3.2.05.01.05.002","CCTV - Camera Control Television System","0001",,"Avtech  / AVM428A",,"Unit","5766000","Pembelian","2015-12-31","DISKOMINSA","Intra","PSITT/BA: 07/11/BA-PP/2015(IP Camera)","0","RB","2026-01-04",,NULL
"1.3.2.05.01.05.002","CCTV - Camera Control Television System","0001",,"Avtech  / AVM428A",,"Unit","5766000","Pembelian","2015-12-31","DISKOMINSA","Intra","PSITT/BA: 07/11/BA-PP/2015(IP Camera)","0","RB","2026-01-04",,NULL
"1.3.2.05.01.05.002","CCTV - Camera Control Television System","0001",,"Avtech  / AVM428A",,"Unit","5766000","Pembelian","2015-12-31","DISKOMINSA","Intra","PSITT/BA: 07/11/BA-PP/2015(IP Camera)","0","RB","2026-01-04",,NULL
"1.3.2.05.01.05.002","CCTV - Camera Control Television System","0001",,"Avtech  / AVM428A",,"Unit","5766000","Pembelian","2015-12-31","DISKOMINSA","Intra","PSITT/BA: 07/11/BA-PP/2015(IP Camera)","0","RB","2026-01-04",,NULL
"1.3.2.05.01.05.002","CCTV - Camera Control Television System","0001",,"Avtech  / AVM428A",,"Unit","5766000","Pembelian","2015-12-31","DISKOMINSA","Intra","PSITT/BA: 07/11/BA-PP/2015(IP Camera)","0","RB","2026-01-04",,NULL
"1.3.2.05.01.05.002","CCTV - Camera Control Television System","0001",,"Avtech  / AVM428A",,"Unit","5766000","Pembelian","2015-12-31","DISKOMINSA","Intra","PSITT/BA: 07/11/BA-PP/2015(IP Camera)","0","RB","2026-01-04",,NULL
"1.3.2.05.01.05.002","CCTV - Camera Control Television System","0001",,"Avtech  / AVM428A",,"Unit","5766000","Pembelian","2015-12-31","DISKOMINSA","Intra","PSITT/BA: 07/11/BA-PP/2015(IP Camera)","0","RB","2026-01-04",,NULL
"1.3.2.05.01.05.002","CCTV - Camera Control Television System","0001",,"Avtech  / AVM428A",,"Unit","5766000","Pembelian","2015-12-31","DISKOMINSA","Intra","PSITT/BA: 07/11/BA-PP/2015(IP Camera)","0","RB","2026-01-04",,NULL
"1.3.2.05.01.05.002","CCTV - Camera Control Television System","0001",,"Avtech  / AVM428A",,"Unit","5766000","Pembelian","2015-12-31","DISKOMINSA","Intra","PSITT/BA: 07/11/BA-PP/2015(IP Camera)","0","RB","2026-01-04",,NULL
"1.3.2.05.01.05.002","CCTV - Camera Control Television System","0001",,"Avtech  / AVM428A",,"Unit","5766000","Pembelian","2015-12-31","DISKOMINSA","Intra","PSITT/BA: 07/11/BA-PP/2015(IP Camera)","0","RB","2026-01-04",,NULL
"1.3.2.05.01.05.002","CCTV - Camera Control Television System","0001",,"Avtech  / AVM428A",,"Unit","5766000","Pembelian","2015-12-31","DISKOMINSA","Intra","PSITT/BA: 07/11/BA-PP/2015(IP Camera)","0","RB","2026-01-04",,NULL
"1.3.2.05.01.05.002","CCTV - Camera Control Television System","0001",,"Avtech  / AVM428A",,"Unit","5766000","Pembelian","2015-12-31","DISKOMINSA","Intra","PSITT/BA: 07/11/BA-PP/2015(IP Camera)","0","RB","2026-01-04",,NULL
"1.3.2.05.01.05.002","CCTV - Camera Control Television System","0001",,"Avtech  / AVM428A",,"Unit","5766000","Pembelian","2015-12-31","DISKOMINSA","Intra","PSITT/BA: 07/11/BA-PP/2015(IP Camera)","0","RB","2026-01-04",,NULL
"1.3.2.05.01.05.002","CCTV - Camera Control Television System","0001",,"Avtech  / AVM428A",,"Unit","5766000","Pembelian","2015-12-31","DISKOMINSA","Intra","PSITT/BA: 07/11/BA-PP/2015(IP Camera)","0","RB","2026-01-04",,NULL
"1.3.2.05.01.05.002","CCTV - Camera Control Television System","0001",,"Avtech  / AVM428A",,"Unit","5766000","Pembelian","2015-12-31","DISKOMINSA","Intra","PSITT/BA: 07/11/BA-PP/2015(IP Camera)","0","RB","2026-01-04",,NULL
"1.3.2.05.01.05.002","CCTV - Camera Control Television System","0001",,"Avtech  / AVM428A",,"Unit","5766000","Pembelian","2015-12-31","DISKOMINSA","Intra","PSITT/BA: 07/11/BA-PP/2015(IP Camera)","0","RB","2026-01-04",,NULL
"1.3.2.05.01.05.002","CCTV - Camera Control Television System","0001",,"Avtech  / AVM428A",,"Unit","5766000","Pembelian","2015-12-31","DISKOMINSA","Intra","PSITT/BA: 07/11/BA-PP/2015(IP Camera)","0","RB","2026-01-04",,NULL
"1.3.2.05.01.05.002","CCTV - Camera Control Television System","0001",,"Avtech  / AVM428A",,"Unit","5766000","Pembelian","2015-12-31","DISKOMINSA","Intra","PSITT/BA: 07/11/BA-PP/2015(IP Camera)","0","RB","2026-01-04",,NULL
"1.3.2.05.01.05.002","CCTV - Camera Control Television System","0001",,"Avtech  / AVM428A",,"Unit","5766000","Pembelian","2015-12-31","DISKOMINSA","Intra","PSITT/BA: 07/11/BA-PP/2015(IP Camera)","0","RB","2026-01-04",,NULL
"1.3.2.05.01.05.002","CCTV - Camera Control Television System","0001",,"Avtech  / AVM428A",,"Unit","5766000","Pembelian","2015-12-31","DISKOMINSA","Intra","PSITT/BA: 07/11/BA-PP/2015(IP Camera)","0","RB","2026-01-04",,NULL
"1.3.2.05.01.05.002","CCTV - Camera Control Television System","0001",,"Avtech  / AVM428A",,"Unit","5766000","Pembelian","2015-12-31","DISKOMINSA","Intra","PSITT/BA: 07/11/BA-PP/2015(IP Camera)","0","RB","2026-01-04",,NULL
"1.3.2.05.01.05.002","CCTV - Camera Control Television System","0001",,"Avtech  / AVM428A",,"Unit","5766000","Pembelian","2015-12-31","DISKOMINSA","Intra","PSITT/BA: 07/11/BA-PP/2015(IP Camera)","0","RB","2026-01-04",,NULL
"1.3.2.05.01.05.002","CCTV - Camera Control Television System","0001",,"Avtech  / AVM428A",,"Unit","5766000","Pembelian","2015-12-31","DISKOMINSA","Intra","PSITT/BA: 07/11/BA-PP/2015(IP Camera)","0","RB","2026-01-04",,NULL
"1.3.2.05.01.05.002","CCTV - Camera Control Television System","0001",,"Avtech  / AVM428A",,"Unit","5766000","Pembelian","2015-12-31","DISKOMINSA","Intra","PSITT/BA: 07/11/BA-PP/2015(IP Camera)","0","RB","2026-01-04",,NULL
"1.3.2.05.01.05.002","CCTV - Camera Control Television System","0001",,"Avtech  / AVM428A",,"Unit","5766000","Pembelian","2015-12-31","DISKOMINSA","Intra","PSITT/BA: 07/11/BA-PP/2015(IP Camera)","0","RB","2026-01-04",,NULL
"1.3.2.05.01.05.002","CCTV - Camera Control Television System","0001",,"Avtech  / AVM428A",,"Unit","5766000","Pembelian","2015-12-31","DISKOMINSA","Intra","PSITT/BA: 07/11/BA-PP/2015(IP Camera)","0","RB","2026-01-04",,NULL
"1.3.2.05.01.05.002","CCTV - Camera Control Television System","0001",,"Avtech  / AVM428A",,"Unit","5766000","Pembelian","2015-12-31","DISKOMINSA","Intra","PSITT/BA: 07/11/BA-PP/2015(IP Camera)","0","RB","2026-01-04",,NULL
"1.3.2.05.01.05.002","CCTV - Camera Control Television System","0001",,"Avtech  / AVM428A",,"Unit","5766000","Pembelian","2015-12-31","DISKOMINSA","Intra","PSITT/BA: 07/11/BA-PP/2015(IP Camera)","0","RB","2026-01-04",,NULL
"1.3.2.05.01.05.002","CCTV - Camera Control Television System","0001",,"Avtech  / AVM428A",,"Unit","5766000","Pembelian","2015-12-31","DISKOMINSA","Intra","PSITT/BA: 07/11/BA-PP/2015(IP Camera)","0","RB","2026-01-04",,NULL
"1.3.2.05.01.05.002","CCTV - Camera Control Television System","0001",,"Avtech  / AVM428A",,"Unit","5766000","Pembelian","2015-12-31","DISKOMINSA","Intra","PSITT/BA: 07/11/BA-PP/2015(IP Camera)","0","RB","2026-01-04",,NULL
"1.3.2.05.01.05.002","CCTV - Camera Control Television System","0001",,"Avtech  / AVM428A",,"Unit","5766000","Pembelian","2015-12-31","DISKOMINSA","Intra","PSITT/BA: 07/11/BA-PP/2015(IP Camera)","0","RB","2026-01-04",,NULL
"1.3.2.05.01.05.002","CCTV - Camera Control Television System","0001",,"Avtech  / AVM428A",,"Unit","5766000","Pembelian","2015-12-31","DISKOMINSA","Intra","PSITT/BA: 07/11/BA-PP/2015(IP Camera)","0","RB","2026-01-04",,NULL
"1.3.2.05.01.05.002","CCTV - Camera Control Television System","0001",,"Avtech  / AVM428A",,"Unit","5766000","Pembelian","2015-12-31","DISKOMINSA","Intra","PSITT/BA: 07/11/BA-PP/2015(IP Camera)","0","RB","2026-01-04",,NULL
"1.3.2.05.01.05.002","CCTV - Camera Control Television System","0001",,"Avtech  / AVM428A",,"Unit","5766000","Pembelian","2015-12-31","DISKOMINSA","Intra","PSITT/BA: 07/11/BA-PP/2015(IP Camera)","0","RB","2026-01-04",,NULL
"1.3.2.05.01.05.091","Alat Penyimpan Rekaman CCTV/ Digital Video Recorder (DVR)","0101",,"NVR",,"Unit","19250000","Pembelian","2015-12-31","DISKOMINSA","Intra","PSITT (E-KINERJA ) : Network Video Recorder + HDD 2 Unit Rp.5.500.000 (Kapitalisasi 2022)","0",,"0000-00-00",,NULL
"1.3.2.05.01.05.091","Alat Penyimpan Rekaman CCTV/ Digital Video Recorder (DVR)","0102",,"NVR",,"Unit","19250000","Pembelian","2015-12-31","DISKOMINSA","Intra","PSITT (E-KINERJA ) : Network Video Recorder + HDD 2 Unit Rp.5.500.000 (Kapitalisasi 2022)","0",,"0000-00-00",,NULL
"1.3.2.05.01.05.091","Alat Penyimpan Rekaman CCTV/ Digital Video Recorder (DVR)","0103",,"NVR",,"Unit","19250000","Pembelian","2015-12-31","DISKOMINSA","Intra","PSITT (E-KINERJA ) : Network Video Recorder + HDD 2 Unit Rp.5.500.000 (Kapitalisasi 2022)","0",,"0000-00-00",,NULL
"1.3.2.05.01.05.091","Alat Penyimpan Rekaman CCTV/ Digital Video Recorder (DVR)","0104",,"NVR",,"Unit","19250000","Pembelian","2015-12-31","DISKOMINSA","Intra","PSITT (E-KINERJA ) : Network Video Recorder + HDD 2 Unit Rp.5.500.000 (Kapitalisasi 2022)","0",,"0000-00-00",,NULL
"1.3.2.05.01.05.091","Alat Penyimpan Rekaman CCTV/ Digital Video Recorder (DVR)","0105",,"NVR",,"Unit","19250000","Pembelian","2015-12-31","DISKOMINSA","Intra","PSITT (E-KINERJA ) : Network Video Recorder + HDD 2 Unit Rp.5.500.000 (Kapitalisasi 2022)","0",,"0000-00-00",,NULL
"1.3.2.05.01.05.091","Alat Penyimpan Rekaman CCTV/ Digital Video Recorder (DVR)","0106",,"NVR",,"Unit","19250000","Pembelian","2015-12-31","DISKOMINSA","Intra","PSITT (E-KINERJA ) : Network Video Recorder + HDD 2 Unit Rp.5.500.000 (Kapitalisasi 2022)","0",,"0000-00-00",,NULL
"1.3.2.05.01.05.091","Alat Penyimpan Rekaman CCTV/ Digital Video Recorder (DVR)","0107",,"NVR",,"Unit","19250000","Pembelian","2015-12-31","DISKOMINSA","Intra","PSITT (E-KINERJA ) : Network Video Recorder + HDD 2 Unit Rp.5.500.000 (Kapitalisasi 2022)","0",,"0000-00-00",,NULL
"1.3.2.05.01.05.091","Alat Penyimpan Rekaman CCTV/ Digital Video Recorder (DVR)","0108",,"NVR",,"Unit","19250000","Pembelian","2015-12-31","DISKOMINSA","Intra","PSITT (E-KINERJA ) : Network Video Recorder + HDD 2 Unit Rp.5.500.000 (Kapitalisasi 2022)","0",,"0000-00-00",,NULL
"1.3.2.05.01.05.091","Alat Penyimpan Rekaman CCTV/ Digital Video Recorder (DVR)","0109",,"NVR",,"Unit","19250000","Pembelian","2015-12-31","DISKOMINSA","Intra","PSITT (E-KINERJA ) : Network Video Recorder + HDD 2 Unit Rp.5.500.000 (Kapitalisasi 2022)","0",,"0000-00-00",,NULL
"1.3.2.05.01.05.091","Alat Penyimpan Rekaman CCTV/ Digital Video Recorder (DVR)","0110",,"NVR",,"Unit","19250000","Pembelian","2015-12-31","DISKOMINSA","Intra","PSITT (E-KINERJA ) : Network Video Recorder + HDD 2 Unit Rp.5.500.000 (Kapitalisasi 2022)","0",,"0000-00-00",,NULL
"1.3.2.05.01.05.091","Alat Penyimpan Rekaman CCTV/ Digital Video Recorder (DVR)","0111",,"NVR",,"Unit","19250000","Pembelian","2015-12-31","DISKOMINSA","Intra","PSITT (E-KINERJA ) : Network Video Recorder + HDD 2 Unit Rp.5.500.000 (Kapitalisasi 2022)","0",,"0000-00-00",,NULL
"1.3.2.05.01.05.091","Alat Penyimpan Rekaman CCTV/ Digital Video Recorder (DVR)","0112",,"NVR",,"Unit","19250000","Pembelian","2015-12-31","DISKOMINSA","Intra","PSITT (E-KINERJA ) : Network Video Recorder + HDD 2 Unit Rp.5.500.000 (Kapitalisasi 2022)","0",,"0000-00-00",,NULL
"1.3.2.05.01.05.091","Alat Penyimpan Rekaman CCTV/ Digital Video Recorder (DVR)","0113",,"NVR",,"Unit","19250000","Pembelian","2015-12-31","DISKOMINSA","Intra","PSITT (E-KINERJA ) : Network Video Recorder + HDD 2 Unit Rp.5.500.000 (Kapitalisasi 2022)","0",,"0000-00-00",,NULL
"1.3.2.05.01.05.091","Alat Penyimpan Rekaman CCTV/ Digital Video Recorder (DVR)","0114",,"NVR",,"Unit","19250000","Pembelian","2015-12-31","DISKOMINSA","Intra","PSITT (E-KINERJA ) : Network Video Recorder + HDD 2 Unit Rp.5.500.000 (Kapitalisasi 2022)","0",,"0000-00-00",,NULL
"1.3.2.05.01.05.091","Alat Penyimpan Rekaman CCTV/ Digital Video Recorder (DVR)","0115",,"NVR",,"Unit","19250000","Pembelian","2015-12-31","DISKOMINSA","Intra","PSITT (E-KINERJA ) : Network Video Recorder + HDD 2 Unit Rp.5.500.000 (Kapitalisasi 2022)","0",,"0000-00-00",,NULL
"1.3.2.05.01.05.091","Alat Penyimpan Rekaman CCTV/ Digital Video Recorder (DVR)","0116",,"NVR",,"Unit","19250000","Pembelian","2015-12-31","DISKOMINSA","Intra","PSITT (E-KINERJA ) : Network Video Recorder + HDD 2 Unit Rp.5.500.000 (Kapitalisasi 2022)","0",,"0000-00-00",,NULL
"1.3.2.05.01.05.091","Alat Penyimpan Rekaman CCTV/ Digital Video Recorder (DVR)","0117",,"NVR",,"Unit","19250000","Pembelian","2015-12-31","DISKOMINSA","Intra","PSITT (E-KINERJA ) : Network Video Recorder + HDD 2 Unit Rp.5.500.000 (Kapitalisasi 2022)","0",,"0000-00-00",,NULL
"1.3.2.05.01.05.091","Alat Penyimpan Rekaman CCTV/ Digital Video Recorder (DVR)","0118",,"NVR",,"Unit","19250000","Pembelian","2015-12-31","DISKOMINSA","Intra","PSITT (E-KINERJA ) : Network Video Recorder + HDD 2 Unit Rp.5.500.000 (Kapitalisasi 2022)","0",,"0000-00-00",,NULL
"1.3.2.05.01.05.091","Alat Penyimpan Rekaman CCTV/ Digital Video Recorder (DVR)","0119",,"NVR",,"Unit","19250000","Pembelian","2015-12-31","DISKOMINSA","Intra","PSITT (E-KINERJA ) : Network Video Recorder + HDD 2 Unit Rp.5.500.000 (Kapitalisasi 2022)","0",,"0000-00-00",,NULL
"1.3.2.05.01.05.091","Alat Penyimpan Rekaman CCTV/ Digital Video Recorder (DVR)","0120",,"NVR",,"Unit","19250000","Pembelian","2015-12-31","DISKOMINSA","Intra","PSITT (E-KINERJA ) : Network Video Recorder + HDD 2 Unit Rp.5.500.000 (Kapitalisasi 2022)","0",,"0000-00-00",,NULL
"1.3.2.05.01.05.091","Alat Penyimpan Rekaman CCTV/ Digital Video Recorder (DVR)","0121",,"NVR",,"Unit","19250000","Pembelian","2015-12-31","DISKOMINSA","Intra","PSITT (E-KINERJA ) : Network Video Recorder + HDD 2 Unit Rp.5.500.000 (Kapitalisasi 2022)","0",,"0000-00-00",,NULL
"1.3.2.05.01.05.091","Alat Penyimpan Rekaman CCTV/ Digital Video Recorder (DVR)","0122",,"NVR",,"Unit","19250000","Pembelian","2015-12-31","DISKOMINSA","Intra","PSITT (E-KINERJA ) : Network Video Recorder + HDD 2 Unit Rp.5.500.000 (Kapitalisasi 2022)","0",,"0000-00-00",,NULL
"1.3.2.05.01.05.091","Alat Penyimpan Rekaman CCTV/ Digital Video Recorder (DVR)","0123",,"NVR",,"Unit","19250000","Pembelian","2015-12-31","DISKOMINSA","Intra","PSITT (E-KINERJA ) : Network Video Recorder + HDD 2 Unit Rp.5.500.000 (Kapitalisasi 2022)","0",,"0000-00-00",,NULL
"1.3.2.05.01.05.091","Alat Penyimpan Rekaman CCTV/ Digital Video Recorder (DVR)","0124",,"NVR",,"Unit","19250000","Pembelian","2015-12-31","DISKOMINSA","Intra","PSITT (E-KINERJA ) : Network Video Recorder + HDD 2 Unit Rp.5.500.000 (Kapitalisasi 2022)","0",,"0000-00-00",,NULL
"1.3.2.05.01.05.091","Alat Penyimpan Rekaman CCTV/ Digital Video Recorder (DVR)","0125",,"NVR",,"Unit","19250000","Pembelian","2015-12-31","DISKOMINSA","Intra","PSITT (E-KINERJA ) : Network Video Recorder + HDD 2 Unit Rp.5.500.000 (Kapitalisasi 2022)","0",,"0000-00-00",,NULL
"1.3.2.05.01.05.091","Alat Penyimpan Rekaman CCTV/ Digital Video Recorder (DVR)","0126",,"NVR",,"Unit","19250000","Pembelian","2015-12-31","DISKOMINSA","Intra","PSITT (E-KINERJA ) : Network Video Recorder + HDD 2 Unit Rp.5.500.000 (Kapitalisasi 2022)","0",,"0000-00-00",,NULL
"1.3.2.05.01.05.091","Alat Penyimpan Rekaman CCTV/ Digital Video Recorder (DVR)","0127",,"NVR",,"Unit","19250000","Pembelian","2015-12-31","DISKOMINSA","Intra","PSITT (E-KINERJA ) : Network Video Recorder + HDD 2 Unit Rp.5.500.000 (Kapitalisasi 2022)","0",,"0000-00-00",,NULL
"1.3.2.05.01.05.091","Alat Penyimpan Rekaman CCTV/ Digital Video Recorder (DVR)","0128",,"NVR",,"Unit","19250000","Pembelian","2015-12-31","DISKOMINSA","Intra","PSITT (E-KINERJA ) : Network Video Recorder + HDD 2 Unit Rp.5.500.000 (Kapitalisasi 2022)","0",,"0000-00-00",,NULL
"1.3.2.05.01.05.091","Alat Penyimpan Rekaman CCTV/ Digital Video Recorder (DVR)","0129",,"NVR",,"Unit","19250000","Pembelian","2015-12-31","DISKOMINSA","Intra","PSITT (E-KINERJA ) : Network Video Recorder + HDD 2 Unit Rp.5.500.000 (Kapitalisasi 2022)","0",,"0000-00-00",,NULL
"1.3.2.05.01.05.091","Alat Penyimpan Rekaman CCTV/ Digital Video Recorder (DVR)","0130",,"NVR",,"Unit","19250000","Pembelian","2015-12-31","DISKOMINSA","Intra","PSITT (E-KINERJA ) : Network Video Recorder + HDD 2 Unit Rp.5.500.000 (Kapitalisasi 2022)","0",,"0000-00-00",,NULL
"1.3.2.05.01.05.091","Alat Penyimpan Rekaman CCTV/ Digital Video Recorder (DVR)","0131",,"NVR",,"Unit","19250000","Pembelian","2015-12-31","DISKOMINSA","Intra","PSITT (E-KINERJA ) : Network Video Recorder + HDD 2 Unit Rp.5.500.000 (Kapitalisasi 2022)","0",,"0000-00-00",,NULL
"1.3.2.05.01.05.091","Alat Penyimpan Rekaman CCTV/ Digital Video Recorder (DVR)","0132",,"NVR",,"Unit","19250000","Pembelian","2015-12-31","DISKOMINSA","Intra","PSITT (E-KINERJA ) : Network Video Recorder + HDD 2 Unit Rp.5.500.000 (Kapitalisasi 2022)","0",,"0000-00-00",,NULL
"1.3.2.05.01.05.091","Alat Penyimpan Rekaman CCTV/ Digital Video Recorder (DVR)","0133",,"NVR",,"Unit","19250000","Pembelian","2015-12-31","DISKOMINSA","Intra","PSITT (E-KINERJA ) : Network Video Recorder + HDD 2 Unit Rp.5.500.000 (Kapitalisasi 2022)","0",,"0000-00-00",,NULL
"1.3.2.05.01.05.091","Alat Penyimpan Rekaman CCTV/ Digital Video Recorder (DVR)","0134",,"NVR",,"Unit","19250000","Pembelian","2015-12-31","DISKOMINSA","Intra","PSITT (E-KINERJA ) : Network Video Recorder + HDD 2 Unit Rp.5.500.000 (Kapitalisasi 2022)","0",,"0000-00-00",,NULL
"1.3.2.05.01.05.091","Alat Penyimpan Rekaman CCTV/ Digital Video Recorder (DVR)","0135",,"NVR",,"Unit","19250000","Pembelian","2015-12-31","DISKOMINSA","Intra","PSITT (E-KINERJA ) : Network Video Recorder + HDD 2 Unit Rp.5.500.000 (Kapitalisasi 2022)","0",,"0000-00-00",,NULL
"1.3.2.05.01.05.091","Alat Penyimpan Rekaman CCTV/ Digital Video Recorder (DVR)","0136",,"NVR",,"Unit","19250000","Pembelian","2015-12-31","DISKOMINSA","Intra","PSITT (E-KINERJA ) : Network Video Recorder + HDD 2 Unit Rp.5.500.000 (Kapitalisasi 2022)","0",,"0000-00-00",,NULL
"1.3.2.05.01.05.091","Alat Penyimpan Rekaman CCTV/ Digital Video Recorder (DVR)","0137",,"NVR",,"Unit","19250000","Pembelian","2015-12-31","DISKOMINSA","Intra","PSITT (E-KINERJA ) : Network Video Recorder + HDD 2 Unit Rp.5.500.000 (Kapitalisasi 2022)","0",,"0000-00-00",,NULL
"1.3.2.05.01.05.091","Alat Penyimpan Rekaman CCTV/ Digital Video Recorder (DVR)","0138",,"NVR",,"Unit","19250000","Pembelian","2015-12-31","DISKOMINSA","Intra","PSITT (E-KINERJA ) : Network Video Recorder + HDD 2 Unit Rp.5.500.000 (Kapitalisasi 2022)","0",,"0000-00-00",,NULL
"1.3.2.05.01.05.091","Alat Penyimpan Rekaman CCTV/ Digital Video Recorder (DVR)","0139",,"NVR",,"Unit","19250000","Pembelian","2015-12-31","DISKOMINSA","Intra","PSITT (E-KINERJA ) : Network Video Recorder + HDD 2 Unit Rp.5.500.000 (Kapitalisasi 2022)","0",,"0000-00-00",,NULL
"1.3.2.05.01.05.091","Alat Penyimpan Rekaman CCTV/ Digital Video Recorder (DVR)","0140",,"NVR",,"Unit","19250000","Pembelian","2015-12-31","DISKOMINSA","Intra","PSITT (E-KINERJA ) : Network Video Recorder + HDD 2 Unit Rp.5.500.000 (Kapitalisasi 2022)","0",,"0000-00-00",,NULL
"1.3.2.05.01.05.091","Alat Penyimpan Rekaman CCTV/ Digital Video Recorder (DVR)","0141",,"NVR",,"Unit","19250000","Pembelian","2015-12-31","DISKOMINSA","Intra","PSITT (E-KINERJA ) : Network Video Recorder + HDD 2 Unit Rp.5.500.000 (Kapitalisasi 2022)","0",,"0000-00-00",,NULL
"1.3.2.05.01.05.091","Alat Penyimpan Rekaman CCTV/ Digital Video Recorder (DVR)","0142",,"NVR",,"Unit","19250000","Pembelian","2015-12-31","DISKOMINSA","Intra","PSITT (E-KINERJA ) : Network Video Recorder + HDD 2 Unit Rp.5.500.000 (Kapitalisasi 2022)","0",,"0000-00-00",,NULL
"1.3.2.05.01.05.091","Alat Penyimpan Rekaman CCTV/ Digital Video Recorder (DVR)","0143",,"NVR",,"Unit","19250000","Pembelian","2015-12-31","DISKOMINSA","Intra","PSITT (E-KINERJA ) : Network Video Recorder + HDD 2 Unit Rp.5.500.000 (Kapitalisasi 2022)","0",,"0000-00-00",,NULL
"1.3.2.05.01.05.091","Alat Penyimpan Rekaman CCTV/ Digital Video Recorder (DVR)","0144",,"NVR",,"Unit","19250000","Pembelian","2015-12-31","DISKOMINSA","Intra","PSITT (E-KINERJA ) : Network Video Recorder + HDD 2 Unit Rp.5.500.000 (Kapitalisasi 2022)","0",,"0000-00-00",,NULL
"1.3.2.05.01.05.091","Alat Penyimpan Rekaman CCTV/ Digital Video Recorder (DVR)","0145",,"NVR",,"Unit","19250000","Pembelian","2015-12-31","DISKOMINSA","Intra","PSITT (E-KINERJA ) : Network Video Recorder + HDD 2 Unit Rp.5.500.000 (Kapitalisasi 2022)","0",,"0000-00-00",,NULL
"1.3.2.05.01.05.091","Alat Penyimpan Rekaman CCTV/ Digital Video Recorder (DVR)","0146",,"NVR",,"Unit","19250000","Pembelian","2015-12-31","DISKOMINSA","Intra","PSITT (E-KINERJA ) : Network Video Recorder + HDD 2 Unit Rp.5.500.000 (Kapitalisasi 2022)","0",,"0000-00-00",,NULL
"1.3.2.05.01.05.091","Alat Penyimpan Rekaman CCTV/ Digital Video Recorder (DVR)","0147",,"NVR",,"Unit","19250000","Pembelian","2015-12-31","DISKOMINSA","Intra","PSITT (E-KINERJA ) : Network Video Recorder + HDD 2 Unit Rp.5.500.000 (Kapitalisasi 2022)","0",,"0000-00-00",,NULL
"1.3.2.05.01.05.091","Alat Penyimpan Rekaman CCTV/ Digital Video Recorder (DVR)","0148",,"NVR",,"Unit","19250000","Pembelian","2015-12-31","DISKOMINSA","Intra","PSITT (E-KINERJA ) : Network Video Recorder + HDD 2 Unit Rp.5.500.000 (Kapitalisasi 2022)","0",,"0000-00-00",,NULL
"1.3.2.05.01.05.091","Alat Penyimpan Rekaman CCTV/ Digital Video Recorder (DVR)","0149",,"NVR",,"Unit","19250000","Pembelian","2015-12-31","DISKOMINSA","Intra","PSITT (E-KINERJA ) : Network Video Recorder + HDD 2 Unit Rp.5.500.000 (Kapitalisasi 2022)","0",,"0000-00-00",,NULL
"1.3.2.05.01.05.091","Alat Penyimpan Rekaman CCTV/ Digital Video Recorder (DVR)","0150",,"NVR",,"Unit","19250000","Pembelian","2015-12-31","DISKOMINSA","Intra","PSITT (E-KINERJA ) : Network Video Recorder + HDD 2 Unit Rp.5.500.000 (Kapitalisasi 2022)","0",,"0000-00-00",,NULL
"1.3.2.05.01.05.091","Alat Penyimpan Rekaman CCTV/ Digital Video Recorder (DVR)","0151",,"NVR",,"Unit","19250000","Pembelian","2015-12-31","DISKOMINSA","Intra","PSITT (E-KINERJA ) : Network Video Recorder + HDD 2 Unit Rp.5.500.000 (Kapitalisasi 2022)","0",,"0000-00-00",,NULL
"1.3.2.05.01.05.091","Alat Penyimpan Rekaman CCTV/ Digital Video Recorder (DVR)","0152",,"NVR",,"Unit","19250000","Pembelian","2015-12-31","DISKOMINSA","Intra","PSITT (E-KINERJA ) : Network Video Recorder + HDD 2 Unit Rp.5.500.000 (Kapitalisasi 2022)","0",,"0000-00-00",,NULL
"1.3.2.05.01.05.091","Alat Penyimpan Rekaman CCTV/ Digital Video Recorder (DVR)","0153",,"NVR",,"Unit","19250000","Pembelian","2015-12-31","DISKOMINSA","Intra","PSITT (E-KINERJA ) : Network Video Recorder + HDD 2 Unit Rp.5.500.000 (Kapitalisasi 2022)","0",,"0000-00-00",,NULL
"1.3.2.05.01.05.091","Alat Penyimpan Rekaman CCTV/ Digital Video Recorder (DVR)","0154",,"NVR",,"Unit","19250000","Pembelian","2015-12-31","DISKOMINSA","Intra","PSITT (E-KINERJA ) : Network Video Recorder + HDD 2 Unit Rp.5.500.000 (Kapitalisasi 2022)","0",,"0000-00-00",,NULL
"1.3.2.05.01.05.091","Alat Penyimpan Rekaman CCTV/ Digital Video Recorder (DVR)","0155",,"NVR",,"Unit","19250000","Pembelian","2015-12-31","DISKOMINSA","Intra","PSITT (E-KINERJA ) : Network Video Recorder + HDD 2 Unit Rp.5.500.000 (Kapitalisasi 2022)","0",,"0000-00-00",,NULL
"1.3.2.05.01.05.002","CCTV - Camera Control Television System","0001",,"Avtech  / AVM428A",,"Unit","5766000","Pembelian","2015-12-31","DISKOMINSA","Intra","PSITT/BA: 07/11/BA-PP/2015(IP Camera)","0","RB","2026-01-04",,NULL
"1.3.2.05.01.05.002","CCTV - Camera Control Television System","0001",,"Avtech  / AVM428A",,"Unit","5766000","Pembelian","2015-12-31","DISKOMINSA","Intra","PSITT/BA: 07/11/BA-PP/2015(IP Camera)","0","RB","2026-01-04",,NULL
"1.3.2.05.01.05.002","CCTV - Camera Control Television System","0001",,"Avtech  / AVM428A",,"Unit","5766000","Pembelian","2015-12-31","DISKOMINSA","Intra","PSITT/BA: 07/11/BA-PP/2015(IP Camera)","0","RB","2026-01-04",,NULL
"1.3.2.05.01.05.002","CCTV - Camera Control Television System","0001",,"Avtech  / AVM428A",,"Unit","5766000","Pembelian","2015-12-31","DISKOMINSA","Intra","PSITT/BA: 07/11/BA-PP/2015(IP Camera)","0","RB","2026-01-04",,NULL
"1.3.2.05.01.05.002","CCTV - Camera Control Television System","0001",,"Avtech  / AVM428A",,"Unit","5766000","Pembelian","2015-12-31","DISKOMINSA","Intra","PSITT/BA: 07/11/BA-PP/2015(IP Camera)","0","RB","2026-01-04",,NULL
"1.3.2.05.01.05.002","CCTV - Camera Control Television System","0001",,"Avtech  / AVM428A",,"Unit","5766000","Pembelian","2015-12-31","DISKOMINSA","Intra","PSITT/BA: 07/11/BA-PP/2015(IP Camera)","0","RB","2026-01-04",,NULL
"1.3.2.05.01.05.002","CCTV - Camera Control Television System","0001",,"Avtech  / AVM428A",,"Unit","5766000","Pembelian","2015-12-31","DISKOMINSA","Intra","PSITT/BA: 07/11/BA-PP/2015(IP Camera)","0","RB","2026-01-04",,NULL
"1.3.2.05.01.05.002","CCTV - Camera Control Television System","0001",,"Avtech  / AVM428A",,"Unit","5766000","Pembelian","2015-12-31","DISKOMINSA","Intra","PSITT/BA: 07/11/BA-PP/2015(IP Camera)","0","RB","2026-01-04",,NULL
"1.3.2.05.01.05.002","CCTV - Camera Control Television System","0001",,"Avtech  / AVM428A",,"Unit","5766000","Pembelian","2015-12-31","DISKOMINSA","Intra","PSITT/BA: 07/11/BA-PP/2015(IP Camera)","0","RB","2026-01-04",,NULL
"1.3.2.05.01.05.002","CCTV - Camera Control Television System","0001",,"Avtech  / AVM428A",,"Unit","5766000","Pembelian","2015-12-31","DISKOMINSA","Intra","PSITT/BA: 07/11/BA-PP/2015(IP Camera)","0","RB","2026-01-04",,NULL
"1.3.2.05.01.05.002","CCTV - Camera Control Television System","0001",,"Avtech  / AVM428A",,"Unit","5766000","Pembelian","2015-12-31","DISKOMINSA","Intra","PSITT/BA: 07/11/BA-PP/2015(IP Camera)","0","RB","2026-01-04",,NULL
"1.3.2.05.01.05.002","CCTV - Camera Control Television System","0001",,"Avtech  / AVM428A",,"Unit","5766000","Pembelian","2015-12-31","DISKOMINSA","Intra","PSITT/BA: 07/11/BA-PP/2015(IP Camera)","0","RB","2026-01-04",,NULL
"1.3.2.05.01.05.002","CCTV - Camera Control Television System","0001",,"Avtech  / AVM428A",,"Unit","5766000","Pembelian","2015-12-31","DISKOMINSA","Intra","PSITT/BA: 07/11/BA-PP/2015(IP Camera)","0","RB","2026-01-04",,NULL
"1.3.2.05.01.05.002","CCTV - Camera Control Television System","0001",,"Avtech  / AVM428A",,"Unit","5766000","Pembelian","2015-12-31","DISKOMINSA","Intra","PSITT/BA: 07/11/BA-PP/2015(IP Camera)","0","RB","2026-01-04",,NULL
"1.3.2.05.01.05.002","CCTV - Camera Control Television System","0001",,"Avtech  / AVM428A",,"Unit","5766000","Pembelian","2015-12-31","DISKOMINSA","Intra","PSITT/BA: 07/11/BA-PP/2015(IP Camera)","0","RB","2026-01-04",,NULL
"1.3.2.05.01.05.002","CCTV - Camera Control Television System","0001",,"Avtech  / AVM428A",,"Unit","5766000","Pembelian","2015-12-31","DISKOMINSA","Intra","PSITT/BA: 07/11/BA-PP/2015(IP Camera)","0","RB","2026-01-04",,NULL
"1.3.2.05.01.05.002","CCTV - Camera Control Television System","0001",,"Avtech  / AVM428A",,"Unit","5766000","Pembelian","2015-12-31","DISKOMINSA","Intra","PSITT/BA: 07/11/BA-PP/2015(IP Camera)","0","RB","2026-01-04",,NULL
"1.3.2.05.01.05.002","CCTV - Camera Control Television System","0001",,"Avtech  / AVM428A",,"Unit","5766000","Pembelian","2015-12-31","DISKOMINSA","Intra","PSITT/BA: 07/11/BA-PP/2015(IP Camera)","0","RB","2026-01-04",,NULL
"1.3.2.05.01.05.002","CCTV - Camera Control Television System","0001",,"Avtech  / AVM428A",,"Unit","5766000","Pembelian","2015-12-31","DISKOMINSA","Intra","PSITT/BA: 07/11/BA-PP/2015(IP Camera)","0","RB","2026-01-04",,NULL
"1.3.2.05.01.05.002","CCTV - Camera Control Television System","0001",,"Avtech  / AVM428A",,"Unit","5766000","Pembelian","2015-12-31","DISKOMINSA","Intra","PSITT/BA: 07/11/BA-PP/2015(IP Camera)","0","RB","2026-01-04",,NULL
"1.3.2.05.01.05.002","CCTV - Camera Control Television System","0001",,"Avtech  / AVM428A",,"Unit","5766000","Pembelian","2015-12-31","DISKOMINSA","Intra","PSITT/BA: 07/11/BA-PP/2015(IP Camera)","0","RB","2026-01-04",,NULL
"1.3.2.05.01.05.002","CCTV - Camera Control Television System","0001",,"Avtech  / AVM428A",,"Unit","5766000","Pembelian","2015-12-31","DISKOMINSA","Intra","PSITT/BA: 07/11/BA-PP/2015(IP Camera)","0","RB","2026-01-04",,NULL
"1.3.2.05.01.05.002","CCTV - Camera Control Television System","0001",,"Avtech  / AVM428A",,"Unit","5766000","Pembelian","2015-12-31","DISKOMINSA","Intra","PSITT/BA: 07/11/BA-PP/2015(IP Camera)","0","RB","2026-01-04",,NULL
"1.3.2.05.01.05.002","CCTV - Camera Control Television System","0001",,"Avtech  / AVM428A",,"Unit","5766000","Pembelian","2015-12-31","DISKOMINSA","Intra","PSITT/BA: 07/11/BA-PP/2015(IP Camera)","0","RB","2026-01-04",,NULL
"1.3.2.05.01.05.002","CCTV - Camera Control Television System","0001",,"Avtech  / AVM428A",,"Unit","5766000","Pembelian","2015-12-31","DISKOMINSA","Intra","PSITT/BA: 07/11/BA-PP/2015(IP Camera)","0","RB","2026-01-04",,NULL
"1.3.2.05.01.05.002","CCTV - Camera Control Television System","0001",,"Avtech  / AVM428A",,"Unit","5766000","Pembelian","2015-12-31","DISKOMINSA","Intra","PSITT/BA: 07/11/BA-PP/2015(IP Camera)","0","RB","2026-01-04",,NULL
"1.3.2.05.01.05.002","CCTV - Camera Control Television System","0001",,"Avtech  / AVM428A",,"Unit","5766000","Pembelian","2015-12-31","DISKOMINSA","Intra","PSITT/BA: 07/11/BA-PP/2015(IP Camera)","0","RB","2026-01-04",,NULL
"1.3.2.05.01.05.002","CCTV - Camera Control Television System","0001",,"Avtech  / AVM428A",,"Unit","5766000","Pembelian","2015-12-31","DISKOMINSA","Intra","PSITT/BA: 07/11/BA-PP/2015(IP Camera)","0","RB","2026-01-04",,NULL
"1.3.2.05.01.05.002","CCTV - Camera Control Television System","0001",,"Avtech  / AVM428A",,"Unit","5766000","Pembelian","2015-12-31","DISKOMINSA","Intra","PSITT/BA: 07/11/BA-PP/2015(IP Camera)","0","RB","2026-01-04",,NULL
"1.3.2.05.01.05.002","CCTV - Camera Control Television System","0001",,"Avtech  / AVM428A",,"Unit","5766000","Pembelian","2015-12-31","DISKOMINSA","Intra","PSITT/BA: 07/11/BA-PP/2015(IP Camera)","0","RB","2026-01-04",,NULL
"1.3.2.05.01.05.002","CCTV - Camera Control Television System","0001",,"Avtech  / AVM428A",,"Unit","5766000","Pembelian","2015-12-31","DISKOMINSA","Intra","PSITT/BA: 07/11/BA-PP/2015(IP Camera)","0","RB","2026-01-04",,NULL
"1.3.2.05.01.05.002","CCTV - Camera Control Television System","0001",,"Avtech  / AVM428A",,"Unit","5766000","Pembelian","2015-12-31","DISKOMINSA","Intra","PSITT/BA: 07/11/BA-PP/2015(IP Camera)","0","RB","2026-01-04",,NULL
"1.3.2.05.01.05.002","CCTV - Camera Control Television System","0001",,"Avtech  / AVM428A",,"Unit","5766000","Pembelian","2015-12-31","DISKOMINSA","Intra","PSITT/BA: 07/11/BA-PP/2015(IP Camera)","0","RB","2026-01-04",,NULL
"1.3.2.05.01.05.002","CCTV - Camera Control Television System","0001",,"Avtech  / AVM428A",,"Unit","5766000","Pembelian","2015-12-31","DISKOMINSA","Intra","PSITT/BA: 07/11/BA-PP/2015(IP Camera)","0","RB","2026-01-04",,NULL
"1.3.2.05.01.05.002","CCTV - Camera Control Television System","0001",,"Avtech  / AVM428A",,"Unit","5766000","Pembelian","2015-12-31","DISKOMINSA","Intra","PSITT/BA: 07/11/BA-PP/2015(IP Camera)","0","RB","2026-01-04",,NULL
"1.3.2.05.01.05.002","CCTV - Camera Control Television System","0001",,"Avtech  / AVM428A",,"Unit","5766000","Pembelian","2015-12-31","DISKOMINSA","Intra","PSITT/BA: 07/11/BA-PP/2015(IP Camera)","0","RB","2026-01-04",,NULL
"1.3.2.05.01.05.002","CCTV - Camera Control Television System","0001",,"Avtech  / AVM428A",,"Unit","5766000","Pembelian","2015-12-31","DISKOMINSA","Intra","PSITT/BA: 07/11/BA-PP/2015(IP Camera)","0","RB","2026-01-04",,NULL
"1.3.2.05.01.05.002","CCTV - Camera Control Television System","0001",,"Avtech  / AVM428A",,"Unit","5766000","Pembelian","2015-12-31","DISKOMINSA","Intra","PSITT/BA: 07/11/BA-PP/2015(IP Camera)","0","RB","2026-01-04",,NULL
"1.3.2.05.01.05.002","CCTV - Camera Control Television System","0001",,"Avtech  / AVM428A",,"Unit","5766000","Pembelian","2015-12-31","DISKOMINSA","Intra","PSITT/BA: 07/11/BA-PP/2015(IP Camera)","0","RB","2026-01-04",,NULL
"1.3.2.05.01.05.002","CCTV - Camera Control Television System","0001",,"Avtech  / AVM428A",,"Unit","5766000","Pembelian","2015-12-31","DISKOMINSA","Intra","PSITT/BA: 07/11/BA-PP/2015(IP Camera)","0","RB","2026-01-04",,NULL
"1.3.2.05.01.05.002","CCTV - Camera Control Television System","0001",,"Avtech  / AVM428A",,"Unit","5766000","Pembelian","2015-12-31","DISKOMINSA","Intra","PSITT/BA: 07/11/BA-PP/2015(IP Camera)","0","RB","2026-01-04",,NULL
"1.3.2.05.01.05.002","CCTV - Camera Control Television System","0001",,"Avtech  / AVM428A",,"Unit","5766000","Pembelian","2015-12-31","DISKOMINSA","Intra","PSITT/BA: 07/11/BA-PP/2015(IP Camera)","0","RB","2026-01-04",,NULL
"1.3.2.05.01.05.002","CCTV - Camera Control Television System","0001",,"Avtech  / AVM428A",,"Unit","5766000","Pembelian","2015-12-31","DISKOMINSA","Intra","PSITT/BA: 07/11/BA-PP/2015(IP Camera)","0","RB","2026-01-04",,NULL
"1.3.2.05.01.05.002","CCTV - Camera Control Television System","0001",,"Avtech  / AVM428A",,"Unit","5766000","Pembelian","2015-12-31","DISKOMINSA","Intra","PSITT/BA: 07/11/BA-PP/2015(IP Camera)","0","RB","2026-01-04",,NULL
"1.3.2.05.01.05.002","CCTV - Camera Control Television System","0001",,"Avtech  / AVM428A",,"Unit","5766000","Pembelian","2015-12-31","DISKOMINSA","Intra","PSITT/BA: 07/11/BA-PP/2015(IP Camera)","0","RB","2026-01-04",,NULL
"1.3.2.05.01.05.002","CCTV - Camera Control Television System","0001",,"Avtech  / AVM428A",,"Unit","5766000","Pembelian","2015-12-31","DISKOMINSA","Intra","PSITT/BA: 07/11/BA-PP/2015(IP Camera)","0","RB","2026-01-04",,NULL
"1.3.2.05.01.05.002","CCTV - Camera Control Television System","0001",,"Avtech  / AVM428A",,"Unit","5766000","Pembelian","2015-12-31","DISKOMINSA","Intra","PSITT/BA: 07/11/BA-PP/2015(IP Camera)","0","RB","2026-01-04",,NULL
"1.3.2.05.01.05.002","CCTV - Camera Control Television System","0001",,"Avtech  / AVM428A",,"Unit","5766000","Pembelian","2015-12-31","DISKOMINSA","Intra","PSITT/BA: 07/11/BA-PP/2015(IP Camera)","0","RB","2026-01-04",,NULL
"1.3.2.05.01.05.002","CCTV - Camera Control Television System","0001",,"Avtech  / AVM428A",,"Unit","5766000","Pembelian","2015-12-31","DISKOMINSA","Intra","PSITT/BA: 07/11/BA-PP/2015(IP Camera)","0","RB","2026-01-04",,NULL
"1.3.2.05.01.05.002","CCTV - Camera Control Television System","0001",,"Avtech  / AVM428A",,"Unit","5766000","Pembelian","2015-12-31","DISKOMINSA","Intra","PSITT/BA: 07/11/BA-PP/2015(IP Camera)","0","RB","2026-01-04",,NULL
"1.3.2.05.01.05.002","CCTV - Camera Control Television System","0001",,"Avtech  / AVM428A",,"Unit","5766000","Pembelian","2015-12-31","DISKOMINSA","Intra","PSITT/BA: 07/11/BA-PP/2015(IP Camera)","0","RB","2026-01-04",,NULL
"1.3.2.05.01.05.002","CCTV - Camera Control Television System","0001",,"Avtech  / AVM428A",,"Unit","5766000","Pembelian","2015-12-31","DISKOMINSA","Intra","PSITT/BA: 07/11/BA-PP/2015(IP Camera)","0","RB","2026-01-04",,NULL
"1.3.2.05.01.05.002","CCTV - Camera Control Television System","0001",,"Avtech  / AVM428A",,"Unit","5766000","Pembelian","2015-12-31","DISKOMINSA","Intra","PSITT/BA: 07/11/BA-PP/2015(IP Camera)","0","RB","2026-01-04",,NULL
"1.3.2.05.01.05.002","CCTV - Camera Control Television System","0001",,"Avtech  / AVM428A",,"Unit","5766000","Pembelian","2015-12-31","DISKOMINSA","Intra","PSITT/BA: 07/11/BA-PP/2015(IP Camera)","0","RB","2026-01-04",,NULL
"1.3.2.05.01.05.002","CCTV - Camera Control Television System","0001",,"Avtech  / AVM428A",,"Unit","5766000","Pembelian","2015-12-31","DISKOMINSA","Intra","PSITT/BA: 07/11/BA-PP/2015(IP Camera)","0","RB","2026-01-04",,NULL
"1.3.2.05.01.05.002","CCTV - Camera Control Television System","0001",,"Avtech  / AVM428A",,"Unit","5766000","Pembelian","2015-12-31","DISKOMINSA","Intra","PSITT/BA: 07/11/BA-PP/2015(IP Camera)","0","RB","2026-01-04",,NULL
"1.3.2.05.01.05.002","CCTV - Camera Control Television System","0001",,"Avtech  / AVM428A",,"Unit","5766000","Pembelian","2015-12-31","DISKOMINSA","Intra","PSITT/BA: 07/11/BA-PP/2015(IP Camera)","0","RB","2026-01-04",,NULL
"1.3.2.05.01.05.002","CCTV - Camera Control Television System","0001",,"Avtech  / AVM428A",,"Unit","5766000","Pembelian","2015-12-31","DISKOMINSA","Intra","PSITT/BA: 07/11/BA-PP/2015(IP Camera)","0","RB","2026-01-04",,NULL
"1.3.2.05.01.05.002","CCTV - Camera Control Television System","0001",,"Avtech  / AVM428A",,"Unit","5766000","Pembelian","2015-12-31","DISKOMINSA","Intra","PSITT/BA: 07/11/BA-PP/2015(IP Camera)","0","RB","2026-01-04",,NULL
"1.3.2.05.01.05.002","CCTV - Camera Control Television System","0001",,"Avtech  / AVM428A",,"Unit","5766000","Pembelian","2015-12-31","DISKOMINSA","Intra","PSITT/BA: 07/11/BA-PP/2015(IP Camera)","0","RB","2026-01-04",,NULL
"1.3.2.05.01.05.002","CCTV - Camera Control Television System","0001",,"Avtech  / AVM428A",,"Unit","5766000","Pembelian","2015-12-31","DISKOMINSA","Intra","PSITT/BA: 07/11/BA-PP/2015(IP Camera)","0","RB","2026-01-04",,NULL
"1.3.2.05.01.05.002","CCTV - Camera Control Television System","0001",,"Avtech  / AVM428A",,"Unit","5766000","Pembelian","2015-12-31","DISKOMINSA","Intra","PSITT/BA: 07/11/BA-PP/2015(IP Camera)","0","RB","2026-01-04",,NULL
"1.3.2.05.01.05.091","Alat Penyimpan Rekaman CCTV/ Digital Video Recorder (DVR)","0218",,"Network Video Recorder (N",,"Unit","7920000","Pembelian","2021-12-31","DISKOMINSA","Intra","Pengadaan Perangkat Keamanan Gedung Data Center dan Ruang Data Center","0",,"0000-00-00",,NULL
"1.3.2.05.01.05.091","Alat Penyimpan Rekaman CCTV/ Digital Video Recorder (DVR)","0219","Network Video Recorder","Ubiquiti Unifi NVR 2TB",,"Unit","9163000","Pembelian","2022-02-16","DISKOMINSA","Intra","Pengadaan NVR (network video recorder) Bid. E-Gov","0",,"0000-00-00",,NULL
"1.3.2.05.01.05.002","CCTV - Camera Control Television System","0001",,"Avtech  / AVM428A",,"Unit","5766000","Pembelian","2015-12-31","DISKOMINSA","Intra","PSITT/BA: 07/11/BA-PP/2015(IP Camera)","0","RB","2026-01-04",,NULL
"1.3.2.05.01.05.002","CCTV - Camera Control Television System","0001",,"Avtech  / AVM428A",,"Unit","5766000","Pembelian","2015-12-31","DISKOMINSA","Intra","PSITT/BA: 07/11/BA-PP/2015(IP Camera)","0","RB","2026-01-04",,NULL
"1.3.2.05.01.05.002","CCTV - Camera Control Television System","0001",,"Avtech  / AVM428A",,"Unit","5766000","Pembelian","2015-12-31","DISKOMINSA","Intra","PSITT/BA: 07/11/BA-PP/2015(IP Camera)","0","RB","2026-01-04",,NULL
"1.3.2.05.01.05.002","CCTV - Camera Control Television System","0001",,"Avtech  / AVM428A",,"Unit","5766000","Pembelian","2015-12-31","DISKOMINSA","Intra","PSITT/BA: 07/11/BA-PP/2015(IP Camera)","0","RB","2026-01-04",,NULL
"1.3.2.05.01.05.002","CCTV - Camera Control Television System","0001",,"Avtech  / AVM428A",,"Unit","5766000","Pembelian","2015-12-31","DISKOMINSA","Intra","PSITT/BA: 07/11/BA-PP/2015(IP Camera)","0","RB","2026-01-04",,NULL
"1.3.2.05.01.05.002","CCTV - Camera Control Television System","0001",,"Avtech  / AVM428A",,"Unit","5766000","Pembelian","2015-12-31","DISKOMINSA","Intra","PSITT/BA: 07/11/BA-PP/2015(IP Camera)","0","RB","2026-01-04",,NULL
"1.3.2.05.01.05.002","CCTV - Camera Control Television System","0001",,"Avtech  / AVM428A",,"Unit","5766000","Pembelian","2015-12-31","DISKOMINSA","Intra","PSITT/BA: 07/11/BA-PP/2015(IP Camera)","0","RB","2026-01-04",,NULL
"1.3.2.05.01.05.002","CCTV - Camera Control Television System","0001",,"Avtech  / AVM428A",,"Unit","5766000","Pembelian","2015-12-31","DISKOMINSA","Intra","PSITT/BA: 07/11/BA-PP/2015(IP Camera)","0","RB","2026-01-04",,NULL
"1.3.2.05.01.05.002","CCTV - Camera Control Television System","0001",,"Avtech  / AVM428A",,"Unit","5766000","Pembelian","2015-12-31","DISKOMINSA","Intra","PSITT/BA: 07/11/BA-PP/2015(IP Camera)","0","RB","2026-01-04",,NULL
"1.3.2.05.01.05.002","CCTV - Camera Control Television System","0001",,"Avtech  / AVM428A",,"Unit","5766000","Pembelian","2015-12-31","DISKOMINSA","Intra","PSITT/BA: 07/11/BA-PP/2015(IP Camera)","0","RB","2026-01-04",,NULL
"1.3.2.05.01.05.002","CCTV - Camera Control Television System","0001",,"Avtech  / AVM428A",,"Unit","5766000","Pembelian","2015-12-31","DISKOMINSA","Intra","PSITT/BA: 07/11/BA-PP/2015(IP Camera)","0","RB","2026-01-04",,NULL
"1.3.2.05.01.05.002","CCTV - Camera Control Television System","0001",,"Avtech  / AVM428A",,"Unit","5766000","Pembelian","2015-12-31","DISKOMINSA","Intra","PSITT/BA: 07/11/BA-PP/2015(IP Camera)","0","RB","2026-01-04",,NULL
"1.3.2.05.01.05.002","CCTV - Camera Control Television System","0001",,"Avtech  / AVM428A",,"Unit","5766000","Pembelian","2015-12-31","DISKOMINSA","Intra","PSITT/BA: 07/11/BA-PP/2015(IP Camera)","0","RB","2026-01-04",,NULL
"1.3.2.05.01.05.002","CCTV - Camera Control Television System","0001",,"Avtech  / AVM428A",,"Unit","5766000","Pembelian","2015-12-31","DISKOMINSA","Intra","PSITT/BA: 07/11/BA-PP/2015(IP Camera)","0","RB","2026-01-04",,NULL
"1.3.2.05.01.05.091","Alat Penyimpan Rekaman CCTV/ Digital Video Recorder (DVR)","0234","Dekoder CCTV","Ubiquiti Unifi Protect",,"Unit","16261000","Pembelian","2022-11-11","DISKOMINSA","Intra","Pengadaan Dekoder CCTV","0",,"0000-00-00",,NULL
"1.3.2.05.01.05.003","Papan Visual/Papan Nama","0001",,"Papan nama Majelis (Ketua",,"Unit","399850","Pembelian","2019-12-31","DISKOMINSA","Intra","Pengadaan Papan Nama Majelis sebanyak 7 Unit (KIA)","0",,"0000-00-00",,NULL
"1.3.2.05.01.05.003","Papan Visual/Papan Nama","0002",,"Papan nama Majelis (Anggo",,"Unit","399850","Pembelian","2019-12-31","DISKOMINSA","Intra","Pengadaan Papan Nama Majelis sebanyak 7 Unit (KIA)","0",,"0000-00-00",,NULL
"1.3.2.05.01.05.003","Papan Visual/Papan Nama","0003",,"Papan nama Majelis (Anggo",,"Unit","399850","Pembelian","2019-12-31","DISKOMINSA","Intra","Pengadaan Papan Nama Majelis sebanyak 7 Unit (KIA)","0",,"0000-00-00",,NULL
"1.3.2.05.01.05.003","Papan Visual/Papan Nama","0004",,"Papan nama Mediator",,"Unit","399850","Pembelian","2019-12-31","DISKOMINSA","Intra","Pengadaan Papan Nama Majelis sebanyak 7 Unit (KIA)","0",,"0000-00-00",,NULL
"1.3.2.05.01.05.003","Papan Visual/Papan Nama","0005",,"Papan nama Panitera",,"Unit","399850","Pembelian","2019-12-31","DISKOMINSA","Intra","Pengadaan Papan Nama Majelis sebanyak 7 Unit (KIA)","0",,"0000-00-00",,NULL
"1.3.2.05.01.05.003","Papan Visual/Papan Nama","0006",,"Papan nama Pemohon",,"Unit","399850","Pembelian","2019-12-31","DISKOMINSA","Intra","Pengadaan Papan Nama Majelis sebanyak 7 Unit (KIA)","0",,"0000-00-00",,NULL
"1.3.2.05.01.05.003","Papan Visual/Papan Nama","0007",,"Papan nama Termohon",,"Unit","399850","Pembelian","2019-12-31","DISKOMINSA","Intra","Pengadaan Papan Nama Majelis sebanyak 7 Unit (KIA)","0",,"0000-00-00",,NULL
"1.3.2.05.01.05.003","Papan Visual/Papan Nama","0008",,"Papan Nama Ruangan Acryli",,"Unit","199100","Pembelian","2019-12-31","DISKOMINSA","Extra","Pengadaan dan Pemasangan Papan Nama Ruangan (DAU)","0",,"0000-00-00",,NULL
"1.3.2.05.01.05.003","Papan Visual/Papan Nama","0009",,"Papan Nama Ruangan Acryli",,"Unit","199100","Pembelian","2019-12-31","DISKOMINSA","Extra","Pengadaan dan Pemasangan Papan Nama Ruangan (DAU)","0",,"0000-00-00",,NULL
"1.3.2.05.01.05.003","Papan Visual/Papan Nama","0010",,"Papan Nama Ruangan Acryli",,"Unit","199100","Pembelian","2019-12-31","DISKOMINSA","Extra","Pengadaan dan Pemasangan Papan Nama Ruangan (DAU)","0",,"0000-00-00",,NULL
"1.3.2.05.01.05.003","Papan Visual/Papan Nama","0011",,"Papan Nama Ruangan Acryli",,"Unit","199100","Pembelian","2019-12-31","DISKOMINSA","Extra","Pengadaan dan Pemasangan Papan Nama Ruangan (DAU)","0",,"0000-00-00",,NULL
"1.3.2.05.01.05.003","Papan Visual/Papan Nama","0012",,"Papan Nama Ruangan Acryli",,"Unit","199100","Pembelian","2019-12-31","DISKOMINSA","Extra","Pengadaan dan Pemasangan Papan Nama Ruangan (DAU)","0",,"0000-00-00",,NULL
"1.3.2.05.01.05.003","Papan Visual/Papan Nama","0013",,"Papan Nama Ruangan Acryli",,"Unit","199100","Pembelian","2019-12-31","DISKOMINSA","Extra","Pengadaan dan Pemasangan Papan Nama Ruangan (DAU)","0",,"0000-00-00",,NULL
"1.3.2.05.01.05.003","Papan Visual/Papan Nama","0014",,"Papan Nama Ruangan Acryli",,"Unit","199100","Pembelian","2019-12-31","DISKOMINSA","Extra","Pengadaan dan Pemasangan Papan Nama Ruangan (DAU)","0",,"0000-00-00",,NULL
"1.3.2.05.01.05.003","Papan Visual/Papan Nama","0015",,"Papan Nama Ruangan Acryli",,"Unit","199100","Pembelian","2019-12-31","DISKOMINSA","Extra","Pengadaan dan Pemasangan Papan Nama Ruangan (DAU)","0",,"0000-00-00",,NULL
"1.3.2.05.01.05.003","Papan Visual/Papan Nama","0016",,"Papan Nama Ruangan Acryli",,"Unit","199100","Pembelian","2019-12-31","DISKOMINSA","Extra","Pengadaan dan Pemasangan Papan Nama Ruangan (DAU)","0",,"0000-00-00",,NULL
"1.3.2.05.01.05.003","Papan Visual/Papan Nama","0017",,"Papan Nama Ruangan Acryli",,"Unit","199100","Pembelian","2019-12-31","DISKOMINSA","Extra","Pengadaan dan Pemasangan Papan Nama Ruangan (DAU)","0",,"0000-00-00",,NULL
"1.3.2.05.01.05.003","Papan Visual/Papan Nama","0018",,"Papan Nama Ruangan Acryli",,"Unit","199100","Pembelian","2019-12-31","DISKOMINSA","Extra","Pengadaan dan Pemasangan Papan Nama Ruangan (DAU)","0",,"0000-00-00",,NULL
"1.3.2.05.01.05.003","Papan Visual/Papan Nama","0019",,"Papan Nama Ruangan Acryli",,"Unit","199100","Pembelian","2019-12-31","DISKOMINSA","Extra","Pengadaan dan Pemasangan Papan Nama Ruangan (DAU)","0",,"0000-00-00",,NULL
"1.3.2.05.01.05.003","Papan Visual/Papan Nama","0020",,"Papan Nama Ruangan Acryli",,"Unit","199100","Pembelian","2019-12-31","DISKOMINSA","Extra","Pengadaan dan Pemasangan Papan Nama Ruangan (DAU)","0",,"0000-00-00",,NULL
"1.3.2.05.01.05.003","Papan Visual/Papan Nama","0021",,"Papan Nama Ruangan Acryli",,"Unit","199100","Pembelian","2019-12-31","DISKOMINSA","Extra","Pengadaan dan Pemasangan Papan Nama Ruangan (DAU)","0",,"0000-00-00",,NULL
"1.3.2.05.01.05.003","Papan Visual/Papan Nama","0022",,"Papan Nama Ruangan Acryli",,"Unit","199100","Pembelian","2019-12-31","DISKOMINSA","Extra","Pengadaan dan Pemasangan Papan Nama Ruangan (DAU)","0",,"0000-00-00",,NULL
"1.3.2.05.01.05.003","Papan Visual/Papan Nama","0023",,"Papan Nama Ruangan Acryli",,"Unit","199100","Pembelian","2019-12-31","DISKOMINSA","Extra","Pengadaan dan Pemasangan Papan Nama Ruangan (DAU)","0",,"0000-00-00",,NULL
"1.3.2.05.01.05.003","Papan Visual/Papan Nama","0024",,"Papan Nama Ruangan Acryli",,"Unit","199100","Pembelian","2019-12-31","DISKOMINSA","Extra","Pengadaan dan Pemasangan Papan Nama Ruangan (DAU)","0",,"0000-00-00",,NULL
"1.3.2.05.01.05.003","Papan Visual/Papan Nama","0025",,"Papan Nama Ruangan Acryli",,"Unit","199100","Pembelian","2019-12-31","DISKOMINSA","Extra","Pengadaan dan Pemasangan Papan Nama Ruangan (DAU)","0",,"0000-00-00",,NULL
"1.3.2.05.01.05.003","Papan Visual/Papan Nama","0026",,"Papan Nama Ruangan Acryli",,"Unit","199100","Pembelian","2019-12-31","DISKOMINSA","Extra","Pengadaan dan Pemasangan Papan Nama Ruangan (DAU)","0",,"0000-00-00",,NULL
"1.3.2.05.01.05.003","Papan Visual/Papan Nama","0027",,"Papan Nama Ruangan Acryli",,"Unit","199100","Pembelian","2019-12-31","DISKOMINSA","Extra","Pengadaan dan Pemasangan Papan Nama Ruangan (DAU)","0",,"0000-00-00",,NULL
"1.3.2.05.01.05.003","Papan Visual/Papan Nama","0028",,"Papan Nama Ruangan Acryli",,"Unit","199100","Pembelian","2019-12-31","DISKOMINSA","Extra","Pengadaan dan Pemasangan Papan Nama Ruangan (DAU)","0",,"0000-00-00",,NULL
"1.3.2.05.01.05.003","Papan Visual/Papan Nama","0029",,"Papan Nama Ruangan Acryli",,"Unit","199100","Pembelian","2019-12-31","DISKOMINSA","Extra","Pengadaan dan Pemasangan Papan Nama Ruangan (DAU)","0",,"0000-00-00",,NULL
"1.3.2.05.01.05.003","Papan Visual/Papan Nama","0030",,"Papan Nama Ruangan Acryli",,"Unit","199100","Pembelian","2019-12-31","DISKOMINSA","Extra","Pengadaan dan Pemasangan Papan Nama Ruangan (DAU)","0",,"0000-00-00",,NULL
"1.3.2.05.01.05.003","Papan Visual/Papan Nama","0031",,"Papan Nama Ruangan Acryli",,"Unit","199100","Pembelian","2019-12-31","DISKOMINSA","Extra","Pengadaan dan Pemasangan Papan Nama Ruangan (DAU)","0",,"0000-00-00",,NULL
"1.3.2.05.01.05.003","Papan Visual/Papan Nama","0032",,"Papan Nama Ruangan Acryli",,"Unit","199100","Pembelian","2019-12-31","DISKOMINSA","Extra","Pengadaan dan Pemasangan Papan Nama Ruangan (DAU)","0",,"0000-00-00",,NULL
"1.3.2.05.01.05.003","Papan Visual/Papan Nama","0033",,"Papan Nama Ruangan Acryli",,"Unit","199100","Pembelian","2019-12-31","DISKOMINSA","Extra","Pengadaan dan Pemasangan Papan Nama Ruangan (DAU)","0",,"0000-00-00",,NULL
"1.3.2.05.01.05.003","Papan Visual/Papan Nama","0034",,"Papan Nama Ruangan Acryli",,"Unit","199100","Pembelian","2019-12-31","DISKOMINSA","Extra","Pengadaan dan Pemasangan Papan Nama Ruangan (DAU)","0",,"0000-00-00",,NULL
"1.3.2.05.01.05.003","Papan Visual/Papan Nama","0035",,"Papan Nama Ruangan Acryli",,"Unit","199100","Pembelian","2019-12-31","DISKOMINSA","Extra","Pengadaan dan Pemasangan Papan Nama Ruangan (DAU)","0",,"0000-00-00",,NULL
"1.3.2.05.01.05.003","Papan Visual/Papan Nama","0036",,"Papan Nama Ruangan Acryli",,"Unit","199100","Pembelian","2019-12-31","DISKOMINSA","Extra","Pengadaan dan Pemasangan Papan Nama Ruangan (DAU)","0",,"0000-00-00",,NULL
"1.3.2.05.01.05.003","Papan Visual/Papan Nama","0037",,"Papan Nama Ruangan Acryli",,"Unit","199100","Pembelian","2019-12-31","DISKOMINSA","Extra","Pengadaan dan Pemasangan Papan Nama Ruangan (DAU)","0",,"0000-00-00",,NULL
"1.3.2.05.01.05.003","Papan Visual/Papan Nama","0038",,"Papan Nama Ruangan Acryli",,"Unit","199100","Pembelian","2019-12-31","DISKOMINSA","Extra","Pengadaan dan Pemasangan Papan Nama Ruangan (DAU)","0",,"0000-00-00",,NULL
"1.3.2.05.01.05.003","Papan Visual/Papan Nama","0039",,"Papan Nama Ruangan Acryli",,"Unit","199100","Pembelian","2019-12-31","DISKOMINSA","Extra","Pengadaan dan Pemasangan Papan Nama Ruangan (DAU)","0",,"0000-00-00",,NULL
"1.3.2.05.01.05.003","Papan Visual/Papan Nama","0040",,"Papan Nama Ruangan Acryli",,"Unit","199100","Pembelian","2019-12-31","DISKOMINSA","Extra","Pengadaan dan Pemasangan Papan Nama Ruangan (DAU)","0",,"0000-00-00",,NULL
"1.3.2.05.01.05.003","Papan Visual/Papan Nama","0041",,"Papan Nama Ruangan Acryli",,"Unit","199100","Pembelian","2019-12-31","DISKOMINSA","Extra","Pengadaan dan Pemasangan Papan Nama Ruangan (DAU)","0",,"0000-00-00",,NULL
"1.3.2.05.01.05.003","Papan Visual/Papan Nama","0042",,"Papan Nama Ruangan Acryli",,"Unit","199100","Pembelian","2019-12-31","DISKOMINSA","Extra","Pengadaan dan Pemasangan Papan Nama Ruangan (DAU)","0",,"0000-00-00",,NULL
"1.3.2.05.01.05.003","Papan Visual/Papan Nama","0043",,"Papan Nama Ruangan Acryli",,"Unit","199100","Pembelian","2019-12-31","DISKOMINSA","Extra","Pengadaan dan Pemasangan Papan Nama Ruangan (DAU)","0",,"0000-00-00",,NULL
"1.3.2.05.01.05.003","Papan Visual/Papan Nama","0044",,"Papan Nama Ruangan Acryli",,"Unit","199100","Pembelian","2019-12-31","DISKOMINSA","Extra","Pengadaan dan Pemasangan Papan Nama Ruangan (DAU)","0",,"0000-00-00",,NULL
"1.3.2.05.01.05.003","Papan Visual/Papan Nama","0045",,"Papan Nama Ruangan Acryli",,"Unit","199100","Pembelian","2019-12-31","DISKOMINSA","Extra","Pengadaan dan Pemasangan Papan Nama Ruangan (DAU)","0",,"0000-00-00",,NULL
"1.3.2.05.01.05.003","Papan Visual/Papan Nama","0046",,"Papan Nama Ruangan Acryli",,"Unit","199100","Pembelian","2019-12-31","DISKOMINSA","Extra","Pengadaan dan Pemasangan Papan Nama Ruangan (DAU)","0",,"0000-00-00",,NULL
"1.3.2.05.01.05.003","Papan Visual/Papan Nama","0047",,"Papan Nama Ruangan Acryli",,"Unit","199100","Pembelian","2019-12-31","DISKOMINSA","Extra","Pengadaan dan Pemasangan Papan Nama Ruangan (DAU)","0",,"0000-00-00",,NULL
"1.3.2.05.01.05.003","Papan Visual/Papan Nama","0048",,"Papan Nama Ruangan Acryli",,"Unit","199100","Pembelian","2019-12-31","DISKOMINSA","Extra","Pengadaan dan Pemasangan Papan Nama Ruangan (DAU)","0",,"0000-00-00",,NULL
"1.3.2.05.01.05.003","Papan Visual/Papan Nama","0049",,"Papan Nama Ruangan Acryli",,"Unit","199100","Pembelian","2019-12-31","DISKOMINSA","Extra","Pengadaan dan Pemasangan Papan Nama Ruangan (DAU)","0",,"0000-00-00",,NULL
"1.3.2.05.01.05.003","Papan Visual/Papan Nama","0050",,"Papan Nama Ruangan Acryli",,"Unit","199100","Pembelian","2019-12-31","DISKOMINSA","Extra","Pengadaan dan Pemasangan Papan Nama Ruangan (DAU)","0",,"0000-00-00",,NULL
"1.3.2.05.01.05.003","Papan Visual/Papan Nama","0051",,"Papan Nama Ruangan Acryli",,"Unit","199100","Pembelian","2019-12-31","DISKOMINSA","Extra","Pengadaan dan Pemasangan Papan Nama Ruangan (DAU)","0",,"0000-00-00",,NULL
"1.3.2.05.01.05.003","Papan Visual/Papan Nama","0052",,"Papan Nama Ruangan Acryli",,"Unit","199100","Pembelian","2019-12-31","DISKOMINSA","Extra","Pengadaan dan Pemasangan Papan Nama Ruangan (DAU)","0",,"0000-00-00",,NULL
"1.3.2.05.01.05.003","Papan Visual/Papan Nama","0053",,"Papan Nama Ruangan Acryli",,"Unit","199100","Pembelian","2019-12-31","DISKOMINSA","Extra","Pengadaan dan Pemasangan Papan Nama Ruangan (DAU)","0",,"0000-00-00",,NULL
"1.3.2.05.01.05.003","Papan Visual/Papan Nama","0054",,"Papan Nama Ruangan Acryli",,"Unit","199100","Pembelian","2019-12-31","DISKOMINSA","Extra","Pengadaan dan Pemasangan Papan Nama Ruangan (DAU)","0",,"0000-00-00",,NULL
"1.3.2.05.01.05.003","Papan Visual/Papan Nama","0055",,"Papan Nama Ruangan Acryli",,"Unit","199100","Pembelian","2019-12-31","DISKOMINSA","Extra","Pengadaan dan Pemasangan Papan Nama Ruangan (DAU)","0",,"0000-00-00",,NULL
"1.3.2.05.01.05.003","Papan Visual/Papan Nama","0056",,"Papan Nama Ruangan Acryli",,"Unit","199100","Pembelian","2019-12-31","DISKOMINSA","Extra","Pengadaan dan Pemasangan Papan Nama Ruangan (DAU)","0",,"0000-00-00",,NULL
"1.3.2.05.01.05.003","Papan Visual/Papan Nama","0057",,"Papan Nama Ruangan Acryli",,"Unit","199100","Pembelian","2019-12-31","DISKOMINSA","Extra","Pengadaan dan Pemasangan Papan Nama Ruangan (DAU)","0",,"0000-00-00",,NULL
"1.3.2.05.01.05.003","Papan Visual/Papan Nama","0058",,"Papan Nama Ruangan Acryli",,"Unit","199100","Pembelian","2019-12-31","DISKOMINSA","Extra","Pengadaan dan Pemasangan Papan Nama Ruangan (DAU)","0",,"0000-00-00",,NULL
"1.3.2.05.01.05.003","Papan Visual/Papan Nama","0059",,"Papan Nama Ruangan Acryli",,"Unit","199100","Pembelian","2019-12-31","DISKOMINSA","Extra","Pengadaan dan Pemasangan Papan Nama Ruangan (DAU)","0",,"0000-00-00",,NULL
"1.3.2.05.01.05.003","Papan Visual/Papan Nama","0060",,"Papan Nama Ruangan Acryli",,"Unit","199100","Pembelian","2019-12-31","DISKOMINSA","Extra","Pengadaan dan Pemasangan Papan Nama Ruangan (DAU)","0",,"0000-00-00",,NULL
"1.3.2.05.01.05.003","Papan Visual/Papan Nama","0061",,"Papan Nama Ruangan Acryli",,"Unit","199100","Pembelian","2019-12-31","DISKOMINSA","Extra","Pengadaan dan Pemasangan Papan Nama Ruangan (DAU)","0",,"0000-00-00",,NULL
"1.3.2.05.01.05.003","Papan Visual/Papan Nama","0062",,"Papan Nama Ruangan Acryli",,"Unit","199100","Pembelian","2019-12-31","DISKOMINSA","Extra","Pengadaan dan Pemasangan Papan Nama Ruangan (DAU)","0",,"0000-00-00",,NULL
"1.3.2.05.01.05.003","Papan Visual/Papan Nama","0063",,"Papan Nama Ruangan Acryli",,"Unit","199100","Pembelian","2019-12-31","DISKOMINSA","Extra","Pengadaan dan Pemasangan Papan Nama Ruangan (DAU)","0",,"0000-00-00",,NULL
"1.3.2.05.01.05.003","Papan Visual/Papan Nama","0064",,"Papan Nama Ruangan Acryli",,"Unit","199100","Pembelian","2019-12-31","DISKOMINSA","Extra","Pengadaan dan Pemasangan Papan Nama Ruangan (DAU)","0",,"0000-00-00",,NULL
"1.3.2.05.01.05.003","Papan Visual/Papan Nama","0065",,"Papan Nama Ruangan Acryli",,"Unit","199100","Pembelian","2019-12-31","DISKOMINSA","Extra","Pengadaan dan Pemasangan Papan Nama Ruangan (DAU)","0",,"0000-00-00",,NULL
"1.3.2.05.01.05.003","Papan Visual/Papan Nama","0066",,"Papan Nama Ruangan Acryli",,"Unit","199100","Pembelian","2019-12-31","DISKOMINSA","Extra","Pengadaan dan Pemasangan Papan Nama Ruangan (DAU)","0",,"0000-00-00",,NULL
"1.3.2.05.01.05.002","CCTV - Camera Control Television System","0001",,"Avtech  / AVM428A",,"Unit","5766000","Pembelian","2015-12-31","DISKOMINSA","Intra","PSITT/BA: 07/11/BA-PP/2015(IP Camera)","0","RB","2026-01-04",,NULL
"1.3.2.05.01.05.003","Papan Visual/Papan Nama","0068",,"Papan Nama Ruangan Acryli",,"Unit","199100","Pembelian","2019-12-31","DISKOMINSA","Extra","Pengadaan dan Pemasangan Papan Nama Ruangan (DAU)","0",,"0000-00-00",,NULL
"1.3.2.05.01.05.003","Papan Visual/Papan Nama","0069",,"Papan Nama Ruangan Acryli",,"Unit","199100","Pembelian","2019-12-31","DISKOMINSA","Extra","Pengadaan dan Pemasangan Papan Nama Ruangan (DAU)","0",,"0000-00-00",,NULL
"1.3.2.05.01.05.003","Papan Visual/Papan Nama","0070",,"Papan Nama Ruangan Acryli",,"Unit","199100","Pembelian","2019-12-31","DISKOMINSA","Extra","Pengadaan dan Pemasangan Papan Nama Ruangan (DAU)","0",,"0000-00-00",,NULL
"1.3.2.05.01.05.003","Papan Visual/Papan Nama","0071",,"Papan Nama Ruangan Acryli",,"Unit","199100","Pembelian","2019-12-31","DISKOMINSA","Extra","Pengadaan dan Pemasangan Papan Nama Ruangan (DAU)","0",,"0000-00-00",,NULL
"1.3.2.05.01.05.003","Papan Visual/Papan Nama","0072",,"Papan Nama Ruangan Acryli",,"Unit","199100","Pembelian","2019-12-31","DISKOMINSA","Extra","Pengadaan dan Pemasangan Papan Nama Ruangan (DAU)","0",,"0000-00-00",,NULL
"1.3.2.05.01.05.003","Papan Visual/Papan Nama","0073",,"Papan Nama Ruangan Acryli",,"Unit","199100","Pembelian","2019-12-31","DISKOMINSA","Extra","Pengadaan dan Pemasangan Papan Nama Ruangan (DAU)","0",,"0000-00-00",,NULL
"1.3.2.05.01.05.003","Papan Visual/Papan Nama","0074",,"Papan Nama Ruangan Acryli",,"Unit","199100","Pembelian","2019-12-31","DISKOMINSA","Extra","Pengadaan dan Pemasangan Papan Nama Ruangan (DAU)","0",,"0000-00-00",,NULL
"1.3.2.05.01.05.003","Papan Visual/Papan Nama","0075",,"Papan Nama Ruangan Acryli",,"Unit","199100","Pembelian","2019-12-31","DISKOMINSA","Extra","Pengadaan dan Pemasangan Papan Nama Ruangan (DAU)","0",,"0000-00-00",,NULL
"1.3.2.05.01.05.003","Papan Visual/Papan Nama","0076",,"Papan Nama Ruangan Acryli",,"Unit","199100","Pembelian","2019-12-31","DISKOMINSA","Extra","Pengadaan dan Pemasangan Papan Nama Ruangan (DAU)","0",,"0000-00-00",,NULL
"1.3.2.05.01.05.003","Papan Visual/Papan Nama","0077",,"Papan Nama Ruangan Acryli",,"Unit","199100","Pembelian","2019-12-31","DISKOMINSA","Extra","Pengadaan dan Pemasangan Papan Nama Ruangan (DAU)","0",,"0000-00-00",,NULL
"1.3.2.05.01.05.003","Papan Visual/Papan Nama","0078",,"Papan Nama Ruangan Acryli",,"Unit","199100","Pembelian","2019-12-31","DISKOMINSA","Extra","Pengadaan dan Pemasangan Papan Nama Ruangan (DAU)","0",,"0000-00-00",,NULL
"1.3.2.05.01.05.003","Papan Visual/Papan Nama","0079",,"Papan Nama Ruangan Acryli",,"Unit","199100","Pembelian","2019-12-31","DISKOMINSA","Extra","Pengadaan dan Pemasangan Papan Nama Ruangan (DAU)","0",,"0000-00-00",,NULL
"1.3.2.05.01.05.003","Papan Visual/Papan Nama","0080",,"Papan Nama Ruangan Acryli",,"Unit","199100","Pembelian","2019-12-31","DISKOMINSA","Extra","Pengadaan dan Pemasangan Papan Nama Ruangan (DAU)","0",,"0000-00-00",,NULL
"1.3.2.05.01.05.003","Papan Visual/Papan Nama","0081",,"Papan Nama Ruangan Acryli",,"Unit","199100","Pembelian","2019-12-31","DISKOMINSA","Extra","Pengadaan dan Pemasangan Papan Nama Ruangan (DAU)","0",,"0000-00-00",,NULL
"1.3.2.05.01.05.003","Papan Visual/Papan Nama","0082",,"Papan Nama Ruangan Acryli",,"Unit","199100","Pembelian","2019-12-31","DISKOMINSA","Extra","Pengadaan dan Pemasangan Papan Nama Ruangan (DAU)","0",,"0000-00-00",,NULL
"1.3.2.05.01.05.003","Papan Visual/Papan Nama","0083",,"Papan Nama Ruangan Acryli",,"Unit","199100","Pembelian","2019-12-31","DISKOMINSA","Extra","Pengadaan dan Pemasangan Papan Nama Ruangan (DAU)","0",,"0000-00-00",,NULL
"1.3.2.05.01.05.003","Papan Visual/Papan Nama","0084",,"Papan Nama Ruangan Acryli",,"Unit","199100","Pembelian","2019-12-31","DISKOMINSA","Extra","Pengadaan dan Pemasangan Papan Nama Ruangan (DAU)","0",,"0000-00-00",,NULL
"1.3.2.05.01.05.003","Papan Visual/Papan Nama","0085",,"Papan Nama Ruangan Acryli",,"Unit","199100","Pembelian","2019-12-31","DISKOMINSA","Extra","Pengadaan dan Pemasangan Papan Nama Ruangan (DAU)","0",,"0000-00-00",,NULL
"1.3.2.05.01.05.003","Papan Visual/Papan Nama","0086",,"Papan Nama Ruangan Acryli",,"Unit","199100","Pembelian","2019-12-31","DISKOMINSA","Extra","Pengadaan dan Pemasangan Papan Nama Ruangan (DAU)","0",,"0000-00-00",,NULL
"1.3.2.05.01.05.003","Papan Visual/Papan Nama","0087",,"Papan Nama Ruangan Acryli",,"Unit","199100","Pembelian","2019-12-31","DISKOMINSA","Extra","Pengadaan dan Pemasangan Papan Nama Ruangan (DAU)","0",,"0000-00-00",,NULL
"1.3.2.05.01.05.003","Papan Visual/Papan Nama","0088",,"Papan Nama Ruangan Acryli",,"Unit","199100","Pembelian","2019-12-31","DISKOMINSA","Extra","Pengadaan dan Pemasangan Papan Nama Ruangan (DAU)","0",,"0000-00-00",,NULL
"1.3.2.05.01.05.003","Papan Visual/Papan Nama","0089",,"Papan Nama Ruangan Acryli",,"Unit","199100","Pembelian","2019-12-31","DISKOMINSA","Extra","Pengadaan dan Pemasangan Papan Nama Ruangan (DAU)","0",,"0000-00-00",,NULL
"1.3.2.05.01.05.003","Papan Visual/Papan Nama","0090",,"Papan Nama Ruangan Acryli",,"Unit","199100","Pembelian","2019-12-31","DISKOMINSA","Extra","Pengadaan dan Pemasangan Papan Nama Ruangan (DAU)","0",,"0000-00-00",,NULL
"1.3.2.05.01.05.003","Papan Visual/Papan Nama","0091",,"Papan Nama Ruangan Acryli",,"Unit","199100","Pembelian","2019-12-31","DISKOMINSA","Extra","Pengadaan dan Pemasangan Papan Nama Ruangan (DAU)","0",,"0000-00-00",,NULL
"1.3.2.05.01.05.003","Papan Visual/Papan Nama","0092",,"Papan Nama Ruangan Acryli",,"Unit","199100","Pembelian","2019-12-31","DISKOMINSA","Extra","Pengadaan dan Pemasangan Papan Nama Ruangan (DAU)","0",,"0000-00-00",,NULL
"1.3.2.05.01.05.003","Papan Visual/Papan Nama","0093",,"Papan Nama Ruangan Acryli",,"Unit","199100","Pembelian","2019-12-31","DISKOMINSA","Extra","Pengadaan dan Pemasangan Papan Nama Ruangan (DAU)","0",,"0000-00-00",,NULL
"1.3.2.05.01.05.003","Papan Visual/Papan Nama","0094",,"Papan Nama Ruangan Acryli",,"Unit","199100","Pembelian","2019-12-31","DISKOMINSA","Extra","Pengadaan dan Pemasangan Papan Nama Ruangan (DAU)","0",,"0000-00-00",,NULL
"1.3.2.05.01.05.003","Papan Visual/Papan Nama","0095",,"Papan Nama Ruangan Acryli",,"Unit","199100","Pembelian","2019-12-31","DISKOMINSA","Extra","Pengadaan dan Pemasangan Papan Nama Ruangan (DAU)","0",,"0000-00-00",,NULL
"1.3.2.05.01.05.003","Papan Visual/Papan Nama","0096",,"Papan Nama Ruangan Acryli",,"Unit","199100","Pembelian","2019-12-31","DISKOMINSA","Extra","Pengadaan dan Pemasangan Papan Nama Ruangan (DAU)","0",,"0000-00-00",,NULL
"1.3.2.05.01.05.003","Papan Visual/Papan Nama","0097",,"Papan Nama Ruangan Acryli",,"Unit","199100","Pembelian","2019-12-31","DISKOMINSA","Extra","Pengadaan dan Pemasangan Papan Nama Ruangan (DAU)","0",,"0000-00-00",,NULL
"1.3.2.05.01.05.003","Papan Visual/Papan Nama","0098",,"Papan Nama Ruangan Acryli",,"Unit","199100","Pembelian","2019-12-31","DISKOMINSA","Extra","Pengadaan dan Pemasangan Papan Nama Ruangan (DAU)","0",,"0000-00-00",,NULL
"1.3.2.05.01.05.003","Papan Visual/Papan Nama","0099",,"Papan Nama Ruangan Acryli",,"Unit","199100","Pembelian","2019-12-31","DISKOMINSA","Extra","Pengadaan dan Pemasangan Papan Nama Ruangan (DAU)","0",,"0000-00-00",,NULL
"1.3.2.05.01.05.003","Papan Visual/Papan Nama","0100",,"Papan Nama Ruangan Acryli",,"Unit","199100","Pembelian","2019-12-31","DISKOMINSA","Extra","Pengadaan dan Pemasangan Papan Nama Ruangan (DAU)","0",,"0000-00-00",,NULL
"1.3.2.05.01.05.003","Papan Visual/Papan Nama","0101",,"Papan Nama Ruangan Acryli",,"Unit","199100","Pembelian","2019-12-31","DISKOMINSA","Extra","Pengadaan dan Pemasangan Papan Nama Ruangan (DAU)","0",,"0000-00-00",,NULL
"1.3.2.05.01.05.003","Papan Visual/Papan Nama","0102",,"Papan Nama Ruangan Acryli",,"Unit","199100","Pembelian","2019-12-31","DISKOMINSA","Extra","Pengadaan dan Pemasangan Papan Nama Ruangan (DAU)","0",,"0000-00-00",,NULL
"1.3.2.05.01.05.003","Papan Visual/Papan Nama","0103",,"Papan Nama Ruangan Acryli",,"Unit","199100","Pembelian","2019-12-31","DISKOMINSA","Extra","Pengadaan dan Pemasangan Papan Nama Ruangan (DAU)","0",,"0000-00-00",,NULL
"1.3.2.05.01.05.003","Papan Visual/Papan Nama","0104",,"Papan Nama Ruangan Acryli",,"Unit","199100","Pembelian","2019-12-31","DISKOMINSA","Extra","Pengadaan dan Pemasangan Papan Nama Ruangan (DAU)","0",,"0000-00-00",,NULL
"1.3.2.05.01.05.003","Papan Visual/Papan Nama","0105",,"Papan Nama Ruangan Acryli",,"Unit","199100","Pembelian","2019-12-31","DISKOMINSA","Extra","Pengadaan dan Pemasangan Papan Nama Ruangan (DAU)","0",,"0000-00-00",,NULL
"1.3.2.05.01.05.003","Papan Visual/Papan Nama","0106",,"Papan Nama Ruangan Acryli",,"Unit","199100","Pembelian","2019-12-31","DISKOMINSA","Extra","Pengadaan dan Pemasangan Papan Nama Ruangan (DAU)","0",,"0000-00-00",,NULL
"1.3.2.05.01.05.003","Papan Visual/Papan Nama","0107",,"Papan Nama Ruangan Acryli",,"Unit","199100","Pembelian","2019-12-31","DISKOMINSA","Extra","Pengadaan dan Pemasangan Papan Nama Ruangan (DAU)","0",,"0000-00-00",,NULL
"1.3.2.05.01.05.005","White Board","0001",,"Papan White Board",,"Unit","686000","Pembelian","2017-12-31","DISKOMINSA","Intra","Papan White Board Magnetic -- Pengadaan Papan White Board Persandian","0",,"0000-00-00",,NULL
"1.3.2.05.01.05.005","White Board","0002",,"Papan White Board",,"Unit","686000","Pembelian","2017-12-31","DISKOMINSA","Intra","Papan White Board Magnetic -- Pengadaan Papan White Board Persandian","0",,"0000-00-00",,NULL
"1.3.2.05.01.05.008","Copy Board/Elektric  White Board","0001",,"Panasonic/US-T880W",,"Unit","44690000","Pembelian","2014-12-31","DISKOMINSA","Intra","Panaboard - UPTD Telematika","0",,"0000-00-00",,NULL
"1.3.2.05.01.05.008","Copy Board/Elektric  White Board","0002",,"Smart Kapp",,"Unit","28456000","Pembelian","2017-12-31","DISKOMINSA","Intra","Smartboard -- Pengadaan Perlengkapan Kantor BAST No. 047.b/BA/KPA-SEKRETARIAT/2017 Tgl. 08/12/2017","0",,"0000-00-00",,NULL
"1.3.2.05.01.05.010","Alat  Penghancur Kertas","0001",,"Ideal 2245 Cross Cut",,"Unit","9000000","Pembelian","2018-12-31","DISKOMINSA","Intra","Subbag Keuangan -- Pengadaan Mesin Penghancur Kertas.","0",,"0000-00-00",,NULL
"1.3.2.05.01.05.010","Alat  Penghancur Kertas","0002",,"Ideal 2245 Cross Cut",,"Unit","9000000","Pembelian","2018-12-31","DISKOMINSA","Intra","Subbag Program -- Pengadaan Mesin Penghancur Kertas.","0",,"0000-00-00",,NULL
"1.3.2.05.01.05.010","Alat  Penghancur Kertas","0003",,"Intimus Paper Shredder St",,"Unit","5301100","Pembelian","2019-12-31","DISKOMINSA","Intra","Pengadaan Mesin Penghancur Kertas (Sekretariat)","0",,"0000-00-00",,NULL
"1.3.2.05.01.05.010","Alat  Penghancur Kertas","0004",,"Intimus Paper Shredder St",,"Unit","5301100","Pembelian","2019-12-31","DISKOMINSA","Intra","Pengadaan Mesin Penghancur Kertas (Sekretariat)","0",,"0000-00-00",,NULL
"1.3.2.05.01.05.010","Alat  Penghancur Kertas","0005",,"Intimus Paper Shredder Cr",,"Unit","23615700","Pembelian","2019-12-31","DISKOMINSA","Intra","Pengadaan Penghancur Kertas (Sandi)","0",,"0000-00-00",,NULL
"1.3.2.05.01.05.010","Alat  Penghancur Kertas","0006",,"Secure Paper Shredder Max",,"Unit","2143100","Pembelian","2019-12-31","DISKOMINSA","Intra","Pengadaan Paper Destroy (Penghancur Kertas) (KIA)","0",,"0000-00-00",,NULL
"1.3.2.05.01.05.010","Alat  Penghancur Kertas","0007","Mesin Penghancur Kertas","EBR",,"Unit","14629500","Pembelian","2022-04-11","DISKOMINSA","Intra","Pengadaan mesin penghancur kertas","0",,"0000-00-00",,NULL
"1.3.2.05.01.05.010","Alat  Penghancur Kertas","0008","Mesin Penghancur Kertas","EBR",,"Unit","14629500","Pembelian","2022-04-11","DISKOMINSA","Intra","Pengadaan mesin penghancur kertas","0",,"0000-00-00",,NULL
"1.3.2.05.01.05.012","Mesin Absensi","0001",,"Mesin Absensi X601 + Drop",,"Unit","24004000","Pembelian","2018-12-31","DISKOMINSA","Intra","Ruang Kadis (mesin absensi Rp8.210.000, Dropbolt Rp3.260.000, Push Button Rp2.315.000) -- Pengadaan","0",,"0000-00-00",,NULL
"1.3.2.05.01.05.012","Mesin Absensi","0002",,"Mesin Absensi X601",,"Unit","18429000","Pembelian","2018-12-31","DISKOMINSA","Intra","Pengadaan Mesin Absensi beserta Aplikasinya.","0",,"0000-00-00",,NULL
"1.3.2.05.01.05.012","Mesin Absensi","0003",,"Mesin Absensi X601",,"Unit","18429000","Pembelian","2018-12-31","DISKOMINSA","Intra","Pengadaan Mesin Absensi beserta Aplikasinya.","0",,"0000-00-00",,NULL
"1.3.2.05.01.05.012","Mesin Absensi","0004",,"Mesin Absensi X601",,"Unit","18429000","Pembelian","2018-12-31","DISKOMINSA","Intra","Pengadaan Mesin Absensi beserta Aplikasinya.","0",,"0000-00-00",,NULL
"1.3.2.05.01.05.012","Mesin Absensi","0005",,"Mesin Absensi X601",,"Unit","18429000","Pembelian","2018-12-31","DISKOMINSA","Intra","Pengadaan Mesin Absensi beserta Aplikasinya.","0",,"0000-00-00",,NULL
"1.3.2.05.01.05.012","Mesin Absensi","0006","Mesin Absensi Elektrik","Solution/X862",,"Unit","4965000","Pembelian","2022-02-03","DISKOMINSA","Intra","Pengadaan Mesin Absensi Elektrik","0",,"0000-00-00",,NULL
"1.3.2.05.01.05.012","Mesin Absensi","0007","Mesin Absensi Elektrik","Solution/X862",,"Unit","4965000","Pembelian","2022-02-03","DISKOMINSA","Intra","Pengadaan Mesin Absensi Elektrik","0",,"0000-00-00",,NULL
"1.3.2.05.01.05.023","Overhead Projector","0001",,"BENQ Projector (MX631ST)",,"Unit","11082000","Pembelian","2018-12-31","DISKOMINSA","Intra","Pengadaan Infocus (E-Government)","0",,"0000-00-00",,NULL
"1.3.2.05.01.05.033","Laser Pointer","0001",,"M-Tech 2,4G",,"Unit","825000","Pembelian","2016-12-31","DISKOMINSA","Intra","Laser Pointer -- Aksesoris Jaringan dan Listrik Data Center PSITT BA: 07/16/BA-PP/2016","0",,"0000-00-00",,NULL
"1.3.2.05.01.05.033","Laser Pointer","0002",,"M-Tech 2,4G",,"Unit","825000","Pembelian","2016-12-31","DISKOMINSA","Intra","Laser Pointer -- Aksesoris Jaringan dan Listrik Data Center PSITT BA: 07/16/BA-PP/2016","0",,"0000-00-00",,NULL
"1.3.2.05.01.05.033","Laser Pointer","0003",,"M-Tech 2,4G",,"Unit","825000","Pembelian","2016-12-31","DISKOMINSA","Intra","Laser Pointer -- Aksesoris Jaringan dan Listrik Data Center PSITT BA: 07/16/BA-PP/2016","0",,"0000-00-00",,NULL
"1.3.2.05.01.05.033","Laser Pointer","0004",,"Targus P16 Wireless Prese",,"Unit","577500","Pembelian","2019-12-31","DISKOMINSA","Intra","Pengadaan Pointer Bidang E-Gov","0",,"0000-00-00",,NULL
"1.3.2.05.01.05.033","Laser Pointer","0005",,"Targus P16 Wireless Prese",,"Unit","577500","Pembelian","2019-12-31","DISKOMINSA","Intra","Pengadaan Pointer Bidang E-Gov","0",,"0000-00-00",,NULL
"1.3.2.05.01.05.033","Laser Pointer","0006",,"Logitech R400 Wireless Pr",,"Unit","297000","Pembelian","2019-12-31","DISKOMINSA","Extra","Pengadaan Pointer KIA","0",,"0000-00-00",,NULL
"1.3.2.05.01.05.033","Laser Pointer","0007",,"Logitech R400 Wireless Pr",,"Unit","297000","Pembelian","2019-12-31","DISKOMINSA","Extra","Pengadaan Pointer KIA","0",,"0000-00-00",,NULL
"1.3.2.05.01.05.033","Laser Pointer","0008",,"Logitech R400 Wireless Pr",,"Unit","297000","Pembelian","2019-12-31","DISKOMINSA","Extra","Pengadaan Pointer KIA","0",,"0000-00-00",,NULL
"1.3.2.05.01.05.033","Laser Pointer","0009",,"Logitech R400 Wireless Pr",,"Unit","297000","Pembelian","2019-12-31","DISKOMINSA","Extra","Pengadaan Pointer KIA","0",,"0000-00-00",,NULL
"1.3.2.05.01.05.033","Laser Pointer","0010",,"Logitech R400 Wireless Pr",,"Unit","297000","Pembelian","2019-12-31","DISKOMINSA","Extra","Pengadaan Pointer KIA","0",,"0000-00-00",,NULL
"1.3.2.05.01.05.043","LCD Projector/Infocus","0001",,"Sony / VPL-EX100",,"Unit","16252500","Pembelian","2011-12-31","DISKOMINSA","Intra","Infocus Dan Display","0",,"0000-00-00",,NULL
"1.3.2.05.01.05.043","LCD Projector/Infocus","0002",,"Sony / VPL-EX100",,"Unit","16252500","Pembelian","2011-12-31","DISKOMINSA","Intra","Infocus Dan Display","0",,"0000-00-00",,NULL
"1.3.2.05.01.05.043","LCD Projector/Infocus","0003",,"Sony / VPL-EX100",,"Unit","16252500","Pembelian","2011-12-31","DISKOMINSA","Intra","Infocus Dan Display","0",,"0000-00-00",,NULL
"1.3.2.05.01.05.043","LCD Projector/Infocus","0004",,"ASUS / LED P1",,"Unit","9050000","Pembelian","2013-12-31","DISKOMINSA","Intra","Proyektor, Sarana Komunikasi Gate Way","0",,"0000-00-00",,NULL
"1.3.2.05.01.05.043","LCD Projector/Infocus","0005",,"Infocus / IN5122",,"Unit","31295000","Pembelian","2013-12-31","DISKOMINSA","Intra","Projektor. Propel Dan PSITT","0",,"0000-00-00",,NULL
"1.3.2.05.01.05.043","LCD Projector/Infocus","0006",,"Infocus / IN5122",,"Unit","31295000","Pembelian","2013-12-31","DISKOMINSA","Intra","Projektor. Propel Dan PSITT","0",,"0000-00-00",,NULL
"1.3.2.05.01.05.043","LCD Projector/Infocus","0007",,"Infokus",,"Unit","59950000","Pembelian","2014-12-31","DISKOMINSA","Intra","UPTD Seuramo","0",,"0000-00-00",,NULL
"1.3.2.05.01.05.043","LCD Projector/Infocus","0008",,"Infokus",,"Unit","14685000","Pembelian","2014-12-31","DISKOMINSA","Intra","Bidang PSITT","0",,"0000-00-00",,NULL
"1.3.2.05.01.05.043","LCD Projector/Infocus","0009",,"Infokus",,"Unit","14685000","Pembelian","2014-12-31","DISKOMINSA","Intra","Bidang PSITT","0",,"0000-00-00",,NULL
"1.3.2.05.01.05.043","LCD Projector/Infocus","0010",,"Infokus",,"Unit","40000000","Pembelian","2014-12-31","DISKOMINSA","Intra","Proyektor dan Screen - UPTD Seuramo","0",,"0000-00-00",,NULL
"1.3.2.05.01.05.043","LCD Projector/Infocus","0011",,"Infokus",,"Unit","7900000","Pembelian","2014-12-31","DISKOMINSA","Intra","UPTD Seuramo","0",,"0000-00-00",,NULL
"1.3.2.05.01.05.043","LCD Projector/Infocus","0012",,"Infokus",,"Unit","7900000","Pembelian","2014-12-31","DISKOMINSA","Intra","UPTD Seuramo","0",,"0000-00-00",,NULL
"1.3.2.05.01.05.043","LCD Projector/Infocus","0013",,"Infokus",,"Unit","20000000","Pembelian","2014-12-31","DISKOMINSA","Intra","Screen Proyektor - UPTD Seuramo","0",,"0000-00-00",,NULL
"1.3.2.05.01.05.043","LCD Projector/Infocus","0014",,"Infokus",,"Unit","20000000","Pembelian","2014-12-31","DISKOMINSA","Intra","Screen Proyektor - UPTD Seuramo","0",,"0000-00-00",,NULL
"1.3.2.05.01.05.043","LCD Projector/Infocus","0015",,"Batalite / Quick Folt Fra",,"Unit","30000000","Pembelian","2014-12-31","DISKOMINSA","Intra","Screen LCD Proyektor - UPTD Seuramo","0",,"0000-00-00",,NULL
"1.3.2.05.01.05.043","LCD Projector/Infocus","0016",,"Batalite / Quick Folt Fra",,"Unit","30000000","Pembelian","2014-12-31","DISKOMINSA","Intra","Screen LCD Proyektor - UPTD Seuramo","0",,"0000-00-00",,NULL
"1.3.2.05.01.05.043","LCD Projector/Infocus","0017",,"Acer",,"Unit","5000000","Pembelian","2015-12-31","DISKOMINSA","Intra","KPIA (Proyektor)","0",,"0000-00-00",,NULL
"1.3.2.05.01.05.043","LCD Projector/Infocus","0018",,"Epson",,"Unit","17160000","Pembelian","2016-12-31","DISKOMINSA","Intra","Proyektor -- Aksesoris Jaringan dan Listrik Data Center PSITT BA: 07/16/BA-PP/2016","0",,"0000-00-00",,NULL
"1.3.2.05.01.05.043","LCD Projector/Infocus","0019",,"Infocus",,"Unit","8000000","Pembelian","2016-12-31","DISKOMINSA","Intra","Proyektor dan screen ruang rapat sekretariat (Proyektor Rp.7.300.000+biaya installasi Rp.700.000)","0",,"0000-00-00",,NULL
"1.3.2.05.01.05.043","LCD Projector/Infocus","0020",,"Epson / EB-1761W",,"Unit","13416700","Pembelian","2017-12-31","DISKOMINSA","Intra","Proyektor Epson -- Pengadaan Peralatan Pendukung Bimtek Jaringan Informasi Agribisnis PENAS KTNA 201","0",,"0000-00-00",,NULL
"1.3.2.05.01.05.043","LCD Projector/Infocus","0021",,"Epson / EB-1761W",,"Unit","13416700","Pembelian","2017-12-31","DISKOMINSA","Intra","Proyektor Epson -- Pengadaan Peralatan Pendukung Bimtek Jaringan Informasi Agribisnis PENAS KTNA 201","0",,"0000-00-00",,NULL
"1.3.2.05.01.05.043","LCD Projector/Infocus","0022",,"Epson / EB-1761W",,"Unit","13416700","Pembelian","2017-12-31","DISKOMINSA","Intra","Proyektor Epson -- Pengadaan Peralatan Pendukung Bimtek Jaringan Informasi Agribisnis PENAS KTNA 201","0",,"0000-00-00",,NULL
"1.3.2.05.01.05.043","LCD Projector/Infocus","0023",,"Epson / LCD Projector EB-",,"Unit","7892000","Pembelian","2017-12-31","DISKOMINSA","Intra","Pengadaan Proyektor/Infocus","0",,"0000-00-00",,NULL
"1.3.2.05.01.05.043","LCD Projector/Infocus","0024",,"BenQ Small Room Projector",,"Unit","9156200","Pembelian","2019-12-31","DISKOMINSA","Intra","Pengadaan Infokus (PKP)","0",,"0000-00-00",,NULL
"1.3.2.05.01.05.043","LCD Projector/Infocus","0025",,"BenQ Projector MX535",,"Unit","6963000","Pembelian","2019-12-31","DISKOMINSA","Intra","Pengadaan Infokus (E-Gov)","0",,"0000-00-00",,NULL
"1.3.2.05.01.05.043","LCD Projector/Infocus","0026",,"Asus S1 Mobile Led Projek",,"Unit","6287600","Pembelian","2019-12-31","DISKOMINSA","Intra","Pengadaan Mini Portable Projektor","0",,"0000-00-00",,NULL
"1.3.2.05.01.05.043","LCD Projector/Infocus","0027",,"Projector Epson EB-680",,"Unit","24310000","Pembelian","2020-12-31","DISKOMINSA","Intra","Pengadaan Projector (3 unit) (dau)/Rp. 72.930.000","0",,"0000-00-00",,NULL
"1.3.2.05.01.05.043","LCD Projector/Infocus","0028",,"Projector Epson EB-680",,"Unit","24310000","Pembelian","2020-12-31","DISKOMINSA","Intra","Pengadaan Projector (3 unit) (dau)/Rp. 72.930.000","0",,"0000-00-00",,NULL
"1.3.2.05.01.05.043","LCD Projector/Infocus","0029",,"Projector Epson EB-680",,"Unit","24310000","Pembelian","2020-12-31","DISKOMINSA","Intra","Pengadaan Projector (3 unit) (dau)/Rp. 72.930.000","0",,"0000-00-00",,NULL
"1.3.2.05.01.05.043","LCD Projector/Infocus","0030","Proyektor infocus dan layar","InFocus",,"Unit","9968000","Pembelian","2022-03-21","DISKOMINSA","Intra","Pengadaan Infocus dan Layar Bid. Sandi","0",,"0000-00-00",,NULL
"1.3.2.05.01.05.043","LCD Projector/Infocus","0031","Proyektor infocus","InFocus",,"Unit","13640000","Pembelian","2022-03-23","DISKOMINSA","Intra","Pengadaan projector Bid. PLIP","0",,"0000-00-00",,NULL
"1.3.2.05.01.05.043","LCD Projector/Infocus","0032","Infokus","Epson EB-982W",,"Unit","21518200","Pembelian","2022-03-28","DISKOMINSA","Intra","Pengadaan Projector/Infocus - UPTD Statistik","0",,"0000-00-00",,NULL
"1.3.2.05.01.05.052","Pintu Elektrik (yang Memakai Akses)","0001",,"Solution / X601 / Finger",,"Unit","12976000","Pembelian","2015-12-31","DISKOMINSA","Intra","PSITT/BA: 07/11/BA-PP/2015 (Finger Print Door Access)","0",,"0000-00-00",,NULL
"1.3.2.05.01.05.052","Pintu Elektrik (yang Memakai Akses)","0002",,"Solution / X601 / Finger",,"Unit","12976000","Pembelian","2015-12-31","DISKOMINSA","Intra","PSITT/BA: 07/11/BA-PP/2015 (Finger Print Door Access)","0",,"0000-00-00",,NULL
"1.3.2.05.01.05.052","Pintu Elektrik (yang Memakai Akses)","0003",,"Solution / X302-S / Finge",,"Unit","12966000","Pembelian","2015-12-31","DISKOMINSA","Intra","PSITT/BA: 07/11/BA-PP/2015 (Finger Print Door Access)","0",,"0000-00-00",,NULL
"1.3.2.05.01.05.052","Pintu Elektrik (yang Memakai Akses)","0004",,"Solution / X302-S / Finge",,"Unit","12966000","Pembelian","2015-12-31","DISKOMINSA","Intra","PSITT/BA: 07/11/BA-PP/2015 (Finger Print Door Access)","0",,"0000-00-00",,NULL
"1.3.2.05.01.05.052","Pintu Elektrik (yang Memakai Akses)","0005",,"Solution / X302-S / Finge",,"Unit","12966000","Pembelian","2015-12-31","DISKOMINSA","Intra","PSITT/BA: 07/11/BA-PP/2015 (Finger Print Door Access)","0",,"0000-00-00",,NULL
"1.3.2.05.01.05.052","Pintu Elektrik (yang Memakai Akses)","0006",,"Finger/Sensor Wajah + Mag",,"Unit","11647000","Pembelian","2019-12-31","DISKOMINSA","Intra","Pengadaan Security Doorlock (SANDI) (PAA)","0",,"0000-00-00",,NULL
"1.3.2.05.01.05.052","Pintu Elektrik (yang Memakai Akses)","0007",,"Finjer/Sensor Wajah + Mag",,"Unit","11834000","Pembelian","2019-12-31","DISKOMINSA","Intra","pengadaan security doorlock (DAU)","0",,"0000-00-00",,NULL
"1.3.2.05.01.05.052","Pintu Elektrik (yang Memakai Akses)","0008",,"Finjer/Sensor Wajah + Mag",,"Unit","11834000","Pembelian","2019-12-31","DISKOMINSA","Intra","pengadaan security doorlock (DAU)","0",,"0000-00-00",,NULL
"1.3.2.05.01.05.052","Pintu Elektrik (yang Memakai Akses)","0009",,"Finjer/Sensor Wajah + Mag",,"Unit","11834000","Pembelian","2019-12-31","DISKOMINSA","Intra","pengadaan security doorlock (DAU)","0",,"0000-00-00",,NULL
"1.3.2.05.01.05.052","Pintu Elektrik (yang Memakai Akses)","0010",,"Finjer/Sensor Wajah + Mag",,"Unit","11834000","Pembelian","2019-12-31","DISKOMINSA","Intra","pengadaan security doorlock (DAU)","0",,"0000-00-00",,NULL
"1.3.2.05.01.05.052","Pintu Elektrik (yang Memakai Akses)","0011",,"Finjer/Sensor Wajah + Mag",,"Unit","11834000","Pembelian","2019-12-31","DISKOMINSA","Intra","pengadaan security doorlock (DAU)","0",,"0000-00-00",,NULL
"1.3.2.05.01.05.052","Pintu Elektrik (yang Memakai Akses)","0012",,"Finjer/Sensor Wajah + Mag",,"Unit","11835000","Pembelian","2019-12-31","DISKOMINSA","Intra","pengadaan security doorlock (DAU)","0",,"0000-00-00",,NULL
"1.3.2.05.01.05.053","Focusing Screen/Layar LCD Projector","0001",,"Brite Motorized 84"" (TMR-",,"Unit","4468000","Pembelian","2018-12-31","DISKOMINSA","Intra","Pengadaan Screen (Layar) Proyektor -- Bid. E-Gov","0",,"0000-00-00",,NULL
"1.3.2.05.01.05.076","Papan Nama Instansi","0003",,"Papan Nama Kantor Utama",,"Unit","29850000","Pembelian","2017-12-31","DISKOMINSA","Intra","Papan Nama Instansi Dinas Komunikasi, Informatika dan Persandian Aceh","0",,"0000-00-00",,NULL
"1.3.2.05.01.05.091","Alat Penyimpan Rekaman CCTV/ Digital Video Recorder (DVR)","0001",,"Stealth DVR 16 Channel",,"Unit","9195400","Pembelian","2019-12-31","DISKOMINSA","Intra","Pengadaan CCTV (Camera Indoor 4 MP 4 unit, DVR 16 Channel 1 Unit, Hardisk 4 TB 1 Unit) (DAU)","0",,"0000-00-00",,NULL
"1.3.2.05.01.05.091","Alat Penyimpan Rekaman CCTV/ Digital Video Recorder (DVR)","0002",,"SPC DVR 8 ch + Harddisk 1",,"Unit","4376038","Pembelian","2019-12-31","DISKOMINSA","Intra","Pengadaan CCTV (KIA)","0",,"0000-00-00",,NULL
"1.3.2.05.01.05.091","Alat Penyimpan Rekaman CCTV/ Digital Video Recorder (DVR)","0003",,"Stealth",,"Unit","5100480","Pembelian","2017-12-31","DISKOMINSA","Intra","DVR 16 ch -- Pemeliharaan Jaringan BAST No. 041/BAST/PPTK-SEKRETARIAT/XI/2017 Tgl. 08/11/2017","0",,"0000-00-00",,NULL
"1.3.2.05.02.01.002","Meja Kerja Kayu","0005",,"Softboard",,"Unit","650000","Pembelian","2009-12-31","DISKOMINSA","Intra","Meja TV untuk monitor","0",,"0000-00-00",,NULL
"1.3.2.05.02.01.002","Meja Kerja Kayu","0006",,"Softboard",,"Unit","650000","Pembelian","2009-12-31","DISKOMINSA","Intra","Meja TV untuk monitor","0",,"0000-00-00",,NULL
"1.3.2.05.02.01.002","Meja Kerja Kayu","0007",,"Softboard",,"Unit","650000","Pembelian","2009-12-31","DISKOMINSA","Intra","Meja TV untuk monitor","0",,"0000-00-00",,NULL
"1.3.2.05.02.01.002","Meja Kerja Kayu","0001",,,,"Unit","21525500","Pembelian","2013-12-31","DISKOMINSA","Intra","Meja. UPTD Telematika","0",,"0000-00-00",,NULL
"1.3.2.05.02.01.002","Meja Kerja Kayu","0002",,,,"Unit","15966500","Pembelian","2013-12-31","DISKOMINSA","Intra","Meja . UPTD Telematika","0",,"0000-00-00",,NULL
"1.3.2.05.02.01.002","Meja Kerja Kayu","0003",,,,"Unit","2376000","Pembelian","2013-12-31","DISKOMINSA","Intra","Meja . UPTD Telematika","0",,"0000-00-00",,NULL
"1.3.2.05.02.01.002","Meja Kerja Kayu","0004",,,,"Unit","2376000","Pembelian","2013-12-31","DISKOMINSA","Intra","Meja . UPTD Telematika","0",,"0000-00-00",,NULL
"1.3.2.05.02.01.002","Meja Kerja Kayu","0005",,,,"Unit","2376000","Pembelian","2013-12-31","DISKOMINSA","Intra","Meja . UPTD Telematika","0",,"0000-00-00",,NULL
"1.3.2.05.02.01.002","Meja Kerja Kayu","0006",,,,"Unit","2376000","Pembelian","2013-12-31","DISKOMINSA","Intra","Meja . UPTD Telematika","0",,"0000-00-00",,NULL
"1.3.2.05.02.01.002","Meja Kerja Kayu","0007",,,,"Unit","5318500","Pembelian","2014-12-31","DISKOMINSA","Intra","Meja Baca - UPTD Seuramo","0",,"0000-00-00",,NULL
"1.3.2.05.02.01.002","Meja Kerja Kayu","0001",,,,"Unit","10450000","Pembelian","2015-12-31","DISKOMINSA","Intra","Meja Direktur LKBN Antara","0",,"0000-00-00",,NULL
"1.3.2.05.02.01.002","Meja Kerja Kayu","0012","Meja Kerja Material MFC","Informa",,"Unit","3285600","Pembelian","2022-08-03","DISKOMINSA","Intra","Pengadaan Meja Kerja","0",,"0000-00-00",,NULL
"1.3.2.05.02.01.002","Meja Kerja Kayu","0013","Meja Kerja Material MFC","Informa",,"Unit","3285600","Pembelian","2022-08-03","DISKOMINSA","Intra","Pengadaan Meja Kerja","0",,"0000-00-00",,NULL
"1.3.2.05.02.01.002","Meja Kerja Kayu","0014","Meja Kerja Material MFC","Informa",,"Unit","3285600","Pembelian","2022-08-03","DISKOMINSA","Intra","Pengadaan Meja Kerja","0",,"0000-00-00",,NULL
"1.3.2.05.02.01.002","Meja Kerja Kayu","0015","Meja Kerja Material MFC","Informa",,"Unit","3285600","Pembelian","2022-08-03","DISKOMINSA","Intra","Pengadaan Meja Kerja","0",,"0000-00-00",,NULL
"1.3.2.05.02.01.002","Meja Kerja Kayu","0016","Meja Kerja Material MFC","Informa",,"Unit","3285600","Pembelian","2022-08-03","DISKOMINSA","Intra","Pengadaan Meja Kerja","0",,"0000-00-00",,NULL
"1.3.2.05.02.01.003","Kursi Besi/Metal","0016",,"Kursi Tunggu Besi",,"Unit","5995000","Pembelian","2019-12-31","DISKOMINSA","Intra","Pengadaan Kursi Ruang Tunggu PPID Utama (DAU)","0",,"0000-00-00",,NULL
"1.3.2.05.02.01.003","Kursi Besi/Metal","0017",,"Kursi Tunggu Besi",,"Unit","5995000","Pembelian","2019-12-31","DISKOMINSA","Intra","Pengadaan Kursi Ruang Tunggu PPID Utama (DAU)","0",,"0000-00-00",,NULL
"1.3.2.05.02.01.003","Kursi Besi/Metal","0018",,"Furnilux",,"Unit","307453","Hibah","2008-12-31","DISKOMINSA","Intra","Pengadaan Mobiler Rumah Dinas Infokom NAD No. Kontrak S.32/SPK/BRR.889773/II/2008 Tgl. 10/03/2008; H","0",,"0000-00-00",,NULL
"1.3.2.05.02.01.003","Kursi Besi/Metal","0019",,"Furnilux",,"Unit","307453","Hibah","2008-12-31","DISKOMINSA","Intra","Pengadaan Mobiler Rumah Dinas Infokom NAD No. Kontrak S.32/SPK/BRR.889773/II/2008 Tgl. 10/03/2008; H","0",,"0000-00-00",,NULL
"1.3.2.05.02.01.003","Kursi Besi/Metal","0020",,"Furnilux",,"Unit","307453","Hibah","2008-12-31","DISKOMINSA","Intra","Pengadaan Mobiler Rumah Dinas Infokom NAD No. Kontrak S.32/SPK/BRR.889773/II/2008 Tgl. 10/03/2008; H","0",,"0000-00-00",,NULL
"1.3.2.05.02.01.003","Kursi Besi/Metal","0021",,"Furnilux",,"Unit","307453","Hibah","2008-12-31","DISKOMINSA","Intra","Pengadaan Mobiler Rumah Dinas Infokom NAD No. Kontrak S.32/SPK/BRR.889773/II/2008 Tgl. 10/03/2008; H","0",,"0000-00-00",,NULL
"1.3.2.05.02.01.003","Kursi Besi/Metal","0022",,"Furnilux",,"Unit","307453","Hibah","2008-12-31","DISKOMINSA","Intra","Pengadaan Mobiler Rumah Dinas Infokom NAD No. Kontrak S.32/SPK/BRR.889773/II/2008 Tgl. 10/03/2008; H","0",,"0000-00-00",,NULL
"1.3.2.05.02.01.003","Kursi Besi/Metal","0023",,"Furnilux",,"Unit","307453","Hibah","2008-12-31","DISKOMINSA","Intra","Pengadaan Mobiler Rumah Dinas Infokom NAD No. Kontrak S.32/SPK/BRR.889773/II/2008 Tgl. 10/03/2008; H","0",,"0000-00-00",,NULL
"1.3.2.05.02.01.003","Kursi Besi/Metal","0024",,"Kursi Tunggu 4 Seater Den",,"Unit","5501000","Pembelian","2020-12-31","DISKOMINSA","Intra","Pengadaan Kursi Tunggu 4 Seater Dengan Sandaran dan Jok/Rp.11.002.000","0",,"0000-00-00",,NULL
"1.3.2.05.02.01.003","Kursi Besi/Metal","0025",,"Kursi Tunggu 4 Seater Den",,"Unit","5501000","Pembelian","2020-12-31","DISKOMINSA","Intra","Pengadaan Kursi Tunggu 4 Seater Dengan Sandaran dan Jok/Rp.11.002.000","0",,"0000-00-00",,NULL
"1.3.2.05.02.01.004","Kursi Kayu","0001",,,,"Unit","180000","Pembelian","2007-12-31","DISKOMINSA","Extra","Kursi Tinggi Untuk Ruang Server","0",,"0000-00-00",,NULL
"1.3.2.05.02.01.004","Kursi Kayu","0002",,,,"Unit","180000","Pembelian","2007-12-31","DISKOMINSA","Extra","Kursi Tinggi Untuk Ruang Server","0",,"0000-00-00",,NULL
"1.3.2.05.02.01.004","Kursi Kayu","0003",,,,"Unit","180000","Pembelian","2007-12-31","DISKOMINSA","Extra","Kursi Tinggi Untuk Ruang Server","0",,"0000-00-00",,NULL
"1.3.2.05.02.01.004","Kursi Kayu","0004",,"Kursi Sidang terkombinasi",,"Unit","7975000","Pembelian","2019-12-31","DISKOMINSA","Intra","Pengadaan Kursi Sidang Majelis Komisioner dan Panitera (Kursi Kayu Tempahan( (KIA) (DBH)","0",,"0000-00-00",,NULL
"1.3.2.05.02.01.004","Kursi Kayu","0005",,"Kursi Sidang terkombinasi",,"Unit","7975000","Pembelian","2019-12-31","DISKOMINSA","Intra","Pengadaan Kursi Sidang Majelis Komisioner dan Panitera (Kursi Kayu Tempahan( (KIA) (DBH)","0",,"0000-00-00",,NULL
"1.3.2.05.02.01.004","Kursi Kayu","0006",,"Kursi Sidang terkombinasi",,"Unit","7975000","Pembelian","2019-12-31","DISKOMINSA","Intra","Pengadaan Kursi Sidang Majelis Komisioner dan Panitera (Kursi Kayu Tempahan( (KIA) (DBH)","0",,"0000-00-00",,NULL
"1.3.2.05.02.01.004","Kursi Kayu","0007",,"Kursi Sidang terkombinasi",,"Unit","7975000","Pembelian","2019-12-31","DISKOMINSA","Intra","Pengadaan Kursi Sidang Majelis Komisioner dan Panitera (Kursi Kayu Tempahan( (KIA) (DBH)","0",,"0000-00-00",,NULL
"1.3.2.05.02.01.004","Kursi Kayu","0008",,"Modis Tamara",,"Unit","1381086","Hibah","2008-12-31","DISKOMINSA","Intra","Pengadaan Mobiler Rumah Dinas Infokom NAD No. Kontrak S.32/SPK/BRR.889773/II/2008 Tgl. 10/03/2008; H","0",,"0000-00-00",,NULL
"1.3.2.05.02.01.004","Kursi Kayu","0009",,"Modis Tamara",,"Unit","1381086","Hibah","2008-12-31","DISKOMINSA","Intra","Pengadaan Mobiler Rumah Dinas Infokom NAD No. Kontrak S.32/SPK/BRR.889773/II/2008 Tgl. 10/03/2008; H","0",,"0000-00-00",,NULL
"1.3.2.05.02.01.004","Kursi Kayu","0010",,"Modis Tamara",,"Unit","1381086","Hibah","2008-12-31","DISKOMINSA","Intra","Pengadaan Mobiler Rumah Dinas Infokom NAD No. Kontrak S.32/SPK/BRR.889773/II/2008 Tgl. 10/03/2008; H","0",,"0000-00-00",,NULL
"1.3.2.05.02.01.004","Kursi Kayu","0011",,"Modis Tamara",,"Unit","1381086","Hibah","2008-12-31","DISKOMINSA","Intra","Pengadaan Mobiler Rumah Dinas Infokom NAD No. Kontrak S.32/SPK/BRR.889773/II/2008 Tgl. 10/03/2008; H","0",,"0000-00-00",,NULL
"1.3.2.05.02.01.008","Meja Rapat","0001",,,,"Unit","17490000","Pembelian","2014-12-31","DISKOMINSA","Intra","UPTD Seuramo","0",,"0000-00-00",,NULL
"1.3.2.05.02.01.009","Tempat Tidur Besi","0001",,"Valbed",,"Unit","935000","Pembelian","2012-12-31","DISKOMINSA","Intra","Valbed, Peralatan Penguatan Jaringan Mobil Monitoring","0",,"0000-00-00",,NULL
"1.3.2.05.02.01.009","Tempat Tidur Besi","0002",,"Valbed",,"Unit","935000","Pembelian","2012-12-31","DISKOMINSA","Intra","Valbed, Peralatan Penguatan Jaringan Mobil Monitoring","0",,"0000-00-00",,NULL
"1.3.2.05.02.01.009","Tempat Tidur Besi","0003",,"Valbed",,"Unit","935000","Pembelian","2012-12-31","DISKOMINSA","Intra","Valbed, Peralatan Penguatan Jaringan Mobil Monitoring","0",,"0000-00-00",,NULL
"1.3.2.05.02.01.009","Tempat Tidur Besi","0004",,"Valbed",,"Unit","935000","Pembelian","2012-12-31","DISKOMINSA","Intra","Valbed, Peralatan Penguatan Jaringan Mobil Monitoring","0",,"0000-00-00",,NULL
"1.3.2.05.02.01.009","Tempat Tidur Besi","0005",,"Valbed",,"Unit","4950000","Pembelian","2012-12-31","DISKOMINSA","Intra","Valbed, Peralatan Penguatan Jaringan Mobil Monitoring","0",,"0000-00-00",,NULL
"1.3.2.05.02.01.014","Meja Resepsionis","0001",,"Meja Counter",,"Unit","30470000","Pembelian","2016-12-31","DISKOMINSA","Intra","Meja counter fiber -- Fasilitas Pendukung Perangkat Mobil Komunikasi UPTD Telematika BA: 10/15.b/BA-","0",,"0000-00-00",,NULL
"1.3.2.05.02.01.014","Meja Resepsionis","0002","Meja TV KIA","ACTIV Furniture",,"Unit","3850000","Pembelian","2022-03-30","DISKOMINSA","Intra","Pengadaan Kursi Kerja Komisioner, Kursi Rapat, Meja TV - KIA","0",,"0000-00-00",,NULL
"1.3.2.05.02.01.016","Meja Tambahan","0001",,"Modis Tamara (Meja Potong",,"Unit","850000","Hibah","2008-12-31","DISKOMINSA","Intra","Pengadaan Mobiler Rumah Dinas Infokom NAD No. Kontrak S.32/SPK/BRR.889773/II/2008 Tgl. 10/03/2008; H","0",,"0000-00-00",,NULL
"1.3.2.05.02.01.025","Kasur/Spring Bed","0001",,"Modis",,"Unit","4192173","Hibah","2008-12-31","DISKOMINSA","Intra","Pengadaan Mobiler Rumah Dinas Infokom NAD No. Kontrak S.32/SPK/BRR.889773/II/2008 Tgl. 10/03/2008; H","0",,"0000-00-00",,NULL
"1.3.2.05.02.01.025","Kasur/Spring Bed","0002",,"Modis",,"Unit","4192172","Hibah","2008-12-31","DISKOMINSA","Intra","Pengadaan Mobiler Rumah Dinas Infokom NAD No. Kontrak S.32/SPK/BRR.889773/II/2008 Tgl. 10/03/2008; H","0",,"0000-00-00",,NULL
"1.3.2.05.02.01.028","Meja Makan Kayu","0001",,"Furnilux",,"Unit","700000","Hibah","2008-12-31","DISKOMINSA","Intra","Pengadaan Mobiler Rumah Dinas Infokom NAD No. Kontrak S.32/SPK/BRR.889773/II/2008 Tgl. 10/03/2008; H","0",,"0000-00-00",,NULL
"1.3.2.05.02.01.030","Kursi Rapat","0001","Kursi Rapat KIA","informa council visitor c",,"Unit","3300000","Pembelian","2022-03-30","DISKOMINSA","Intra","Pengadaan Kursi Kerja Komisioner, Kursi Rapat, Meja TV - KIA","0",,"0000-00-00",,NULL
"1.3.2.05.02.01.030","Kursi Rapat","0002","Kursi Rapat KIA","informa council visitor c",,"Unit","3300000","Pembelian","2022-03-30","DISKOMINSA","Intra","Pengadaan Kursi Kerja Komisioner, Kursi Rapat, Meja TV - KIA","0",,"0000-00-00",,NULL
"1.3.2.05.02.01.030","Kursi Rapat","0003","Kursi Rapat KIA","informa council visitor c",,"Unit","3300000","Pembelian","2022-03-30","DISKOMINSA","Intra","Pengadaan Kursi Kerja Komisioner, Kursi Rapat, Meja TV - KIA","0",,"0000-00-00",,NULL
"1.3.2.05.02.01.030","Kursi Rapat","0004","Kursi Rapat KIA","informa council visitor c",,"Unit","3300000","Pembelian","2022-03-30","DISKOMINSA","Intra","Pengadaan Kursi Kerja Komisioner, Kursi Rapat, Meja TV - KIA","0",,"0000-00-00",,NULL
"1.3.2.05.02.01.030","Kursi Rapat","0005","Kursi Rapat KIA","informa council visitor c",,"Unit","3300000","Pembelian","2022-03-30","DISKOMINSA","Intra","Pengadaan Kursi Kerja Komisioner, Kursi Rapat, Meja TV - KIA","0",,"0000-00-00",,NULL
"1.3.2.05.02.01.030","Kursi Rapat","0006","Kursi Rapat KIA","Informa",,"Unit","2497000","Pembelian","2022-03-30","DISKOMINSA","Intra","Pengadaan Kursi Kerja Komisioner, Kursi Rapat, Meja TV - KIA","0",,"0000-00-00",,NULL
"1.3.2.05.02.01.030","Kursi Rapat","0007","Kursi Rapat KIA","Informa",,"Unit","2497000","Pembelian","2022-03-30","DISKOMINSA","Intra","Pengadaan Kursi Kerja Komisioner, Kursi Rapat, Meja TV - KIA","0",,"0000-00-00",,NULL
"1.3.2.05.02.01.030","Kursi Rapat","0008","Kursi Rapat KIA","Informa",,"Unit","2497000","Pembelian","2022-03-30","DISKOMINSA","Intra","Pengadaan Kursi Kerja Komisioner, Kursi Rapat, Meja TV - KIA","0",,"0000-00-00",,NULL
"1.3.2.05.02.01.030","Kursi Rapat","0009","Kursi Rapat KIA","Informa",,"Unit","2497000","Pembelian","2022-03-30","DISKOMINSA","Intra","Pengadaan Kursi Kerja Komisioner, Kursi Rapat, Meja TV - KIA","0",,"0000-00-00",,NULL
"1.3.2.05.02.01.030","Kursi Rapat","0010","Kursi Rapat KIA","Informa",,"Unit","2497000","Pembelian","2022-03-30","DISKOMINSA","Intra","Pengadaan Kursi Kerja Komisioner, Kursi Rapat, Meja TV - KIA","0",,"0000-00-00",,NULL
"1.3.2.05.02.01.030","Kursi Rapat","0011","Kursi Rapat KIA","Informa",,"Unit","2497000","Pembelian","2022-03-30","DISKOMINSA","Intra","Pengadaan Kursi Kerja Komisioner, Kursi Rapat, Meja TV - KIA","0",,"0000-00-00",,NULL
"1.3.2.05.02.01.030","Kursi Rapat","0012","Kursi Rapat KIA","Informa",,"Unit","2497000","Pembelian","2022-03-30","DISKOMINSA","Intra","Pengadaan Kursi Kerja Komisioner, Kursi Rapat, Meja TV - KIA","0",,"0000-00-00",,NULL
"1.3.2.05.02.01.030","Kursi Rapat","0013","Kursi Rapat KIA","Informa",,"Unit","2497000","Pembelian","2022-03-30","DISKOMINSA","Intra","Pengadaan Kursi Kerja Komisioner, Kursi Rapat, Meja TV - KIA","0",,"0000-00-00",,NULL
"1.3.2.05.02.01.032","Kursi Putar","0001",,"Stanlees Steel",,"Unit","245000","Hibah","2007-12-31","DISKOMINSA","Extra","Reklas dari TDF (2020), Hibah Depkominfo","0",,"0000-00-00",,NULL
"1.3.2.05.02.01.032","Kursi Putar","0002",,"Futura",,"Unit","1732500","Pembelian","2013-12-31","DISKOMINSA","Intra","kursi Putar. UPTD Telematika","0",,"0000-00-00",,NULL
"1.3.2.05.02.01.032","Kursi Putar","0003",,"Futura",,"Unit","1732500","Pembelian","2013-12-31","DISKOMINSA","Intra","kursi Putar. UPTD Telematika","0",,"0000-00-00",,NULL
"1.3.2.05.02.01.032","Kursi Putar","0004",,"Futura",,"Unit","1732500","Pembelian","2013-12-31","DISKOMINSA","Intra","kursi Putar. UPTD Telematika","0",,"0000-00-00",,NULL
"1.3.2.05.02.01.032","Kursi Putar","0005",,"Futura",,"Unit","1732500","Pembelian","2013-12-31","DISKOMINSA","Intra","kursi Putar. UPTD Telematika","0",,"0000-00-00",,NULL
"1.3.2.05.02.01.032","Kursi Putar","0006",,"Futura",,"Unit","1281500","Pembelian","2013-12-31","DISKOMINSA","Intra","Kursi. UPTD Telematika","0",,"0000-00-00",,NULL
"1.3.2.05.02.01.032","Kursi Putar","0007",,"Futura",,"Unit","1281500","Pembelian","2013-12-31","DISKOMINSA","Intra","Kursi. UPTD Telematika","0",,"0000-00-00",,NULL
"1.3.2.05.02.01.032","Kursi Putar","0008",,"Futura",,"Unit","1281500","Pembelian","2013-12-31","DISKOMINSA","Intra","Kursi. UPTD Telematika","0",,"0000-00-00",,NULL
"1.3.2.05.02.01.032","Kursi Putar","0009",,"Futura",,"Unit","1281500","Pembelian","2013-12-31","DISKOMINSA","Intra","Kursi. UPTD Telematika","0",,"0000-00-00",,NULL
"1.3.2.05.02.01.032","Kursi Putar","0010",,"T.511",,"Unit","1650000","Pembelian","2014-12-31","DISKOMINSA","Intra","Kursi Ruang Pelatihan - UPTD Telematika","0",,"0000-00-00",,NULL
"1.3.2.05.02.01.032","Kursi Putar","0011",,"T.511",,"Unit","1650000","Pembelian","2014-12-31","DISKOMINSA","Intra","Kursi Ruang Pelatihan - UPTD Telematika","0",,"0000-00-00",,NULL
"1.3.2.05.02.01.032","Kursi Putar","0012",,"T.511",,"Unit","1650000","Pembelian","2014-12-31","DISKOMINSA","Intra","Kursi Ruang Pelatihan - UPTD Telematika","0",,"0000-00-00",,NULL
"1.3.2.05.02.01.032","Kursi Putar","0013",,"T.511",,"Unit","1650000","Pembelian","2014-12-31","DISKOMINSA","Intra","Kursi Ruang Pelatihan - UPTD Telematika","0",,"0000-00-00",,NULL
"1.3.2.05.02.01.032","Kursi Putar","0014",,"T.511",,"Unit","1650000","Pembelian","2014-12-31","DISKOMINSA","Intra","Kursi Ruang Pelatihan - UPTD Telematika","0",,"0000-00-00",,NULL
"1.3.2.05.02.01.032","Kursi Putar","0015",,"T.511",,"Unit","1650000","Pembelian","2014-12-31","DISKOMINSA","Intra","Kursi Ruang Pelatihan - UPTD Telematika","0",,"0000-00-00",,NULL
"1.3.2.05.02.01.032","Kursi Putar","0016",,"T.511",,"Unit","1650000","Pembelian","2014-12-31","DISKOMINSA","Intra","Kursi Ruang Pelatihan - UPTD Telematika","0",,"0000-00-00",,NULL
"1.3.2.05.02.01.032","Kursi Putar","0017",,"T.511",,"Unit","1650000","Pembelian","2014-12-31","DISKOMINSA","Intra","Kursi Ruang Pelatihan - UPTD Telematika","0",,"0000-00-00",,NULL
"1.3.2.05.02.01.032","Kursi Putar","0018",,"Futura",,"Unit","770000","Pembelian","2014-12-31","DISKOMINSA","Intra","Kursi Ruang Monitor - UPTD Telematika","0",,"0000-00-00",,NULL
"1.3.2.05.02.01.032","Kursi Putar","0019",,"Futura",,"Unit","770000","Pembelian","2014-12-31","DISKOMINSA","Intra","Kursi Ruang Monitor - UPTD Telematika","0",,"0000-00-00",,NULL
"1.3.2.05.02.01.032","Kursi Putar","0020",,"T.853 HD",,"Unit","2200000","Pembelian","2014-12-31","DISKOMINSA","Intra","Kursi di Meja Pelayanan - Ruang PPID","0",,"0000-00-00",,NULL
"1.3.2.05.02.01.032","Kursi Putar","0021",,"T.853 HD",,"Unit","2200000","Pembelian","2014-12-31","DISKOMINSA","Intra","Kursi di Meja Pelayanan - Ruang PPID","0",,"0000-00-00",,NULL
"1.3.2.05.02.01.032","Kursi Putar","0022",,"T.853 HD",,"Unit","2200000","Pembelian","2014-12-31","DISKOMINSA","Intra","Kursi di Meja Pelayanan - Ruang PPID","0",,"0000-00-00",,NULL
"1.3.2.05.02.01.032","Kursi Putar","0023","Kursi Kerja Komisioner KIA","Kursi Kerja Komisioner KI",,"Unit","1925000","Pembelian","2022-03-30","DISKOMINSA","Intra","Pengadaan Kursi Kerja Komisioner, Kursi Rapat, Meja TV - KIA","0",,"0000-00-00",,NULL
"1.3.2.05.02.01.032","Kursi Putar","0024","Kursi Kerja Komisioner KIA","Kursi Kerja Komisioner KI",,"Unit","1925000","Pembelian","2022-03-30","DISKOMINSA","Intra","Pengadaan Kursi Kerja Komisioner, Kursi Rapat, Meja TV - KIA","0",,"0000-00-00",,NULL
"1.3.2.05.02.01.032","Kursi Putar","0025","Kursi Kerja Komisioner KIA","Kursi Kerja Komisioner KI",,"Unit","1925000","Pembelian","2022-03-30","DISKOMINSA","Intra","Pengadaan Kursi Kerja Komisioner, Kursi Rapat, Meja TV - KIA","0",,"0000-00-00",,NULL
"1.3.2.05.02.01.032","Kursi Putar","0026","Kursi Kerja Komisioner KIA","Kursi Kerja Komisioner KI",,"Unit","1925000","Pembelian","2022-03-30","DISKOMINSA","Intra","Pengadaan Kursi Kerja Komisioner, Kursi Rapat, Meja TV - KIA","0",,"0000-00-00",,NULL
"1.3.2.05.02.01.032","Kursi Putar","0027","Kursi Kerja Komisioner KIA","Kursi Kerja Komisioner KI",,"Unit","1925000","Pembelian","2022-03-30","DISKOMINSA","Intra","Pengadaan Kursi Kerja Komisioner, Kursi Rapat, Meja TV - KIA","0",,"0000-00-00",,NULL
"1.3.2.05.02.01.032","Kursi Putar","0028","Kursi Kerja Putar","Informa",,"Unit","2192000","Pembelian","2022-08-03","DISKOMINSA","Intra","Pengadaan Kursi Kerja","0",,"0000-00-00",,NULL
"1.3.2.05.02.01.032","Kursi Putar","0029","Kursi Kerja Putar ada lengan","Informa",,"Unit","1309800","Pembelian","2022-08-03","DISKOMINSA","Intra","Pengadaan Kursi Kerja Putar Aula Ada Lengan","0",,"0000-00-00",,NULL
"1.3.2.05.02.01.032","Kursi Putar","0030","Kursi Kerja Putar ada lengan","Informa",,"Unit","1309800","Pembelian","2022-08-03","DISKOMINSA","Intra","Pengadaan Kursi Kerja Putar Aula Ada Lengan","0",,"0000-00-00",,NULL
"1.3.2.05.02.01.032","Kursi Putar","0031","Kursi Kerja Putar ada lengan","Informa",,"Unit","1309800","Pembelian","2022-08-03","DISKOMINSA","Intra","Pengadaan Kursi Kerja Putar Aula Ada Lengan","0",,"0000-00-00",,NULL
"1.3.2.05.02.01.032","Kursi Putar","0032","Kursi Kerja Putar ada lengan","Informa",,"Unit","1309800","Pembelian","2022-08-03","DISKOMINSA","Intra","Pengadaan Kursi Kerja Putar Aula Ada Lengan","0",,"0000-00-00",,NULL
"1.3.2.05.02.01.032","Kursi Putar","0033","Kursi Kerja Putar ada lengan","Informa",,"Unit","1309800","Pembelian","2022-08-03","DISKOMINSA","Intra","Pengadaan Kursi Kerja Putar Aula Ada Lengan","0",,"0000-00-00",,NULL
"1.3.2.05.02.01.032","Kursi Putar","0023",,,,"Unit","6820000","Pembelian","2015-12-31","DISKOMINSA","Intra","Kursi Direktur LKBN Antara","0",,"0000-00-00",,NULL
"1.3.2.05.02.01.033","Kursi Biasa","0001",,,,"Unit","550000","Pembelian","2014-12-31","DISKOMINSA","Intra","Kursi Baca - UPTD Seuramo","0",,"0000-00-00",,NULL
"1.3.2.05.02.01.033","Kursi Biasa","0002",,,,"Unit","550000","Pembelian","2014-12-31","DISKOMINSA","Intra","Kursi Baca - UPTD Seuramo","0",,"0000-00-00",,NULL
"1.3.2.05.02.01.033","Kursi Biasa","0003",,,,"Unit","550000","Pembelian","2014-12-31","DISKOMINSA","Intra","Kursi Baca - UPTD Seuramo","0",,"0000-00-00",,NULL
"1.3.2.05.02.01.033","Kursi Biasa","0004",,,,"Unit","550000","Pembelian","2014-12-31","DISKOMINSA","Intra","Kursi Baca - UPTD Seuramo","0",,"0000-00-00",,NULL
"1.3.2.05.02.01.033","Kursi Biasa","0005",,,,"Unit","550000","Pembelian","2014-12-31","DISKOMINSA","Intra","Kursi Baca - UPTD Seuramo","0",,"0000-00-00",,NULL
"1.3.2.05.02.01.033","Kursi Biasa","0006",,,,"Unit","550000","Pembelian","2014-12-31","DISKOMINSA","Intra","Kursi Baca - UPTD Seuramo","0",,"0000-00-00",,NULL
"1.3.2.05.02.01.033","Kursi Biasa","0007",,,,"Unit","550000","Pembelian","2014-12-31","DISKOMINSA","Intra","Kursi Baca - UPTD Seuramo","0",,"0000-00-00",,NULL
"1.3.2.05.02.01.033","Kursi Biasa","0008",,,,"Unit","550000","Pembelian","2014-12-31","DISKOMINSA","Intra","Kursi Baca - UPTD Seuramo","0",,"0000-00-00",,NULL
"1.3.2.05.02.01.033","Kursi Biasa","0009",,,,"Unit","550000","Pembelian","2014-12-31","DISKOMINSA","Intra","Kursi Baca - UPTD Seuramo","0",,"0000-00-00",,NULL
"1.3.2.05.02.01.033","Kursi Biasa","0010",,,,"Unit","550000","Pembelian","2014-12-31","DISKOMINSA","Intra","Kursi Baca - UPTD Seuramo","0",,"0000-00-00",,NULL
"1.3.2.05.02.01.033","Kursi Biasa","0011",,"Kursi Baca Perpustakaan",,"Unit","551375","Pembelian","2018-12-31","DISKOMINSA","Intra","Pengadaan Meubelair.","0",,"0000-00-00",,NULL
"1.3.2.05.02.01.033","Kursi Biasa","0012",,"Kursi Baca Perpustakaan",,"Unit","551375","Pembelian","2018-12-31","DISKOMINSA","Intra","Pengadaan Meubelair.","0",,"0000-00-00",,NULL
"1.3.2.05.02.01.033","Kursi Biasa","0013",,"Kursi Baca Perpustakaan",,"Unit","551375","Pembelian","2018-12-31","DISKOMINSA","Intra","Pengadaan Meubelair.","0",,"0000-00-00",,NULL
"1.3.2.05.02.01.033","Kursi Biasa","0014",,"Kursi Baca Perpustakaan",,"Unit","551375","Pembelian","2018-12-31","DISKOMINSA","Intra","Pengadaan Meubelair.","0",,"0000-00-00",,NULL
"1.3.2.05.02.01.033","Kursi Biasa","0015",,"Kursi Baca Perpustakaan",,"Unit","551375","Pembelian","2018-12-31","DISKOMINSA","Intra","Pengadaan Meubelair.","0",,"0000-00-00",,NULL
"1.3.2.05.02.01.033","Kursi Biasa","0016",,"Kursi Baca Perpustakaan",,"Unit","551375","Pembelian","2018-12-31","DISKOMINSA","Intra","Pengadaan Meubelair.","0",,"0000-00-00",,NULL
"1.3.2.05.02.01.033","Kursi Biasa","0017",,"Kursi Baca Perpustakaan",,"Unit","551375","Pembelian","2018-12-31","DISKOMINSA","Intra","Pengadaan Meubelair.","0",,"0000-00-00",,NULL
"1.3.2.05.02.01.033","Kursi Biasa","0018",,"Kursi Baca Perpustakaan",,"Unit","551375","Pembelian","2018-12-31","DISKOMINSA","Intra","Pengadaan Meubelair.","0",,"0000-00-00",,NULL
"1.3.2.05.02.01.033","Kursi Biasa","0019",,"Kursi Baca Perpustakaan",,"Unit","551375","Pembelian","2018-12-31","DISKOMINSA","Intra","Pengadaan Meubelair.","0",,"0000-00-00",,NULL
"1.3.2.05.02.01.033","Kursi Biasa","0020",,"Kursi Baca Perpustakaan",,"Unit","551375","Pembelian","2018-12-31","DISKOMINSA","Intra","Pengadaan Meubelair.","0",,"0000-00-00",,NULL
"1.3.2.05.02.01.033","Kursi Biasa","0021",,"Kursi Baca Perpustakaan",,"Unit","551375","Pembelian","2018-12-31","DISKOMINSA","Intra","Pengadaan Meubelair.","0",,"0000-00-00",,NULL
"1.3.2.05.02.01.033","Kursi Biasa","0022",,"Kursi Baca Perpustakaan",,"Unit","551375","Pembelian","2018-12-31","DISKOMINSA","Intra","Pengadaan Meubelair.","0",,"0000-00-00",,NULL
"1.3.2.05.02.01.033","Kursi Biasa","0023",,"Kursi Baca Perpustakaan",,"Unit","551375","Pembelian","2018-12-31","DISKOMINSA","Intra","Pengadaan Meubelair.","0",,"0000-00-00",,NULL
"1.3.2.05.02.01.033","Kursi Biasa","0024",,"Kursi Baca Perpustakaan",,"Unit","551375","Pembelian","2018-12-31","DISKOMINSA","Intra","Pengadaan Meubelair.","0",,"0000-00-00",,NULL
"1.3.2.05.02.01.033","Kursi Biasa","0025",,"Kursi Baca Perpustakaan",,"Unit","551375","Pembelian","2018-12-31","DISKOMINSA","Intra","Pengadaan Meubelair.","0",,"0000-00-00",,NULL
"1.3.2.05.02.01.033","Kursi Biasa","0026",,"Kursi Baca Perpustakaan",,"Unit","551375","Pembelian","2018-12-31","DISKOMINSA","Intra","Pengadaan Meubelair.","0",,"0000-00-00",,NULL
"1.3.2.05.02.01.033","Kursi Biasa","0027",,"Kursi Baca Perpustakaan",,"Unit","551375","Pembelian","2018-12-31","DISKOMINSA","Intra","Pengadaan Meubelair.","0",,"0000-00-00",,NULL
"1.3.2.05.02.01.033","Kursi Biasa","0028",,"Kursi Baca Perpustakaan",,"Unit","551375","Pembelian","2018-12-31","DISKOMINSA","Intra","Pengadaan Meubelair.","0",,"0000-00-00",,NULL
"1.3.2.05.02.01.033","Kursi Biasa","0029",,"Kursi Baca Perpustakaan",,"Unit","551375","Pembelian","2018-12-31","DISKOMINSA","Intra","Pengadaan Meubelair.","0",,"0000-00-00",,NULL
"1.3.2.05.02.01.033","Kursi Biasa","0030",,"Kursi Baca Perpustakaan",,"Unit","551375","Pembelian","2018-12-31","DISKOMINSA","Intra","Pengadaan Meubelair.","0",,"0000-00-00",,NULL
"1.3.2.05.02.01.048","Sofa","0001",,"Modis Manchester",,"Unit","20000000","Pembelian","2014-12-31","DISKOMINSA","Intra","Bidang Manaj Database","0",,"0000-00-00",,NULL
"1.3.2.05.02.01.048","Sofa","0002",,"Modis Oregon",,"Unit","15950000","Pembelian","2014-12-31","DISKOMINSA","Intra","Ruang PPID","0",,"0000-00-00",,NULL
"1.3.2.05.02.01.048","Sofa","0003",,,,"Unit","8450000","Pembelian","2016-12-31","DISKOMINSA","Intra","Modifikasi Sofa -- Fasilitas Pendukung Perangkat Mobil Komunikasi UPTD Telematika BA: 10/15.b/BA-PP/","0",,"0000-00-00",,NULL
"1.3.2.05.02.01.048","Sofa","0004",,"Sofa dan Meja",,"Unit","23731375","Pembelian","2018-12-31","DISKOMINSA","Intra","Pengadaan Meubelair.","0",,"0000-00-00",,NULL
"1.3.2.05.02.01.048","Sofa","0005","Sofa tanpa meja","Sofa rangka kayu, busa, f",,"Unit","4828500","Pembelian","2022-08-15","DISKOMINSA","Intra","Pengadaan Sofa (tanpa meja)","0",,"0000-00-00",,NULL
"1.3.2.05.02.01.048","Sofa","0006","Sofa tanpa meja","Sofa rangka kayu, busa, f",,"Unit","4828500","Pembelian","2022-08-15","DISKOMINSA","Intra","Pengadaan Sofa (tanpa meja)","0",,"0000-00-00",,NULL
"1.3.2.05.02.01.048","Sofa","0007","Sofa tanpa meja","Sofa rangka kayu, busa, f",,"Unit","4828500","Pembelian","2022-08-15","DISKOMINSA","Intra","Pengadaan Sofa (tanpa meja)","0",,"0000-00-00",,NULL
"1.3.2.05.02.01.048","Sofa","0008","Sofa tanpa meja","Sofa rangka kayu, busa, f",,"Unit","4828500","Pembelian","2022-08-15","DISKOMINSA","Intra","Pengadaan Sofa (tanpa meja)","0",,"0000-00-00",,NULL
"1.3.2.05.02.02.001","Jam Mekanis","0001","Jam dinding",,,"Unit","250000","Pembelian","2014-12-31","DISKOMINSA","Extra","KIA","0",,"0000-00-00",,NULL
"1.3.2.05.02.02.001","Jam Mekanis","0002","Jam dinding",,,"Unit","250000","Pembelian","2014-12-31","DISKOMINSA","Extra","KIA","0",,"0000-00-00",,NULL
"1.3.2.05.02.02.001","Jam Mekanis","0003","Jam dinding",,,"Unit","250000","Pembelian","2014-12-31","DISKOMINSA","Extra","KIA","0",,"0000-00-00",,NULL
"1.3.2.05.02.02.003","Jam Elektronik","0001",,"Digital Timer Switch / WT",,"Unit","550000","Pembelian","2017-12-31","DISKOMINSA","Intra","Timer Connector Power Listrik -- Pengadaan Aksesoris Pendukung WiFi Akses Publik BAST No. 23/BAST/TI","0",,"0000-00-00",,NULL
"1.3.2.05.02.02.003","Jam Elektronik","0002",,"Digital Timer Switch / WT",,"Unit","550000","Pembelian","2017-12-31","DISKOMINSA","Intra","Timer Connector Power Listrik -- Pengadaan Aksesoris Pendukung WiFi Akses Publik BAST No. 23/BAST/TI","0",,"0000-00-00",,NULL
"1.3.2.05.02.02.003","Jam Elektronik","0003",,"Digital Timer Switch / WT",,"Unit","550000","Pembelian","2017-12-31","DISKOMINSA","Intra","Timer Connector Power Listrik -- Pengadaan Aksesoris Pendukung WiFi Akses Publik BAST No. 23/BAST/TI","0",,"0000-00-00",,NULL
"1.3.2.05.02.02.003","Jam Elektronik","0004",,"Digital Timer Switch / WT",,"Unit","550000","Pembelian","2017-12-31","DISKOMINSA","Intra","Timer Connector Power Listrik -- Pengadaan Aksesoris Pendukung WiFi Akses Publik BAST No. 23/BAST/TI","0",,"0000-00-00",,NULL
"1.3.2.05.02.02.003","Jam Elektronik","0005",,"Digital Timer Switch / WT",,"Unit","550000","Pembelian","2017-12-31","DISKOMINSA","Intra","Timer Connector Power Listrik -- Pengadaan Aksesoris Pendukung WiFi Akses Publik BAST No. 23/BAST/TI","0",,"0000-00-00",,NULL
"1.3.2.05.02.02.003","Jam Elektronik","0006",,"Digital Timer Switch / WT",,"Unit","550000","Pembelian","2017-12-31","DISKOMINSA","Intra","Timer Connector Power Listrik -- Pengadaan Aksesoris Pendukung WiFi Akses Publik BAST No. 23/BAST/TI","0",,"0000-00-00",,NULL
"1.3.2.05.02.02.003","Jam Elektronik","0007",,"Digital Timer Switch / WT",,"Unit","550000","Pembelian","2017-12-31","DISKOMINSA","Intra","Timer Connector Power Listrik -- Pengadaan Aksesoris Pendukung WiFi Akses Publik BAST No. 23/BAST/TI","0",,"0000-00-00",,NULL
"1.3.2.05.02.02.003","Jam Elektronik","0008",,"Digital Timer Switch / WT",,"Unit","550000","Pembelian","2017-12-31","DISKOMINSA","Intra","Timer Connector Power Listrik -- Pengadaan Aksesoris Pendukung WiFi Akses Publik BAST No. 23/BAST/TI","0",,"0000-00-00",,NULL
"1.3.2.05.02.02.003","Jam Elektronik","0009",,"Digital Timer Switch / WT",,"Unit","550000","Pembelian","2017-12-31","DISKOMINSA","Intra","Timer Connector Power Listrik -- Pengadaan Aksesoris Pendukung WiFi Akses Publik BAST No. 23/BAST/TI","0",,"0000-00-00",,NULL
"1.3.2.05.02.02.003","Jam Elektronik","0010",,"Digital Timer Switch / WT",,"Unit","550000","Pembelian","2017-12-31","DISKOMINSA","Intra","Timer Connector Power Listrik -- Pengadaan Aksesoris Pendukung WiFi Akses Publik BAST No. 23/BAST/TI","0",,"0000-00-00",,NULL
"1.3.2.05.02.02.003","Jam Elektronik","0011",,"Digital Timer Switch / WT",,"Unit","550000","Pembelian","2017-12-31","DISKOMINSA","Intra","Timer Connector Power Listrik -- Pengadaan Aksesoris Pendukung WiFi Akses Publik BAST No. 23/BAST/TI","0",,"0000-00-00",,NULL
"1.3.2.05.02.02.003","Jam Elektronik","0012",,"Digital Timer Switch / WT",,"Unit","550000","Pembelian","2017-12-31","DISKOMINSA","Intra","Timer Connector Power Listrik -- Pengadaan Aksesoris Pendukung WiFi Akses Publik BAST No. 23/BAST/TI","0",,"0000-00-00",,NULL
"1.3.2.05.02.02.003","Jam Elektronik","0013",,"Digital Timer Switch / WT",,"Unit","550000","Pembelian","2017-12-31","DISKOMINSA","Intra","Timer Connector Power Listrik -- Pengadaan Aksesoris Pendukung WiFi Akses Publik BAST No. 23/BAST/TI","0",,"0000-00-00",,NULL
"1.3.2.05.02.02.003","Jam Elektronik","0014",,"Digital Timer Switch / WT",,"Unit","550000","Pembelian","2017-12-31","DISKOMINSA","Intra","Timer Connector Power Listrik -- Pengadaan Aksesoris Pendukung WiFi Akses Publik BAST No. 23/BAST/TI","0",,"0000-00-00",,NULL
"1.3.2.05.02.02.003","Jam Elektronik","0015",,"Digital Timer Switch / WT",,"Unit","550000","Pembelian","2017-12-31","DISKOMINSA","Intra","Timer Connector Power Listrik -- Pengadaan Aksesoris Pendukung WiFi Akses Publik BAST No. 23/BAST/TI","0",,"0000-00-00",,NULL
"1.3.2.05.02.02.003","Jam Elektronik","0016",,"Digital Timer Switch / WT",,"Unit","550000","Pembelian","2017-12-31","DISKOMINSA","Intra","Timer Connector Power Listrik -- Pengadaan Aksesoris Pendukung WiFi Akses Publik BAST No. 23/BAST/TI","0",,"0000-00-00",,NULL
"1.3.2.05.02.02.003","Jam Elektronik","0017",,"Digital Timer Switch / WT",,"Unit","550000","Pembelian","2017-12-31","DISKOMINSA","Intra","Timer Connector Power Listrik -- Pengadaan Aksesoris Pendukung WiFi Akses Publik BAST No. 23/BAST/TI","0",,"0000-00-00",,NULL
"1.3.2.05.02.02.003","Jam Elektronik","0018",,"Digital Timer Switch / WT",,"Unit","550000","Pembelian","2017-12-31","DISKOMINSA","Intra","Timer Connector Power Listrik -- Pengadaan Aksesoris Pendukung WiFi Akses Publik BAST No. 23/BAST/TI","0",,"0000-00-00",,NULL
"1.3.2.05.02.02.003","Jam Elektronik","0019",,"Digital Timer Switch / WT",,"Unit","550000","Pembelian","2017-12-31","DISKOMINSA","Intra","Timer Connector Power Listrik -- Pengadaan Aksesoris Pendukung WiFi Akses Publik BAST No. 23/BAST/TI","0",,"0000-00-00",,NULL
"1.3.2.05.02.02.003","Jam Elektronik","0020",,"Digital Timer Switch / WT",,"Unit","550000","Pembelian","2017-12-31","DISKOMINSA","Intra","Timer Connector Power Listrik -- Pengadaan Aksesoris Pendukung WiFi Akses Publik BAST No. 23/BAST/TI","0",,"0000-00-00",,NULL
"1.3.2.05.02.02.003","Jam Elektronik","0021",,"Digital Timer Switch / WT",,"Unit","550000","Pembelian","2017-12-31","DISKOMINSA","Intra","Timer Connector Power Listrik -- Pengadaan Aksesoris Pendukung WiFi Akses Publik BAST No. 23/BAST/TI","0",,"0000-00-00",,NULL
"1.3.2.05.02.02.003","Jam Elektronik","0022",,"Digital Timer Switch / WT",,"Unit","550000","Pembelian","2017-12-31","DISKOMINSA","Intra","Timer Connector Power Listrik -- Pengadaan Aksesoris Pendukung WiFi Akses Publik BAST No. 23/BAST/TI","0",,"0000-00-00",,NULL
"1.3.2.05.02.02.003","Jam Elektronik","0023",,"Digital Timer Switch / WT",,"Unit","550000","Pembelian","2017-12-31","DISKOMINSA","Intra","Timer Connector Power Listrik -- Pengadaan Aksesoris Pendukung WiFi Akses Publik BAST No. 23/BAST/TI","0",,"0000-00-00",,NULL
"1.3.2.05.02.02.003","Jam Elektronik","0024",,"Digital Timer Switch / WT",,"Unit","550000","Pembelian","2017-12-31","DISKOMINSA","Intra","Timer Connector Power Listrik -- Pengadaan Aksesoris Pendukung WiFi Akses Publik BAST No. 23/BAST/TI","0",,"0000-00-00",,NULL
"1.3.2.05.02.02.003","Jam Elektronik","0025",,"Digital Timer Switch / WT",,"Unit","550000","Pembelian","2017-12-31","DISKOMINSA","Intra","Timer Connector Power Listrik -- Pengadaan Aksesoris Pendukung WiFi Akses Publik BAST No. 23/BAST/TI","0",,"0000-00-00",,NULL
"1.3.2.05.02.02.003","Jam Elektronik","0026",,"Digital Timer Switch / WT",,"Unit","550000","Pembelian","2017-12-31","DISKOMINSA","Intra","Timer Connector Power Listrik -- Pengadaan Aksesoris Pendukung WiFi Akses Publik BAST No. 23/BAST/TI","0",,"0000-00-00",,NULL
"1.3.2.05.02.02.003","Jam Elektronik","0027",,"Digital Timer Switch / WT",,"Unit","550000","Pembelian","2017-12-31","DISKOMINSA","Intra","Timer Connector Power Listrik -- Pengadaan Aksesoris Pendukung WiFi Akses Publik BAST No. 23/BAST/TI","0",,"0000-00-00",,NULL
"1.3.2.05.02.02.003","Jam Elektronik","0028",,"Digital Timer Switch / WT",,"Unit","550000","Pembelian","2017-12-31","DISKOMINSA","Intra","Timer Connector Power Listrik -- Pengadaan Aksesoris Pendukung WiFi Akses Publik BAST No. 23/BAST/TI","0",,"0000-00-00",,NULL
"1.3.2.05.02.02.003","Jam Elektronik","0029",,"Digital Timer Switch / WT",,"Unit","550000","Pembelian","2017-12-31","DISKOMINSA","Intra","Timer Connector Power Listrik -- Pengadaan Aksesoris Pendukung WiFi Akses Publik BAST No. 23/BAST/TI","0",,"0000-00-00",,NULL
"1.3.2.05.02.02.003","Jam Elektronik","0030",,"Digital Timer Switch / WT",,"Unit","550000","Pembelian","2017-12-31","DISKOMINSA","Intra","Timer Connector Power Listrik -- Pengadaan Aksesoris Pendukung WiFi Akses Publik BAST No. 23/BAST/TI","0",,"0000-00-00",,NULL
"1.3.2.05.02.03.001","Mesin Penghisap Debu/Vacuum  Cleaner","0001",,"Denpoo HRV 8003",,"Unit","1100000","Pembelian","2014-12-31","DISKOMINSA","Intra","Bidang PSITT","0",,"0000-00-00",,NULL
"1.3.2.05.02.03.001","Mesin Penghisap Debu/Vacuum  Cleaner","0002",,,,"Unit","14050000","Pembelian","2014-12-31","DISKOMINSA","Intra","UPTD Telematika","0",,"0000-00-00",,NULL
"1.3.2.05.02.03.001","Mesin Penghisap Debu/Vacuum  Cleaner","0003",,"Vacum Cleaner Krisbow",,"Unit","14993000","Pembelian","2018-12-31","DISKOMINSA","Intra","Vacum Cleaner Sekretariat","0",,"0000-00-00",,NULL
"1.3.2.05.02.03.001","Mesin Penghisap Debu/Vacuum  Cleaner","0004",,"Penyedot Debu Krisbow 30L",,"Unit","2090000","Pembelian","2021-12-31","DISKOMINSA","Intra","Pengadaan Sarana dan Prasarana Ruang Server Pemerintah Aceh","0",,"0000-00-00",,NULL
"1.3.2.05.02.03.003","Mesin Pemotong Rumput","0001",,,,"Unit","13200000","Pembelian","2006-12-31","DISKOMINSA","Intra","Reklas dari TDF (2020), Hand Mower","0",,"0000-00-00",,NULL
"1.3.2.05.02.03.003","Mesin Pemotong Rumput","0002",,"Mesin Potong Rumput STIHL",,"Unit","2970000","Pembelian","2018-12-31","DISKOMINSA","Intra","Mesin Potong Rumput Sekretariat -- Belanja Modal Pengadaan Alat Pemeliharaan Tanaman","0",,"0000-00-00",,NULL
"1.3.2.05.02.03.003","Mesin Pemotong Rumput","0003","Backpack Brushcutter","STIHL/FR 3001",,"Unit","3459500","Pembelian","2022-03-16","DISKOMINSA","Intra","Pengadaan Mesin Potong Rumput","0",,"0000-00-00",,NULL
"1.3.2.05.02.03.003","Mesin Pemotong Rumput","0004","Backpack Brushcutter","STIHL/FR 3001",,"Unit","3459500","Pembelian","2022-03-16","DISKOMINSA","Intra","Pengadaan Mesin Potong Rumput","0",,"0000-00-00",,NULL
"1.3.2.05.02.04.001","Lemari Es","0001",,"Panasonic  / NR-AF199N",,"Unit","3956000","Pembelian","2017-12-31","DISKOMINSA","Intra","Kulkas ruang Kadis -- Pengadaan Perlengkapan Kantor BAST No. 047.b/BA/KPA-SEKRETARIAT/2017 Tgl. 08/1","0",,"0000-00-00",,NULL
"1.3.2.05.02.04.001","Lemari Es","0002",,"Kulkas 1 Pintu Sanken SK-",,"Unit","2942000","Pembelian","2018-12-31","DISKOMINSA","Intra","Kulkas 1 Pintu Ruang Sekdis","0",,"0000-00-00",,NULL
"1.3.2.05.02.04.001","Lemari Es","0003",,"Kulkas LG 2 Pintu GN-B185",,"Unit","4510000","Pembelian","2019-12-31","DISKOMINSA","Intra","Pengadaan Kulkas Pada Diskominsa (DAU)","0",,"0000-00-00",,NULL
"1.3.2.05.02.04.001","Lemari Es","0004",,"Kulkas LG 2 Pintu GN-B185",,"Unit","4510000","Pembelian","2019-12-31","DISKOMINSA","Intra","Pengadaan Kulkas Pada Diskominsa (DAU)","0",,"0000-00-00",,NULL
"1.3.2.05.02.04.001","Lemari Es","0005","Lemari Pendingin Kaca (Table Top showcase)","GEA Expo 90 FD",,"Unit","3330000","Pembelian","2022-11-10","DISKOMINSA","Intra","Pengadaan TV Monitor dan Kulkas - UPTD Statistik","0",,"0000-00-00",,NULL
"1.3.2.05.02.04.004","A.C. Split","0001",,"Panasonic",,"Unit","6490000","Pembelian","2008-12-31","DISKOMINSA","Intra","KPID NAD; Reklas dari TDF","0",,"0000-00-00",,NULL
"1.3.2.05.02.04.004","A.C. Split","0002",,"Panasonic",,"Unit","6490000","Pembelian","2008-12-31","DISKOMINSA","Intra","KPID NAD Reklas dari TDF","0",,"0000-00-00",,NULL
"1.3.2.05.02.04.004","A.C. Split","0003",,"Panasonic",,"Unit","8525000","Pembelian","2014-12-31","DISKOMINSA","Intra","Bid. Manaj Database","0",,"0000-00-00",,NULL
"1.3.2.05.02.04.004","A.C. Split","0004",,"Panasonic",,"Unit","8525000","Pembelian","2014-12-31","DISKOMINSA","Intra","Bid. Manaj Database","0",,"0000-00-00",,NULL
"1.3.2.05.02.04.004","A.C. Split","0005",,"Panasonic",,"Unit","8525000","Pembelian","2014-12-31","DISKOMINSA","Intra","Bid. Manaj Database","0",,"0000-00-00",,NULL
"1.3.2.05.02.04.004","A.C. Split","0006",,"Panasonic",,"Unit","8525000","Pembelian","2014-12-31","DISKOMINSA","Intra","Bid. Manaj Database","0",,"0000-00-00",,NULL
"1.3.2.05.02.04.004","A.C. Split","0007",,"Panasonic",,"Unit","6930000","Pembelian","2014-12-31","DISKOMINSA","Intra","UPTD Seuramo","0",,"0000-00-00",,NULL
"1.3.2.05.02.04.004","A.C. Split","0008",,"Panasonic",,"Unit","6930000","Pembelian","2014-12-31","DISKOMINSA","Intra","UPTD Seuramo","0",,"0000-00-00",,NULL
"1.3.2.05.02.04.004","A.C. Split","0009",,"Panasonic",,"Unit","6930000","Pembelian","2014-12-31","DISKOMINSA","Intra","UPTD Seuramo","0",,"0000-00-00",,NULL
"1.3.2.05.02.04.004","A.C. Split","0010",,"Panasonic",,"Unit","6930000","Pembelian","2014-12-31","DISKOMINSA","Intra","UPTD Seuramo","0",,"0000-00-00",,NULL
"1.3.2.05.02.04.004","A.C. Split","0011",,"Panasonic",,"Unit","6930000","Pembelian","2014-12-31","DISKOMINSA","Intra","UPTD Seuramo","0",,"0000-00-00",,NULL
"1.3.2.05.02.04.004","A.C. Split","0012",,,,"Unit","21592800","Pembelian","2014-12-31","DISKOMINSA","Intra","Ruang Data Center Bidang PSITT","0",,"0000-00-00",,NULL
"1.3.2.05.02.04.004","A.C. Split","0013",,,,"Unit","21592800","Pembelian","2014-12-31","DISKOMINSA","Intra","Ruang Data Center Bidang PSITT","0",,"0000-00-00",,NULL
"1.3.2.05.02.04.004","A.C. Split","0014",,,,"Unit","21592800","Pembelian","2014-12-31","DISKOMINSA","Intra","Ruang Data Center Bidang PSITT","0",,"0000-00-00",,NULL
"1.3.2.05.02.04.004","A.C. Split","0015",,,,"Unit","11396200","Pembelian","2014-12-31","DISKOMINSA","Intra","Ruang Data Center Bidang PSITT","0",,"0000-00-00",,NULL
"1.3.2.05.02.04.004","A.C. Split","0016",,,,"Unit","11396200","Pembelian","2014-12-31","DISKOMINSA","Intra","Ruang Data Center Bidang PSITT","0",,"0000-00-00",,NULL
"1.3.2.05.02.04.004","A.C. Split","0017",,,,"Unit","11396200","Pembelian","2014-12-31","DISKOMINSA","Intra","Ruang Data Center Bidang PSITT","0",,"0000-00-00",,NULL
"1.3.2.05.02.04.004","A.C. Split","0018",,,,"Unit","10780000","Pembelian","2015-12-31","DISKOMINSA","Intra","PSITT/BA: 07/06/BA-PP/2015","0",,"0000-00-00",,NULL
"1.3.2.05.02.04.004","A.C. Split","0019",,,,"Unit","10780000","Pembelian","2015-12-31","DISKOMINSA","Intra","PSITT/BA: 07/06/BA-PP/2015","0",,"0000-00-00",,NULL
"1.3.2.05.02.04.004","A.C. Split","0020",,,,"Unit","4400000","Pembelian","2016-12-31","DISKOMINSA","Intra","AC Split 1 PK -- Penyempurnaan Perangkat pada Ruang Monitoring Radio Komunikasi UPTD Telematika BA:","0",,"0000-00-00",,NULL
"1.3.2.05.02.04.004","A.C. Split","0021",,,,"Unit","9350000","Pembelian","2016-12-31","DISKOMINSA","Intra","AC Split 2 PK -- Penyempurnaan Perangkat pada Ruang Monitoring Radio Komunikasi UPTD Telematika BA:","0",,"0000-00-00",,NULL
"1.3.2.05.02.04.004","A.C. Split","0022",,"Panasonic / 2 PK",,"Unit","8542500","Pembelian","2017-12-31","DISKOMINSA","Intra","Pengadaan AC 2 PK dan Pengadaan AC 1 PK","0",,"0000-00-00",,NULL
"1.3.2.05.02.04.004","A.C. Split","0023",,"Panasonic / 2 PK",,"Unit","8542500","Pembelian","2017-12-31","DISKOMINSA","Intra","Pengadaan AC 2 PK dan Pengadaan AC 1 PK","0",,"0000-00-00",,NULL
"1.3.2.05.02.04.004","A.C. Split","0024",,"Panasonic / 1 PK",,"Unit","6692500","Pembelian","2017-12-31","DISKOMINSA","Intra","Pengadaan AC 2 PK dan Pengadaan AC 1 PK","0",,"0000-00-00",,NULL
"1.3.2.05.02.04.004","A.C. Split","0025",,"Panasonic / 1 PK",,"Unit","6692500","Pembelian","2017-12-31","DISKOMINSA","Intra","Pengadaan AC 2 PK dan Pengadaan AC 1 PK","0",,"0000-00-00",,NULL
"1.3.2.05.02.04.004","A.C. Split","0026",,"Panasonic / 2 PK",,"Unit","8745000","Pembelian","2017-12-31","DISKOMINSA","Intra","AC 2 PK -- Pengadaan AC 2 PK,  BAST No. 049/BA/KPA-SEKRETARIAT/XII/2017 Tgl. 13/12/2017","0",,"0000-00-00",,NULL
"1.3.2.05.02.04.004","A.C. Split","0027",,"Panasonic / 2 PK",,"Unit","8745000","Pembelian","2017-12-31","DISKOMINSA","Intra","AC 2 PK -- Pengadaan AC 2 PK,  BAST No. 049/BA/KPA-SEKRETARIAT/XII/2017 Tgl. 13/12/2017","0",,"0000-00-00",,NULL
"1.3.2.05.02.04.004","A.C. Split","0028",,"AC Split 2 PK Daikin",,"Unit","9790000","Pembelian","2019-12-31","DISKOMINSA","Intra","Pengadaan AC 2 PK (DAU)","0",,"0000-00-00",,NULL
"1.3.2.05.02.04.004","A.C. Split","0029",,"AC Split 2 PK Daikin",,"Unit","9790000","Pembelian","2019-12-31","DISKOMINSA","Intra","Pengadaan AC 2 PK (DAU)","0",,"0000-00-00",,NULL
"1.3.2.05.02.04.004","A.C. Split","0030",,"AC Split 2 PK Daikin",,"Unit","9790000","Pembelian","2019-12-31","DISKOMINSA","Intra","Pengadaan AC 2 PK (DAU)","0",,"0000-00-00",,NULL
"1.3.2.05.02.04.004","A.C. Split","0031",,"AC Split 2 PK Daikin",,"Unit","9790000","Pembelian","2019-12-31","DISKOMINSA","Intra","Pengadaan AC 2 PK (DAU)","0",,"0000-00-00",,NULL
"1.3.2.05.02.04.004","A.C. Split","0032",,"AC Split 2 PK Daikin",,"Unit","9790000","Pembelian","2019-12-31","DISKOMINSA","Intra","Pengadaan AC 2 PK (DAU)","0",,"0000-00-00",,NULL
"1.3.2.05.02.04.004","A.C. Split","0033",,"AC Split 2 PK Daikin",,"Unit","9790000","Pembelian","2019-12-31","DISKOMINSA","Intra","Pengadaan AC 2 PK (DAU)","0",,"0000-00-00",,NULL
"1.3.2.05.02.04.004","A.C. Split","0034",,"Panasonic AC 2 PK Inverte",,"Unit","19838500","Pembelian","2019-12-31","DISKOMINSA","Intra","Pengadaan AC 2 PK Inverter (DAU)","0",,"0000-00-00",,NULL
"1.3.2.05.02.04.004","A.C. Split","0035",,"Panasonic AC 2 PK Inverte",,"Unit","19838500","Pembelian","2019-12-31","DISKOMINSA","Intra","Pengadaan AC 2 PK Inverter (DAU)","0",,"0000-00-00",,NULL
"1.3.2.05.02.04.004","A.C. Split","0036",,"Panasonic AC 2 PK Inverte",,"Unit","19838500","Pembelian","2019-12-31","DISKOMINSA","Intra","Pengadaan AC 2 PK Inverter (DAU)","0",,"0000-00-00",,NULL
"1.3.2.05.02.04.004","A.C. Split","0037",,"Panasonic AC 2 PK Inverte",,"Unit","19838500","Pembelian","2019-12-31","DISKOMINSA","Intra","Pengadaan AC 2 PK Inverter (DAU)","0",,"0000-00-00",,NULL
"1.3.2.05.02.04.004","A.C. Split","0038",,"Panasonic AC 2 PK Inverte",,"Unit","19838500","Pembelian","2019-12-31","DISKOMINSA","Intra","Pengadaan AC 2 PK Inverter (DAU)","0",,"0000-00-00",,NULL
"1.3.2.05.02.04.004","A.C. Split","0039",,"Panasonic AC 2 PK Inverte",,"Unit","19838500","Pembelian","2019-12-31","DISKOMINSA","Intra","Pengadaan AC 2 PK Inverter (DAU)","0",,"0000-00-00",,NULL
"1.3.2.05.02.04.004","A.C. Split","0040",,"AC 2 PK Daikin",,"Unit","11605000","Pembelian","2020-12-31","DISKOMINSA","Intra","Pengadaan AC 2 PK (silpaotsus aceh)/RP. 11.605.000","0",,"0000-00-00",,NULL
"1.3.2.05.02.04.004","A.C. Split","0041",,"AC LG Inverter 2 PK",,"Unit","11550000","Pembelian","2021-12-31","DISKOMINSA","Intra","Belanja Modal Alat Pendingin AC 2 PK (silpaotsus aceh)","0",,"0000-00-00",,NULL
"1.3.2.05.02.04.004","A.C. Split","0042",,"AC Split 1 PK Daikin",,"Unit","12705000","Pembelian","2021-12-31","DISKOMINSA","Intra","Pengadaan AC Split","0",,"0000-00-00",,NULL
"1.3.2.05.02.04.004","A.C. Split","0043",,"AC Split 1 PK Daikin",,"Unit","12705000","Pembelian","2021-12-31","DISKOMINSA","Intra","Pengadaan AC Split","0",,"0000-00-00",,NULL
"1.3.2.05.02.04.004","A.C. Split","0044",,"AC Split 1 PK Daikin",,"Unit","12705000","Pembelian","2021-12-31","DISKOMINSA","Intra","Pengadaan AC Split","0",,"0000-00-00",,NULL
"1.3.2.05.02.04.004","A.C. Split","0045",,"AC Split 1 PK Daikin",,"Unit","12705000","Pembelian","2021-12-31","DISKOMINSA","Intra","Pengadaan AC Split","0",,"0000-00-00",,NULL
"1.3.2.05.02.04.004","A.C. Split","0046",,"AC Split 1 PK Daikin",,"Unit","12705000","Pembelian","2021-12-31","DISKOMINSA","Intra","Pengadaan AC Split","0",,"0000-00-00",,NULL
"1.3.2.05.02.04.004","A.C. Split","0047","AC 2 PK","Daikin",,"Unit","12432000","Pembelian","2022-07-25","DISKOMINSA","Intra","Pengadaan AC","0",,"0000-00-00",,NULL
"1.3.2.05.02.04.004","A.C. Split","0048","AC 2 PK","Daikin",,"Unit","12432000","Pembelian","2022-07-25","DISKOMINSA","Intra","Pengadaan AC","0",,"0000-00-00",,NULL
"1.3.2.05.02.04.004","A.C. Split","0049","AC 2 PK","Daikin",,"Unit","12432000","Pembelian","2022-07-25","DISKOMINSA","Intra","Pengadaan AC","0",,"0000-00-00",,NULL
"1.3.2.05.02.04.004","A.C. Split","0050","AC 2 PK","Daikin",,"Unit","12432000","Pembelian","2022-07-25","DISKOMINSA","Intra","Pengadaan AC","0",,"0000-00-00",,NULL
"1.3.2.05.02.04.005","Portable Air Conditioner (Alat  Pendingin)","0001",,,,"Unit","9240000","Pembelian","2015-12-31","DISKOMINSA","Intra","PSITT/BA: 07/06/BA-PP/2015 (AC Portable)","0",,"0000-00-00",,NULL
"1.3.2.05.02.04.005","Portable Air Conditioner (Alat  Pendingin)","0002",,,,"Unit","9240000","Pembelian","2015-12-31","DISKOMINSA","Intra","PSITT/BA: 07/06/BA-PP/2015 (AC Portable)","0",,"0000-00-00",,NULL
"1.3.2.05.02.04.006","Kipas Angin","0001",,"Stenlees Stell",,"Unit","990000","Pembelian","2014-12-31","DISKOMINSA","Intra","Bidang PSITT","0",,"0000-00-00",,NULL
"1.3.2.05.02.04.006","Kipas Angin","0002",,"Stenlees Stell",,"Unit","990000","Pembelian","2014-12-31","DISKOMINSA","Intra","Bidang PSITT","0",,"0000-00-00",,NULL
"1.3.2.05.02.04.006","Kipas Angin","0003",,,,"Unit","660000","Pembelian","2015-12-31","DISKOMINSA","Intra","PSITT/BA: 07/06/BA-PP/2015","0",,"0000-00-00",,NULL
"1.3.2.05.02.04.006","Kipas Angin","0004",,,,"Unit","750000","Pembelian","2016-12-31","DISKOMINSA","Intra","Kipas Angin UPTD Telematika","0",,"0000-00-00",,NULL
"1.3.2.05.02.04.006","Kipas Angin","0005",,"Kipas Angin Arashi (Yunda",,"Unit","583000","Pembelian","2019-12-31","DISKOMINSA","Intra","Pengadaan Kipas Angin","0",,"0000-00-00",,NULL
"1.3.2.05.02.04.006","Kipas Angin","0006",,"Kipas Angin Arashi (Yunda",,"Unit","583000","Pembelian","2019-12-31","DISKOMINSA","Intra","Pengadaan Kipas Angin","0",,"0000-00-00",,NULL
"1.3.2.05.02.04.006","Kipas Angin","0007",,"Kipas Angin Arashi (Yunda",,"Unit","583000","Pembelian","2019-12-31","DISKOMINSA","Intra","Pengadaan Kipas Angin","0",,"0000-00-00",,NULL
"1.3.2.05.02.04.006","Kipas Angin","0008",,"Kipas Angin Arashi (Yunda",,"Unit","583000","Pembelian","2019-12-31","DISKOMINSA","Intra","Pengadaan Kipas Angin","0",,"0000-00-00",,NULL
"1.3.2.05.02.04.007","Exhause Fan","0001",,,,"Unit","1500000","Pembelian","2014-12-31","DISKOMINSA","Intra","UPTD Seuramo","0",,"0000-00-00",,NULL
"1.3.2.05.02.04.007","Exhause Fan","0002",,,,"Unit","1500000","Pembelian","2014-12-31","DISKOMINSA","Intra","UPTD Seuramo","0",,"0000-00-00",,NULL
"1.3.2.05.02.04.007","Exhause Fan","0003",,,,"Unit","588500","Pembelian","2016-12-31","DISKOMINSA","Intra","Hexosfan -- Fasilitas Pendukung Perangkat Mobil Komunikasi UPTD Telematika BA: 10/15.b/BA-PP/2016","0",,"0000-00-00",,NULL
"1.3.2.05.02.04.007","Exhause Fan","0004",,,,"Unit","588500","Pembelian","2016-12-31","DISKOMINSA","Intra","Hexosfan -- Fasilitas Pendukung Perangkat Mobil Komunikasi UPTD Telematika BA: 10/15.b/BA-PP/2016","0",,"0000-00-00",,NULL
"1.3.2.05.02.04.007","Exhause Fan","0005",,,,"Unit","588500","Pembelian","2016-12-31","DISKOMINSA","Intra","Hexosfan -- Fasilitas Pendukung Perangkat Mobil Komunikasi UPTD Telematika BA: 10/15.b/BA-PP/2016","0",,"0000-00-00",,NULL
"1.3.2.05.02.04.007","Exhause Fan","0006",,,,"Unit","588500","Pembelian","2016-12-31","DISKOMINSA","Intra","Hexosfan -- Fasilitas Pendukung Perangkat Mobil Komunikasi UPTD Telematika BA: 10/15.b/BA-PP/2016","0",,"0000-00-00",,NULL
"1.3.2.05.02.04.015","A.C. Standing","0001",,"AC Floor Standing 5 PK Da",,"Unit","33495000","Pembelian","2019-12-31","DISKOMINSA","Intra","Pengadaan AC Standing 5 PK sebanyak 2 Unit (DAU) -- Ruang Aula","0",,"0000-00-00",,NULL
"1.3.2.05.02.04.015","A.C. Standing","0002",,"AC Floor Standing 5 PK Da",,"Unit","33495000","Pembelian","2019-12-31","DISKOMINSA","Intra","Pengadaan AC Standing 5 PK sebanyak 2 Unit (DAU) -- Ruang Aula","0",,"0000-00-00",,NULL
"1.3.2.05.02.04.015","A.C. Standing","0003",,"AC Floor Standing DAIKIN",,"Unit","33880000","Pembelian","2019-12-31","DISKOMINSA","Intra","Pengadaan AC Standing 5 PK Ruang Server/Data Center (Migas Aceh)","0",,"0000-00-00",,NULL
"1.3.2.05.02.04.015","A.C. Standing","0004",,"AC Floor Standing R410 Da",,"Unit","40700000","Pembelian","2020-12-31","DISKOMINSA","Intra","Pengadaan AC Standing 5 PK (OTSUS)/Rp.81.400.000","0",,"0000-00-00",,NULL
"1.3.2.05.02.04.015","A.C. Standing","0005",,"AC Floor Standing R410 Da",,"Unit","40700000","Pembelian","2020-12-31","DISKOMINSA","Intra","Pengadaan AC Standing 5 PK (OTSUS)/Rp.81.400.000","0",,"0000-00-00",,NULL
"1.3.2.05.02.04.015","A.C. Standing","0006","AC Standing 5PK","Daikin",,"Unit","40447000","Pembelian","2022-05-30","DISKOMINSA","Intra","Pengadaan Perangkat Pendukung Data Center ? AC 5 PK Bid. TIK","0",,"0000-00-00",,NULL
"1.3.2.05.02.05.011","Treng Air/Tandon  Air","0001",,,,"Unit","22186000","Pembelian","2013-12-31","DISKOMINSA","Intra","Toren Air","0",,"0000-00-00",,NULL
"1.3.2.05.02.06.002","Televisi","0004",,"Toshiba",,"Unit","1925000","Pembelian","2008-12-31","DISKOMINSA","Intra","KPID NAD; Reklas dari TDF","0",,"0000-00-00",,NULL
"1.3.2.05.02.06.002","Televisi","0005",,"Toshiba",,"Unit","1925000","Pembelian","2008-12-31","DISKOMINSA","Intra","KPID NAD; Reklas dari TDF","0",,"0000-00-00",,NULL
"1.3.2.05.02.06.002","Televisi","0006",,"Toshiba",,"Unit","1925000","Pembelian","2008-12-31","DISKOMINSA","Intra","KPID NAD; Reklas dari TDF","0",,"0000-00-00",,NULL
"1.3.2.05.02.06.002","Televisi","0007",,"Toshiba",,"Unit","1925000","Pembelian","2008-12-31","DISKOMINSA","Intra","KPID NAD; Reklas dari TDF","0",,"0000-00-00",,NULL
"1.3.2.05.02.06.002","Televisi","0008",,"LG / LCD TV Monitor",,"Unit","4550000","Pembelian","2009-12-31","DISKOMINSA","Intra","LCD TV","0",,"0000-00-00",,NULL
"1.3.2.05.02.06.002","Televisi","0009",,"LG / LCD TV Monitor",,"Unit","4550000","Pembelian","2009-12-31","DISKOMINSA","Intra","LCD TV","0",,"0000-00-00",,NULL
"1.3.2.05.02.06.002","Televisi","0010",,"LG / LCD TV Monitor",,"Unit","4550000","Pembelian","2009-12-31","DISKOMINSA","Intra","LCD TV","0",,"0000-00-00",,NULL
"1.3.2.05.02.06.002","Televisi","0011",,,,"Unit","1375000","Pembelian","2010-12-31","DISKOMINSA","Intra","LCD Monitor","0",,"0000-00-00",,NULL
"1.3.2.05.02.06.002","Televisi","0013",,"Sony",,"Unit","10230000","Pembelian","2014-12-31","DISKOMINSA","Intra","Bidang PSITT","0",,"0000-00-00",,NULL
"1.3.2.05.02.06.002","Televisi","0014",,"Sharp / Aquos LCD",,"Unit","38551000","Pembelian","2014-12-31","DISKOMINSA","Intra","UPTD Seuramo","0",,"0000-00-00",,NULL
"1.3.2.05.02.06.002","Televisi","0015",,"LG / Cinema 3D LCD",,"Unit","49991000","Pembelian","2014-12-31","DISKOMINSA","Intra","UPTD Seuramo","0",,"0000-00-00",,NULL
"1.3.2.05.02.06.002","Televisi","0016",,"Samsung",,"Unit","10840000","Pembelian","2015-12-31","DISKOMINSA","Intra","UPTD Telematika/BAPP: 10/06/BA-PP/2015","0",,"0000-00-00",,NULL
"1.3.2.05.02.06.002","Televisi","0017",,"Samsung",,"Unit","10840000","Pembelian","2015-12-31","DISKOMINSA","Intra","UPTD Telematika/BAPP: 10/06/BA-PP/2015","0",,"0000-00-00",,NULL
"1.3.2.05.02.06.002","Televisi","0018",,"Samsung",,"Unit","10840000","Pembelian","2015-12-31","DISKOMINSA","Intra","UPTD Telematika/BAPP: 10/06/BA-PP/2015","0",,"0000-00-00",,NULL
"1.3.2.05.02.06.002","Televisi","0020",,"LG / LED Ultrawide",,"Unit","11304750","Pembelian","2015-12-31","DISKOMINSA","Intra","UPTD Telematika/BAPP: 10/06/BA-PP/2015","0",,"0000-00-00",,NULL
"1.3.2.05.02.06.002","Televisi","0021",,"LG / LED Ultrawide",,"Unit","11304750","Pembelian","2015-12-31","DISKOMINSA","Intra","UPTD Telematika/BAPP: 10/06/BA-PP/2015","0",,"0000-00-00",,NULL
"1.3.2.05.02.06.002","Televisi","0022",,"LG / LED Ultrawide",,"Unit","11304750","Pembelian","2015-12-31","DISKOMINSA","Intra","UPTD Telematika/BAPP: 10/06/BA-PP/2015","0",,"0000-00-00",,NULL
"1.3.2.05.02.06.002","Televisi","0023",,,,"Unit","4730000","Pembelian","2015-12-31","DISKOMINSA","Intra","UPTD Telematika/BA: 10/11/BA-PP/2015 (TV)","0",,"0000-00-00",,NULL
"1.3.2.05.02.06.002","Televisi","0024",,"Smart TV",,"Unit","30800000","Pembelian","2015-12-31","DISKOMINSA","Intra","E-KINERJA PSITT (Smart TV)","0",,"0000-00-00",,NULL
"1.3.2.05.02.06.002","Televisi","0025",,"Smart TV",,"Unit","30800000","Pembelian","2015-12-31","DISKOMINSA","Intra","E-KINERJA PSITT (Smart TV)","0",,"0000-00-00",,NULL
"1.3.2.05.02.06.002","Televisi","0026",,"Smart TV",,"Unit","30800000","Pembelian","2015-12-31","DISKOMINSA","Intra","E-KINERJA PSITT (Smart TV)","0",,"0000-00-00",,NULL
"1.3.2.05.02.06.002","Televisi","0027",,"Smart TV",,"Unit","30800000","Pembelian","2015-12-31","DISKOMINSA","Intra","E-KINERJA PSITT (Smart TV)","0",,"0000-00-00",,NULL
"1.3.2.05.02.06.002","Televisi","0028",,"LG / Ultrawide LED",,"Unit","11000000","Pembelian","2016-12-31","DISKOMINSA","Intra","Aksesoris Pendukung R. Studio Multimedia UPTD Telematika BA: 10/05/BA-PP/2016 (Ultrawide LED)","0",,"0000-00-00",,NULL
"1.3.2.05.02.06.002","Televisi","0029",,"Smart TV",,"Unit","12170000","Pembelian","2016-12-31","DISKOMINSA","Intra","Smart TV -- Film Animasi Infomasi dan Layanan UPTD Telematika BA: 10/14.a/BA-PP/2016","0",,"0000-00-00",,NULL
"1.3.2.05.02.06.002","Televisi","0030",,"Panasonic / LED D305",,"Unit","2500000","Pembelian","2017-12-31","DISKOMINSA","Intra","Pengadaan Peralatan Studio Visual Televisi Pemantauan Siaran (KIA)","0",,"0000-00-00",,NULL
"1.3.2.05.02.06.002","Televisi","0031",,"Panasonic / LED D305",,"Unit","2500000","Pembelian","2017-12-31","DISKOMINSA","Intra","Pengadaan Peralatan Studio Visual Televisi Pemantauan Siaran (KIA)","0",,"0000-00-00",,NULL
"1.3.2.05.02.06.002","Televisi","0032",,"Panasonic / LED D305",,"Unit","2500000","Pembelian","2017-12-31","DISKOMINSA","Intra","Pengadaan Peralatan Studio Visual Televisi Pemantauan Siaran (KIA)","0",,"0000-00-00",,NULL
"1.3.2.05.02.06.002","Televisi","0033",,"Panasonic / LED D305",,"Unit","2500000","Pembelian","2017-12-31","DISKOMINSA","Intra","Pengadaan Peralatan Studio Visual Televisi Pemantauan Siaran (KIA)","0",,"0000-00-00",,NULL
"1.3.2.05.02.06.002","Televisi","0034",,"Panasonic / LED D305",,"Unit","2500000","Pembelian","2017-12-31","DISKOMINSA","Intra","Pengadaan Peralatan Studio Visual Televisi Pemantauan Siaran (KIA)","0",,"0000-00-00",,NULL
"1.3.2.05.02.06.002","Televisi","0035",,"Panasonic / LED D305",,"Unit","2500000","Pembelian","2017-12-31","DISKOMINSA","Intra","Pengadaan Peralatan Studio Visual Televisi Pemantauan Siaran (KIA)","0",,"0000-00-00",,NULL
"1.3.2.05.02.06.002","Televisi","0036",,"LG",,"Unit","5232500","Pembelian","2017-12-31","DISKOMINSA","Intra","TV LG 43 inci + Bracket -- Pemeliharaan Jaringan BAST No. 041/BAST/PPTK-SEKRETARIAT/XI/2017 Tgl. 08/","0",,"0000-00-00",,NULL
"1.3.2.05.02.06.002","Televisi","0037",,"Sony Smart TV 55 inci KD-",,"Unit","18975000","Pembelian","2019-12-31","DISKOMINSA","Intra","Pengadaan Smart TV Ruang Kadis dan Sekdis pada Dinas Komunikasi, Informatika dan Persandian Aceh (DA","0",,"0000-00-00",,NULL
"1.3.2.05.02.06.002","Televisi","0038",,"Sony Smart TV 55 inci KD-",,"Unit","18975000","Pembelian","2019-12-31","DISKOMINSA","Intra","Pengadaan Smart TV Ruang Kadis dan Sekdis pada Dinas Komunikasi, Informatika dan Persandian Aceh (DA","0",,"0000-00-00",,NULL
"1.3.2.05.02.06.002","Televisi","0039",,"TV 49 inci LG 49LK51",,"Unit","9790000","Pembelian","2019-12-31","DISKOMINSA","Intra","Pengadaan TV (E-Gov) pada Diskominsa (DBH)","0",,"0000-00-00",,NULL
"1.3.2.05.02.06.002","Televisi","0040",,"LG LED TV 43 inci 43LM55",,"Unit","8481000","Pembelian","2019-12-31","DISKOMINSA","Intra","Pengadaan TV Monitoring Jaringan (TIK) (DAU)","0",,"0000-00-00",,NULL
"1.3.2.05.02.06.002","Televisi","0041",,"LG LED TV 43 inci 43LM55",,"Unit","8481000","Pembelian","2019-12-31","DISKOMINSA","Intra","Pengadaan TV Monitoring Jaringan (TIK) (DAU)","0",,"0000-00-00",,NULL
"1.3.2.05.02.06.002","Televisi","0042",,"LG LED TV 43 inci 43LM55",,"Unit","8481000","Pembelian","2019-12-31","DISKOMINSA","Intra","Pengadaan TV Monitoring Jaringan (TIK) (DAU)","0",,"0000-00-00",,NULL
"1.3.2.05.02.06.002","Televisi","0043",,"LG LED TV 43 inci 43LM55",,"Unit","8481000","Pembelian","2019-12-31","DISKOMINSA","Intra","Pengadaan TV Monitoring Jaringan (TIK) (DAU)","0",,"0000-00-00",,NULL
"1.3.2.05.02.06.002","Televisi","0044",,"Monitor TV Monitoring Sam",,"Unit","21819000","Pembelian","2019-12-31","DISKOMINSA","Intra","Pengadaan Perangkat Multimedia Penunjang NOC (MIGAS ACEH)","0",,"0000-00-00",,NULL
"1.3.2.05.02.06.002","Televisi","0045",,"Monitor TV Monitoring Sam",,"Unit","21819000","Pembelian","2019-12-31","DISKOMINSA","Intra","Pengadaan Perangkat Multimedia Penunjang NOC (MIGAS ACEH)","0",,"0000-00-00",,NULL
"1.3.2.05.02.06.002","Televisi","0046",,"Monitor TV Monitoring Sam",,"Unit","21819000","Pembelian","2019-12-31","DISKOMINSA","Intra","Pengadaan Perangkat Multimedia Penunjang NOC (MIGAS ACEH)","0",,"0000-00-00",,NULL
"1.3.2.05.02.06.002","Televisi","0047",,"Monitor TV Monitoring Sam",,"Unit","21819000","Pembelian","2019-12-31","DISKOMINSA","Intra","Pengadaan Perangkat Multimedia Penunjang NOC (MIGAS ACEH)","0",,"0000-00-00",,NULL
"1.3.2.05.02.06.002","Televisi","0048",,"TV Samsung TU7000 LED 21",,"Unit","8305000","Pembelian","2021-12-31","DISKOMINSA","Intra","Belanja modal alat rumah tangga lainnya (home use) tv colour led 21 (silpaotsus aceh)","0",,"0000-00-00",,NULL
"1.3.2.05.02.06.002","Televisi","0049",,"Mi TV 4 Android TV LED 43",,"Unit","5500000","Pembelian","2021-12-31","DISKOMINSA","Intra","Pengadaan TV Untuk Monitor CCTV","0",,"0000-00-00",,NULL
"1.3.2.05.02.06.002","Televisi","0050",,"Mi TV 4 Android TV LED 43",,"Unit","5500000","Pembelian","2021-12-31","DISKOMINSA","Intra","Pengadaan TV Untuk Monitor CCTV","0",,"0000-00-00",,NULL
"1.3.2.05.02.06.002","Televisi","0051","Smart TV 40 inci","Samsung/UA43AU7000 Crysta",,"Unit","6900000","Pembelian","2022-01-21","DISKOMINSA","Intra","Pengadaan Televisi 40? Bid. PKP","0",,"0000-00-00",,NULL
"1.3.2.05.02.06.002","Televisi","0052","Smart TV 50 inci","Samsung/UA50AU7000",,"Unit","9875000","Pembelian","2022-03-16","DISKOMINSA","Intra","Pengadaan TV Monitoring DNS/uptime server bid. E-Gov","0",,"0000-00-00",,NULL
"1.3.2.05.02.06.002","Televisi","0053","Smart TV 50 inci","Samsung/UA50AU7000",,"Unit","9875000","Pembelian","2022-03-16","DISKOMINSA","Intra","Pengadaan TV Monitoring DNS/uptime server bid. E-Gov","0",,"0000-00-00",,NULL
"1.3.2.05.02.06.002","Televisi","0054","Smart TV Monitor 55 inci","Samsung UHD",,"Unit","13319900","Pembelian","2022-03-28","DISKOMINSA","Intra","Pengadaan TV Monitor - UPTD Statistik","0",,"0000-00-00",,NULL
"1.3.2.05.02.06.002","Televisi","0055","Smart TV 55 inci","Panasonic/HX600",,"Unit","14763000","Pembelian","2022-06-07","DISKOMINSA","Intra","Pengadaan TV Monitoring 55 inci Bid. PLIP","0",,"0000-00-00",,NULL
"1.3.2.05.02.06.002","Televisi","0056","TV Display 75 inci","Samsung 75Q80B QLED Smart",,"Unit","44244000","Pembelian","1905-07-14","DISKOMINSA","Intra","Pengadaan TV Display","0",,"0000-00-00",,NULL
"1.3.2.05.02.06.002","Televisi","0057","UHD TV","Samsung",,"Unit","13460000","Pembelian","2022-11-10","DISKOMINSA","Intra","Pengadaan TV Monitor dan Kulkas - UPTD Statistik","0",,"0000-00-00",,NULL
"1.3.2.05.02.06.003","Video  Cassette","0001",,"Sony / HVR-M15AP",,"Unit","31703000","Pembelian","2013-12-31","DISKOMINSA","Intra","Player Camcoder","0",,"0000-00-00",,NULL
"1.3.2.05.02.06.005","Amplifier","0001",,"TOA",,"Unit","885000","Hibah","2007-12-31","DISKOMINSA","Intra","Reklas dari TDF (2020); Hibah Depkominfo","0",,"0000-00-00",,NULL
"1.3.2.05.02.06.005","Amplifier","0002",,"TOA",,"Unit","2750000","Pembelian","2012-12-31","DISKOMINSA","Intra","Amplifier, Peralatan Penguatan Jaringan Mobil Monitoring","0",,"0000-00-00",,NULL
"1.3.2.05.02.06.005","Amplifier","0003",,"TOA / ZA-2240",,"Unit","4915000","Pembelian","2014-12-31","DISKOMINSA","Intra","UPTD Seuramo","0",,"0000-00-00",,NULL
"1.3.2.05.02.06.005","Amplifier","0004",,"TOA / ZA-2240",,"Unit","4915000","Pembelian","2014-12-31","DISKOMINSA","Intra","UPTD Seuramo","0",,"0000-00-00",,NULL
"1.3.2.05.02.06.005","Amplifier","0005",,"TOA / ZA-2240",,"Unit","4915000","Pembelian","2014-12-31","DISKOMINSA","Intra","UPTD Seuramo","0",,"0000-00-00",,NULL
"1.3.2.05.02.06.005","Amplifier","0006",,"TOA / ZA-2240",,"Unit","4915000","Pembelian","2014-12-31","DISKOMINSA","Intra","UPTD Seuramo","0",,"0000-00-00",,NULL
"1.3.2.05.02.06.006","Equalizer","0001",,"DOD 231",,"Unit","2950000","Pembelian","2006-12-31","DISKOMINSA","Intra","Reklas dari TDF (2020)","0",,"0000-00-00",,NULL
"1.3.2.05.02.06.006","Equalizer","0002",,"APEX / DbQ-Zero",,"Unit","11132000","Pembelian","2009-12-31","DISKOMINSA","Intra","Reklas dari TDF (2020); Equalizer","0",,"0000-00-00",,NULL
"1.3.2.05.02.06.006","Equalizer","0003",,"APEX / DbQ-Zero",,"Unit","11132000","Pembelian","2009-12-31","DISKOMINSA","Intra","Reklas dari TDF (2020); Equalizer","0",,"0000-00-00",,NULL
"1.3.2.05.02.06.006","Equalizer","0004",,"DBX / 2231",,"Unit","7700000","Pembelian","2012-12-31","DISKOMINSA","Intra","Graphic Equalizer","0",,"0000-00-00",,NULL
"1.3.2.05.02.06.006","Equalizer","0005",,"dbx Equalizer Loudspeaker",,"Unit","11764000","Pembelian","2019-12-31","DISKOMINSA","Intra","Pengadaan Speaker Managemen Driverack PA (DAU)","0",,"0000-00-00",,NULL
"1.3.2.05.02.06.007","Loudspeaker","0002",,"Whardale EVPX-15*",,"Unit","13000000","Pembelian","2006-12-31","DISKOMINSA","Intra","Speker","0",,"0000-00-00",,NULL
"1.3.2.05.02.06.007","Loudspeaker","0003",,"PUM112 Audax-15*",,"Unit","2500000","Pembelian","2006-12-31","DISKOMINSA","Intra","Speker Monitor","0",,"0000-00-00",,NULL
"1.3.2.05.02.06.007","Loudspeaker","0004",,"MBM",,"Unit","2400000","Pembelian","2006-12-31","DISKOMINSA","Intra","Speker + Wire Speker","0",,"0000-00-00",,NULL
"1.3.2.05.02.06.007","Loudspeaker","0005",,"Toa",,"Unit","1700000","Pembelian","2006-12-31","DISKOMINSA","Intra","Speker Colombo + Kabel DAP","0",,"0000-00-00",,NULL
"1.3.2.05.02.06.007","Loudspeaker","0006",,"Tanggo",,"Unit","700000","Pembelian","2008-12-31","DISKOMINSA","Intra",,"0",,"0000-00-00",,NULL
"1.3.2.05.02.06.007","Loudspeaker","0007",,"Tanggo",,"Unit","700000","Pembelian","2008-12-31","DISKOMINSA","Intra",,"0",,"0000-00-00",,NULL
"1.3.2.05.02.06.007","Loudspeaker","0008",,"TOA / ZS-1030B",,"Unit","1870000","Pembelian","2008-12-31","DISKOMINSA","Intra","Reklas dari TDF (2020); Aktif Speaker","0",,"0000-00-00",,NULL
"1.3.2.05.02.06.007","Loudspeaker","0009",,"Montrabo / W-28A",,"Unit","61710000","Pembelian","2009-12-31","DISKOMINSA","Intra","Active Speaker Type A","0",,"0000-00-00",,NULL
"1.3.2.05.02.06.007","Loudspeaker","0010",,"Montrabo / W-28A",,"Unit","61710000","Pembelian","2009-12-31","DISKOMINSA","Intra","Active Speaker Type A","0",,"0000-00-00",,NULL
"1.3.2.05.02.06.007","Loudspeaker","0011",,"Montrabo / W-14A",,"Unit","29040000","Pembelian","2009-12-31","DISKOMINSA","Intra","Active Speaker Type B","0",,"0000-00-00",,NULL
"1.3.2.05.02.06.007","Loudspeaker","0012",,"Montrabo / W-14A",,"Unit","29040000","Pembelian","2009-12-31","DISKOMINSA","Intra","Active Speaker Type B","0",,"0000-00-00",,NULL
"1.3.2.05.02.06.007","Loudspeaker","0013",,"Montrabo / W-14A",,"Unit","29040000","Pembelian","2009-12-31","DISKOMINSA","Intra","Active Speaker Type B","0",,"0000-00-00",,NULL
"1.3.2.05.02.06.007","Loudspeaker","0014",,"Montrabo / W-14A",,"Unit","29040000","Pembelian","2009-12-31","DISKOMINSA","Intra","Active Speaker Type B","0",,"0000-00-00",,NULL
"1.3.2.05.02.06.007","Loudspeaker","0015",,"Montrabo / W-14A",,"Unit","29040000","Pembelian","2009-12-31","DISKOMINSA","Intra","Active Speaker Type B","0",,"0000-00-00",,NULL
"1.3.2.05.02.06.007","Loudspeaker","0016",,"Montrabo / W-14A",,"Unit","29040000","Pembelian","2009-12-31","DISKOMINSA","Intra","Active Speaker Type B","0",,"0000-00-00",,NULL
"1.3.2.05.02.06.007","Loudspeaker","0017",,"Montrabo / W-14A",,"Unit","29040000","Pembelian","2009-12-31","DISKOMINSA","Intra","Active Speaker Type B","0",,"0000-00-00",,NULL
"1.3.2.05.02.06.007","Loudspeaker","0018",,"Montrabo / W-14A",,"Unit","29040000","Pembelian","2009-12-31","DISKOMINSA","Intra","Active Speaker Type B","0",,"0000-00-00",,NULL
"1.3.2.05.02.06.007","Loudspeaker","0019",,"Montrabo / W-14A",,"Unit","29040000","Pembelian","2009-12-31","DISKOMINSA","Intra","Active Speaker Type B","0",,"0000-00-00",,NULL
"1.3.2.05.02.06.007","Loudspeaker","0020",,"Montrabo / W-14A",,"Unit","29040000","Pembelian","2009-12-31","DISKOMINSA","Intra","Active Speaker Type B","0",,"0000-00-00",,NULL
"1.3.2.05.02.06.007","Loudspeaker","0021",,"SAMSON / TS100",,"Unit","495000","Pembelian","2009-12-31","DISKOMINSA","Intra","Speaker Stand","0",,"0000-00-00",,NULL
"1.3.2.05.02.06.007","Loudspeaker","0022",,"SAMSON / TS100",,"Unit","495000","Pembelian","2009-12-31","DISKOMINSA","Intra","Speaker Stand","0",,"0000-00-00",,NULL
"1.3.2.05.02.06.007","Loudspeaker","0023",,"SAMSON / TS100",,"Unit","495000","Pembelian","2009-12-31","DISKOMINSA","Intra","Speaker Stand","0",,"0000-00-00",,NULL
"1.3.2.05.02.06.007","Loudspeaker","0024",,"SAMSON / TS100",,"Unit","495000","Pembelian","2009-12-31","DISKOMINSA","Intra","Speaker Stand","0",,"0000-00-00",,NULL
"1.3.2.05.02.06.007","Loudspeaker","0025",,"SAMSON / TS100",,"Unit","495000","Pembelian","2009-12-31","DISKOMINSA","Intra","Speaker Stand","0",,"0000-00-00",,NULL
"1.3.2.05.02.06.007","Loudspeaker","0026",,"SAMSON / TS100",,"Unit","495000","Pembelian","2009-12-31","DISKOMINSA","Intra","Speaker Stand","0",,"0000-00-00",,NULL
"1.3.2.05.02.06.007","Loudspeaker","0027",,"SAMSON / TS100",,"Unit","495000","Pembelian","2009-12-31","DISKOMINSA","Intra","Speaker Stand","0",,"0000-00-00",,NULL
"1.3.2.05.02.06.007","Loudspeaker","0028",,"SAMSON / TS100",,"Unit","495000","Pembelian","2009-12-31","DISKOMINSA","Intra","Speaker Stand","0",,"0000-00-00",,NULL
"1.3.2.05.02.06.007","Loudspeaker","0029",,"SAMSON / TS100",,"Unit","495000","Pembelian","2009-12-31","DISKOMINSA","Intra","Speaker Stand","0",,"0000-00-00",,NULL
"1.3.2.05.02.06.007","Loudspeaker","0030",,"SAMSON / TS100",,"Unit","495000","Pembelian","2009-12-31","DISKOMINSA","Intra","Speaker Stand","0",,"0000-00-00",,NULL
"1.3.2.05.02.06.007","Loudspeaker","0031",,"SAMSON / TS100",,"Unit","495000","Pembelian","2009-12-31","DISKOMINSA","Intra","Speaker Stand","0",,"0000-00-00",,NULL
"1.3.2.05.02.06.007","Loudspeaker","0032",,"SAMSON / TS100",,"Unit","495000","Pembelian","2009-12-31","DISKOMINSA","Intra","Speaker Stand","0",,"0000-00-00",,NULL
"1.3.2.05.02.06.007","Loudspeaker","0033",,"SAMSON / TS100",,"Unit","495000","Pembelian","2009-12-31","DISKOMINSA","Intra","Speaker Stand","0",,"0000-00-00",,NULL
"1.3.2.05.02.06.007","Loudspeaker","0034",,"SAMSON / TS100",,"Unit","495000","Pembelian","2009-12-31","DISKOMINSA","Intra","Speaker Stand","0",,"0000-00-00",,NULL
"1.3.2.05.02.06.007","Loudspeaker","0035",,"SAMSON / TS100",,"Unit","495000","Pembelian","2009-12-31","DISKOMINSA","Intra","Speaker Stand","0",,"0000-00-00",,NULL
"1.3.2.05.02.06.007","Loudspeaker","0036",,"SAMSON / TS100",,"Unit","495000","Pembelian","2009-12-31","DISKOMINSA","Intra","Speaker Stand","0",,"0000-00-00",,NULL
"1.3.2.05.02.06.007","Loudspeaker","0037",,"SAMSON / TS100",,"Unit","495000","Pembelian","2009-12-31","DISKOMINSA","Intra","Speaker Stand","0",,"0000-00-00",,NULL
"1.3.2.05.02.06.007","Loudspeaker","0038",,"SAMSON / TS100",,"Unit","495000","Pembelian","2009-12-31","DISKOMINSA","Intra","Speaker Stand","0",,"0000-00-00",,NULL
"1.3.2.05.02.06.007","Loudspeaker","0039",,"SAMSON / TS100",,"Unit","495000","Pembelian","2009-12-31","DISKOMINSA","Intra","Speaker Stand","0",,"0000-00-00",,NULL
"1.3.2.05.02.06.007","Loudspeaker","0040",,"SAMSON / TS100",,"Unit","495000","Pembelian","2009-12-31","DISKOMINSA","Intra","Speaker Stand","0",,"0000-00-00",,NULL
"1.3.2.05.02.06.007","Loudspeaker","0041",,"CANARE / 4S6",,"Unit","2310000","Pembelian","2009-12-31","DISKOMINSA","Intra","Speaker Cable","0",,"0000-00-00",,NULL
"1.3.2.05.02.06.007","Loudspeaker","0042",,"CANARE / 4S6",,"Unit","2310000","Pembelian","2009-12-31","DISKOMINSA","Intra","Speaker Cable","0",,"0000-00-00",,NULL
"1.3.2.05.02.06.007","Loudspeaker","0043",,"CANARE / 4S6",,"Unit","2310000","Pembelian","2009-12-31","DISKOMINSA","Intra","Speaker Cable","0",,"0000-00-00",,NULL
"1.3.2.05.02.06.007","Loudspeaker","0044",,"CANARE / 4S6",,"Unit","2310000","Pembelian","2009-12-31","DISKOMINSA","Intra","Speaker Cable","0",,"0000-00-00",,NULL
"1.3.2.05.02.06.007","Loudspeaker","0045",,"CANARE / 4S6",,"Unit","2310000","Pembelian","2009-12-31","DISKOMINSA","Intra","Speaker Cable","0",,"0000-00-00",,NULL
"1.3.2.05.02.06.007","Loudspeaker","0046",,"CANARE / 4S6",,"Unit","2310000","Pembelian","2009-12-31","DISKOMINSA","Intra","Speaker Cable","0",,"0000-00-00",,NULL
"1.3.2.05.02.06.007","Loudspeaker","0047",,"CANARE / 4S6",,"Unit","2310000","Pembelian","2009-12-31","DISKOMINSA","Intra","Speaker Cable","0",,"0000-00-00",,NULL
"1.3.2.05.02.06.007","Loudspeaker","0048",,"NEUTRIK / NL 4FX-S",,"Unit","65200","Pembelian","2009-12-31","DISKOMINSA","Extra","Jack Speakon","0",,"0000-00-00",,NULL
"1.3.2.05.02.06.007","Loudspeaker","0049",,"NEUTRIK / NL 4FX-S",,"Unit","65450","Pembelian","2009-12-31","DISKOMINSA","Extra","Jack Speakon","0",,"0000-00-00",,NULL
"1.3.2.05.02.06.007","Loudspeaker","0050",,"NEUTRIK / NL 4FX-S",,"Unit","65450","Pembelian","2009-12-31","DISKOMINSA","Extra","Jack Speakon","0",,"0000-00-00",,NULL
"1.3.2.05.02.06.007","Loudspeaker","0051",,"NEUTRIK / NL 4FX-S",,"Unit","65450","Pembelian","2009-12-31","DISKOMINSA","Extra","Jack Speakon","0",,"0000-00-00",,NULL
"1.3.2.05.02.06.007","Loudspeaker","0052",,"NEUTRIK / NL 4FX-S",,"Unit","65450","Pembelian","2009-12-31","DISKOMINSA","Extra","Jack Speakon","0",,"0000-00-00",,NULL
"1.3.2.05.02.06.007","Loudspeaker","0053",,"NEUTRIK / NL 4FX-S",,"Unit","65450","Pembelian","2009-12-31","DISKOMINSA","Extra","Jack Speakon","0",,"0000-00-00",,NULL
"1.3.2.05.02.06.007","Loudspeaker","0054",,"NEUTRIK / NL 4FX-S",,"Unit","65450","Pembelian","2009-12-31","DISKOMINSA","Extra","Jack Speakon","0",,"0000-00-00",,NULL
"1.3.2.05.02.06.007","Loudspeaker","0055",,"NEUTRIK / NL 4FX-S",,"Unit","65450","Pembelian","2009-12-31","DISKOMINSA","Extra","Jack Speakon","0",,"0000-00-00",,NULL
"1.3.2.05.02.06.007","Loudspeaker","0056",,"NEUTRIK / NL 4FX-S",,"Unit","65450","Pembelian","2009-12-31","DISKOMINSA","Extra","Jack Speakon","0",,"0000-00-00",,NULL
"1.3.2.05.02.06.007","Loudspeaker","0057",,"NEUTRIK / NL 4FX-S",,"Unit","65450","Pembelian","2009-12-31","DISKOMINSA","Extra","Jack Speakon","0",,"0000-00-00",,NULL
"1.3.2.05.02.06.007","Loudspeaker","0058",,"NEUTRIK / NL 4FX-S",,"Unit","65450","Pembelian","2009-12-31","DISKOMINSA","Extra","Jack Speakon","0",,"0000-00-00",,NULL
"1.3.2.05.02.06.007","Loudspeaker","0059",,"NEUTRIK / NL 4FX-S",,"Unit","65450","Pembelian","2009-12-31","DISKOMINSA","Extra","Jack Speakon","0",,"0000-00-00",,NULL
"1.3.2.05.02.06.007","Loudspeaker","0060",,"NEUTRIK / NL 4FX-S",,"Unit","65450","Pembelian","2009-12-31","DISKOMINSA","Extra","Jack Speakon","0",,"0000-00-00",,NULL
"1.3.2.05.02.06.007","Loudspeaker","0061",,"NEUTRIK / NL 4FX-S",,"Unit","65450","Pembelian","2009-12-31","DISKOMINSA","Extra","Jack Speakon","0",,"0000-00-00",,NULL
"1.3.2.05.02.06.007","Loudspeaker","0062",,"NEUTRIK / NL 4FX-S",,"Unit","65450","Pembelian","2009-12-31","DISKOMINSA","Extra","Jack Speakon","0",,"0000-00-00",,NULL
"1.3.2.05.02.06.007","Loudspeaker","0063",,"NEUTRIK / NL 4FX-S",,"Unit","65450","Pembelian","2009-12-31","DISKOMINSA","Extra","Jack Speakon","0",,"0000-00-00",,NULL
"1.3.2.05.02.06.007","Loudspeaker","0064",,"NEUTRIK / NL 4FX-S",,"Unit","65450","Pembelian","2009-12-31","DISKOMINSA","Extra","Jack Speakon","0",,"0000-00-00",,NULL
"1.3.2.05.02.06.007","Loudspeaker","0065",,"NEUTRIK / NL 4FX-S",,"Unit","65450","Pembelian","2009-12-31","DISKOMINSA","Extra","Jack Speakon","0",,"0000-00-00",,NULL
"1.3.2.05.02.06.007","Loudspeaker","0066",,"NEUTRIK / NL 4FX-S",,"Unit","65450","Pembelian","2009-12-31","DISKOMINSA","Extra","Jack Speakon","0",,"0000-00-00",,NULL
"1.3.2.05.01.05.002","CCTV - Camera Control Television System","0001",,"Avtech  / AVM428A",,"Unit","5766000","Pembelian","2015-12-31","DISKOMINSA","Intra","PSITT/BA: 07/11/BA-PP/2015(IP Camera)","0","RB","2026-01-04",,NULL
"1.3.2.05.02.06.007","Loudspeaker","0068",,"NEUTRIK / NL 4FX-S",,"Unit","65450","Pembelian","2009-12-31","DISKOMINSA","Extra","Jack Speakon","0",,"0000-00-00",,NULL
"1.3.2.05.02.06.007","Loudspeaker","0069",,"NEUTRIK / NL 4FX-S",,"Unit","65450","Pembelian","2009-12-31","DISKOMINSA","Extra","Jack Speakon","0",,"0000-00-00",,NULL
"1.3.2.05.02.06.007","Loudspeaker","0070",,"NEUTRIK / NL 4FX-S",,"Unit","65450","Pembelian","2009-12-31","DISKOMINSA","Extra","Jack Speakon","0",,"0000-00-00",,NULL
"1.3.2.05.02.06.007","Loudspeaker","0071",,"NEUTRIK / NL 4FX-S",,"Unit","65450","Pembelian","2009-12-31","DISKOMINSA","Extra","Jack Speakon","0",,"0000-00-00",,NULL
"1.3.2.05.02.06.007","Loudspeaker","0072",,"NEUTRIK / NL 4FX-S",,"Unit","65450","Pembelian","2009-12-31","DISKOMINSA","Extra","Jack Speakon","0",,"0000-00-00",,NULL
"1.3.2.05.02.06.007","Loudspeaker","0073",,"NEUTRIK / NL 4FX-S",,"Unit","65450","Pembelian","2009-12-31","DISKOMINSA","Extra","Jack Speakon","0",,"0000-00-00",,NULL
"1.3.2.05.02.06.007","Loudspeaker","0074",,"NEUTRIK / NL 4FX-S",,"Unit","65450","Pembelian","2009-12-31","DISKOMINSA","Extra","Jack Speakon","0",,"0000-00-00",,NULL
"1.3.2.05.02.06.007","Loudspeaker","0075",,"NEUTRIK / NL 4FX-S",,"Unit","65450","Pembelian","2009-12-31","DISKOMINSA","Extra","Jack Speakon","0",,"0000-00-00",,NULL
"1.3.2.05.02.06.007","Loudspeaker","0076",,"NEUTRIK / NL 4FX-S",,"Unit","65450","Pembelian","2009-12-31","DISKOMINSA","Extra","Jack Speakon","0",,"0000-00-00",,NULL
"1.3.2.05.02.06.007","Loudspeaker","0077",,"NEUTRIK / NL 4FX-S",,"Unit","65450","Pembelian","2009-12-31","DISKOMINSA","Extra","Jack Speakon","0",,"0000-00-00",,NULL
"1.3.2.05.02.06.007","Loudspeaker","0078",,"NEUTRIK / NL 4FX-S",,"Unit","65450","Pembelian","2009-12-31","DISKOMINSA","Extra","Jack Speakon","0",,"0000-00-00",,NULL
"1.3.2.05.02.06.007","Loudspeaker","0079",,"NEUTRIK / NL 4FX-S",,"Unit","65450","Pembelian","2009-12-31","DISKOMINSA","Extra","Jack Speakon","0",,"0000-00-00",,NULL
"1.3.2.05.02.06.007","Loudspeaker","0080",,"NEUTRIK / NL 4FX-S",,"Unit","65450","Pembelian","2009-12-31","DISKOMINSA","Extra","Jack Speakon","0",,"0000-00-00",,NULL
"1.3.2.05.02.06.007","Loudspeaker","0081",,"NEUTRIK / NL 4FX-S",,"Unit","65450","Pembelian","2009-12-31","DISKOMINSA","Extra","Jack Speakon","0",,"0000-00-00",,NULL
"1.3.2.05.02.06.007","Loudspeaker","0082",,"NEUTRIK / NL 4FX-S",,"Unit","65450","Pembelian","2009-12-31","DISKOMINSA","Extra","Jack Speakon","0",,"0000-00-00",,NULL
"1.3.2.05.02.06.007","Loudspeaker","0083",,"NEUTRIK / NL 4FX-S",,"Unit","65450","Pembelian","2009-12-31","DISKOMINSA","Extra","Jack Speakon","0",,"0000-00-00",,NULL
"1.3.2.05.02.06.007","Loudspeaker","0084",,"NEUTRIK / NL 4FX-S",,"Unit","65450","Pembelian","2009-12-31","DISKOMINSA","Extra","Jack Speakon","0",,"0000-00-00",,NULL
"1.3.2.05.02.06.007","Loudspeaker","0085",,"NEUTRIK / NL 4FX-S",,"Unit","65450","Pembelian","2009-12-31","DISKOMINSA","Extra","Jack Speakon","0",,"0000-00-00",,NULL
"1.3.2.05.02.06.007","Loudspeaker","0086",,"NEUTRIK / NL 4FX-S",,"Unit","65450","Pembelian","2009-12-31","DISKOMINSA","Extra","Jack Speakon","0",,"0000-00-00",,NULL
"1.3.2.05.02.06.007","Loudspeaker","0087",,"NEUTRIK / NL 4FX-S",,"Unit","65450","Pembelian","2009-12-31","DISKOMINSA","Extra","Jack Speakon","0",,"0000-00-00",,NULL
"1.3.2.05.02.06.007","Loudspeaker","0088",,"NEUTRIK / NL 4FX-S",,"Unit","65450","Pembelian","2009-12-31","DISKOMINSA","Extra","Jack Speakon","0",,"0000-00-00",,NULL
"1.3.2.05.02.06.007","Loudspeaker","0089",,"NEUTRIK / NL 4FX-S",,"Unit","65450","Pembelian","2009-12-31","DISKOMINSA","Extra","Jack Speakon","0",,"0000-00-00",,NULL
"1.3.2.05.02.06.007","Loudspeaker","0090",,"NEUTRIK / NL 4FX-S",,"Unit","65450","Pembelian","2009-12-31","DISKOMINSA","Extra","Jack Speakon","0",,"0000-00-00",,NULL
"1.3.2.05.02.06.007","Loudspeaker","0091",,"NEUTRIK / NL 4FX-S",,"Unit","65450","Pembelian","2009-12-31","DISKOMINSA","Extra","Jack Speakon","0",,"0000-00-00",,NULL
"1.3.2.05.02.06.007","Loudspeaker","0092",,"NEUTRIK / NL 4FX-S",,"Unit","65450","Pembelian","2009-12-31","DISKOMINSA","Extra","Jack Speakon","0",,"0000-00-00",,NULL
"1.3.2.05.02.06.007","Loudspeaker","0093",,"NEUTRIK / NL 4FX-S",,"Unit","65450","Pembelian","2009-12-31","DISKOMINSA","Extra","Jack Speakon","0",,"0000-00-00",,NULL
"1.3.2.05.02.06.007","Loudspeaker","0094",,"NEUTRIK / NL 4FX-S",,"Unit","65450","Pembelian","2009-12-31","DISKOMINSA","Extra","Jack Speakon","0",,"0000-00-00",,NULL
"1.3.2.05.02.06.007","Loudspeaker","0095",,"NEUTRIK / NL 4FX-S",,"Unit","65450","Pembelian","2009-12-31","DISKOMINSA","Extra","Jack Speakon","0",,"0000-00-00",,NULL
"1.3.2.05.02.06.007","Loudspeaker","0096",,"NEUTRIK / NL 4FX-S",,"Unit","65450","Pembelian","2009-12-31","DISKOMINSA","Extra","Jack Speakon","0",,"0000-00-00",,NULL
"1.3.2.05.02.06.007","Loudspeaker","0097",,"NEUTRIK / NL 4FX-S",,"Unit","65450","Pembelian","2009-12-31","DISKOMINSA","Extra","Jack Speakon","0",,"0000-00-00",,NULL
"1.3.2.05.02.06.007","Loudspeaker","0098",,"NEUTRIK / NL 4FX-S",,"Unit","65450","Pembelian","2009-12-31","DISKOMINSA","Extra","Jack Speakon","0",,"0000-00-00",,NULL
"1.3.2.05.02.06.007","Loudspeaker","0099",,"NEUTRIK / NL 4FX-S",,"Unit","65450","Pembelian","2009-12-31","DISKOMINSA","Extra","Jack Speakon","0",,"0000-00-00",,NULL
"1.3.2.05.02.06.007","Loudspeaker","0100",,"NEUTRIK / NL 4FX-S",,"Unit","65450","Pembelian","2009-12-31","DISKOMINSA","Extra","Jack Speakon","0",,"0000-00-00",,NULL
"1.3.2.05.02.06.007","Loudspeaker","0101",,"NEUTRIK / NL 4FX-S",,"Unit","65450","Pembelian","2009-12-31","DISKOMINSA","Extra","Jack Speakon","0",,"0000-00-00",,NULL
"1.3.2.05.02.06.007","Loudspeaker","0102",,"NEUTRIK / NL 4FX-S",,"Unit","65450","Pembelian","2009-12-31","DISKOMINSA","Extra","Jack Speakon","0",,"0000-00-00",,NULL
"1.3.2.05.02.06.007","Loudspeaker","0103",,"NEUTRIK / NC 2C",,"Unit","49500","Pembelian","2009-12-31","DISKOMINSA","Extra","Mono Jack Speakon","0",,"0000-00-00",,NULL
"1.3.2.05.02.06.007","Loudspeaker","0104",,"NEUTRIK / NC 2C",,"Unit","49500","Pembelian","2009-12-31","DISKOMINSA","Extra","Mono Jack Speakon","0",,"0000-00-00",,NULL
"1.3.2.05.02.06.007","Loudspeaker","0105",,"NEUTRIK / NC 2C",,"Unit","49500","Pembelian","2009-12-31","DISKOMINSA","Extra","Mono Jack Speakon","0",,"0000-00-00",,NULL
"1.3.2.05.02.06.007","Loudspeaker","0106",,"NEUTRIK / NC 2C",,"Unit","49500","Pembelian","2009-12-31","DISKOMINSA","Extra","Mono Jack Speakon","0",,"0000-00-00",,NULL
"1.3.2.05.02.06.007","Loudspeaker","0107",,"NEUTRIK / NC 2C",,"Unit","49500","Pembelian","2009-12-31","DISKOMINSA","Extra","Mono Jack Speakon","0",,"0000-00-00",,NULL
"1.3.2.05.02.06.007","Loudspeaker","0108",,"NEUTRIK / NC 2C",,"Unit","49500","Pembelian","2009-12-31","DISKOMINSA","Extra","Mono Jack Speakon","0",,"0000-00-00",,NULL
"1.3.2.05.02.06.007","Loudspeaker","0109",,"NEUTRIK / NC 2C",,"Unit","49500","Pembelian","2009-12-31","DISKOMINSA","Extra","Mono Jack Speakon","0",,"0000-00-00",,NULL
"1.3.2.05.02.06.007","Loudspeaker","0110",,"NEUTRIK / NC 2C",,"Unit","49500","Pembelian","2009-12-31","DISKOMINSA","Extra","Mono Jack Speakon","0",,"0000-00-00",,NULL
"1.3.2.05.02.06.007","Loudspeaker","0111",,"NEUTRIK / NC 2C",,"Unit","49500","Pembelian","2009-12-31","DISKOMINSA","Extra","Mono Jack Speakon","0",,"0000-00-00",,NULL
"1.3.2.05.02.06.007","Loudspeaker","0112",,"NEUTRIK / NC 2C",,"Unit","49500","Pembelian","2009-12-31","DISKOMINSA","Extra","Mono Jack Speakon","0",,"0000-00-00",,NULL
"1.3.2.05.02.06.007","Loudspeaker","0113",,"NEUTRIK / NC 2C",,"Unit","49500","Pembelian","2009-12-31","DISKOMINSA","Extra","Mono Jack Speakon","0",,"0000-00-00",,NULL
"1.3.2.05.02.06.007","Loudspeaker","0114",,"NEUTRIK / NC 2C",,"Unit","49500","Pembelian","2009-12-31","DISKOMINSA","Extra","Mono Jack Speakon","0",,"0000-00-00",,NULL
"1.3.2.05.02.06.007","Loudspeaker","0115",,"NEUTRIK / NC 2C",,"Unit","49500","Pembelian","2009-12-31","DISKOMINSA","Extra","Mono Jack Speakon","0",,"0000-00-00",,NULL
"1.3.2.05.02.06.007","Loudspeaker","0116",,"NEUTRIK / NC 2C",,"Unit","49500","Pembelian","2009-12-31","DISKOMINSA","Extra","Mono Jack Speakon","0",,"0000-00-00",,NULL
"1.3.2.05.02.06.007","Loudspeaker","0117",,"NEUTRIK / NC 2C",,"Unit","49500","Pembelian","2009-12-31","DISKOMINSA","Extra","Mono Jack Speakon","0",,"0000-00-00",,NULL
"1.3.2.05.02.06.007","Loudspeaker","0118",,"NEUTRIK / NC 2C",,"Unit","49500","Pembelian","2009-12-31","DISKOMINSA","Extra","Mono Jack Speakon","0",,"0000-00-00",,NULL
"1.3.2.05.02.06.007","Loudspeaker","0119",,"NEUTRIK / NC 2C",,"Unit","49500","Pembelian","2009-12-31","DISKOMINSA","Extra","Mono Jack Speakon","0",,"0000-00-00",,NULL
"1.3.2.05.02.06.007","Loudspeaker","0120",,"NEUTRIK / NC 2C",,"Unit","49500","Pembelian","2009-12-31","DISKOMINSA","Extra","Mono Jack Speakon","0",,"0000-00-00",,NULL
"1.3.2.05.02.06.007","Loudspeaker","0121",,"NEUTRIK / NC 2C",,"Unit","49500","Pembelian","2009-12-31","DISKOMINSA","Extra","Mono Jack Speakon","0",,"0000-00-00",,NULL
"1.3.2.05.02.06.007","Loudspeaker","0122",,"NEUTRIK / NC 2C",,"Unit","49500","Pembelian","2009-12-31","DISKOMINSA","Extra","Mono Jack Speakon","0",,"0000-00-00",,NULL
"1.3.2.05.02.06.007","Loudspeaker","0123",,"NEUTRIK / NC 2C",,"Unit","49500","Pembelian","2009-12-31","DISKOMINSA","Extra","Mono Jack Speakon","0",,"0000-00-00",,NULL
"1.3.2.05.02.06.007","Loudspeaker","0124",,"NEUTRIK / NC 2C",,"Unit","49500","Pembelian","2009-12-31","DISKOMINSA","Extra","Mono Jack Speakon","0",,"0000-00-00",,NULL
"1.3.2.05.02.06.007","Loudspeaker","0125",,"NEUTRIK / NC 2C",,"Unit","49500","Pembelian","2009-12-31","DISKOMINSA","Extra","Mono Jack Speakon","0",,"0000-00-00",,NULL
"1.3.2.05.02.06.007","Loudspeaker","0126",,"NEUTRIK / NC 2C",,"Unit","49500","Pembelian","2009-12-31","DISKOMINSA","Extra","Mono Jack Speakon","0",,"0000-00-00",,NULL
"1.3.2.05.02.06.007","Loudspeaker","0127",,"NEUTRIK / NC 2C",,"Unit","49500","Pembelian","2009-12-31","DISKOMINSA","Extra","Mono Jack Speakon","0",,"0000-00-00",,NULL
"1.3.2.05.02.06.007","Loudspeaker","0128",,"NEUTRIK / NC 2C",,"Unit","49500","Pembelian","2009-12-31","DISKOMINSA","Extra","Mono Jack Speakon","0",,"0000-00-00",,NULL
"1.3.2.05.02.06.007","Loudspeaker","0129",,"NEUTRIK / NC 2C",,"Unit","49500","Pembelian","2009-12-31","DISKOMINSA","Extra","Mono Jack Speakon","0",,"0000-00-00",,NULL
"1.3.2.05.02.06.007","Loudspeaker","0130",,"NEUTRIK / NC 2C",,"Unit","49500","Pembelian","2009-12-31","DISKOMINSA","Extra","Mono Jack Speakon","0",,"0000-00-00",,NULL
"1.3.2.05.02.06.007","Loudspeaker","0131",,"NEUTRIK / NC 2C",,"Unit","49500","Pembelian","2009-12-31","DISKOMINSA","Extra","Mono Jack Speakon","0",,"0000-00-00",,NULL
"1.3.2.05.02.06.007","Loudspeaker","0132",,"NEUTRIK / NC 2C",,"Unit","49500","Pembelian","2009-12-31","DISKOMINSA","Extra","Mono Jack Speakon","0",,"0000-00-00",,NULL
"1.3.2.05.02.06.007","Loudspeaker","0133",,"NEUTRIK / NC 2C",,"Unit","49500","Pembelian","2009-12-31","DISKOMINSA","Extra","Mono Jack Speakon","0",,"0000-00-00",,NULL
"1.3.2.05.02.06.007","Loudspeaker","0134",,"NEUTRIK / NC 2C",,"Unit","49500","Pembelian","2009-12-31","DISKOMINSA","Extra","Mono Jack Speakon","0",,"0000-00-00",,NULL
"1.3.2.05.02.06.007","Loudspeaker","0135",,"NEUTRIK / NC 2C",,"Unit","49500","Pembelian","2009-12-31","DISKOMINSA","Extra","Mono Jack Speakon","0",,"0000-00-00",,NULL
"1.3.2.05.02.06.007","Loudspeaker","0136",,"NEUTRIK / NC 2C",,"Unit","49500","Pembelian","2009-12-31","DISKOMINSA","Extra","Mono Jack Speakon","0",,"0000-00-00",,NULL
"1.3.2.05.02.06.007","Loudspeaker","0137",,"NEUTRIK / NC 2C",,"Unit","49500","Pembelian","2009-12-31","DISKOMINSA","Extra","Mono Jack Speakon","0",,"0000-00-00",,NULL
"1.3.2.05.02.06.007","Loudspeaker","0138",,"NEUTRIK / NC 2C",,"Unit","49500","Pembelian","2009-12-31","DISKOMINSA","Extra","Mono Jack Speakon","0",,"0000-00-00",,NULL
"1.3.2.05.02.06.007","Loudspeaker","0139",,"NEUTRIK / NC 2C",,"Unit","49500","Pembelian","2009-12-31","DISKOMINSA","Extra","Mono Jack Speakon","0",,"0000-00-00",,NULL
"1.3.2.05.02.06.007","Loudspeaker","0140",,"NEUTRIK / NC 2C",,"Unit","49500","Pembelian","2009-12-31","DISKOMINSA","Extra","Mono Jack Speakon","0",,"0000-00-00",,NULL
"1.3.2.05.02.06.007","Loudspeaker","0141",,"NEUTRIK / NC 2C",,"Unit","49500","Pembelian","2009-12-31","DISKOMINSA","Extra","Mono Jack Speakon","0",,"0000-00-00",,NULL
"1.3.2.05.02.06.007","Loudspeaker","0142",,"NEUTRIK / NC 2C",,"Unit","49500","Pembelian","2009-12-31","DISKOMINSA","Extra","Mono Jack Speakon","0",,"0000-00-00",,NULL
"1.3.2.05.02.06.007","Loudspeaker","0143",,"NEUTRIK / NC 2C",,"Unit","49500","Pembelian","2009-12-31","DISKOMINSA","Extra","Mono Jack Speakon","0",,"0000-00-00",,NULL
"1.3.2.05.02.06.007","Loudspeaker","0144",,"NEUTRIK / NC 2C",,"Unit","49500","Pembelian","2009-12-31","DISKOMINSA","Extra","Mono Jack Speakon","0",,"0000-00-00",,NULL
"1.3.2.05.02.06.007","Loudspeaker","0145",,"NEUTRIK / NC 2C",,"Unit","49500","Pembelian","2009-12-31","DISKOMINSA","Extra","Mono Jack Speakon","0",,"0000-00-00",,NULL
"1.3.2.05.02.06.007","Loudspeaker","0146",,"NEUTRIK / NC 2C",,"Unit","49500","Pembelian","2009-12-31","DISKOMINSA","Extra","Mono Jack Speakon","0",,"0000-00-00",,NULL
"1.3.2.05.02.06.007","Loudspeaker","0147",,"NEUTRIK / NC 2C",,"Unit","49500","Pembelian","2009-12-31","DISKOMINSA","Extra","Mono Jack Speakon","0",,"0000-00-00",,NULL
"1.3.2.05.02.06.007","Loudspeaker","0148",,"NEUTRIK / NC 2C",,"Unit","49500","Pembelian","2009-12-31","DISKOMINSA","Extra","Mono Jack Speakon","0",,"0000-00-00",,NULL
"1.3.2.05.02.06.007","Loudspeaker","0149",,"NEUTRIK / NC 2C",,"Unit","49500","Pembelian","2009-12-31","DISKOMINSA","Extra","Mono Jack Speakon","0",,"0000-00-00",,NULL
"1.3.2.05.02.06.007","Loudspeaker","0150",,"NEUTRIK / NC 2C",,"Unit","49500","Pembelian","2009-12-31","DISKOMINSA","Extra","Mono Jack Speakon","0",,"0000-00-00",,NULL
"1.3.2.05.02.06.007","Loudspeaker","0151",,"NEUTRIK / NC 2C",,"Unit","49500","Pembelian","2009-12-31","DISKOMINSA","Extra","Mono Jack Speakon","0",,"0000-00-00",,NULL
"1.3.2.05.02.06.007","Loudspeaker","0152",,"NEUTRIK / NC 2C",,"Unit","49500","Pembelian","2009-12-31","DISKOMINSA","Extra","Mono Jack Speakon","0",,"0000-00-00",,NULL
"1.3.2.05.02.06.007","Loudspeaker","0153",,"NEUTRIK / NC 2C",,"Unit","49500","Pembelian","2009-12-31","DISKOMINSA","Extra","Mono Jack Speakon","0",,"0000-00-00",,NULL
"1.3.2.05.02.06.007","Loudspeaker","0154",,"NEUTRIK / NC 2C",,"Unit","49500","Pembelian","2009-12-31","DISKOMINSA","Extra","Mono Jack Speakon","0",,"0000-00-00",,NULL
"1.3.2.05.02.06.007","Loudspeaker","0155",,"NEUTRIK / NC 2C",,"Unit","49500","Pembelian","2009-12-31","DISKOMINSA","Extra","Mono Jack Speakon","0",,"0000-00-00",,NULL
"1.3.2.05.02.06.007","Loudspeaker","0156",,"NEUTRIK / NC 2C",,"Unit","49500","Pembelian","2009-12-31","DISKOMINSA","Extra","Mono Jack Speakon","0",,"0000-00-00",,NULL
"1.3.2.05.02.06.007","Loudspeaker","0157",,"NEUTRIK / NC 2C",,"Unit","49500","Pembelian","2009-12-31","DISKOMINSA","Extra","Mono Jack Speakon","0",,"0000-00-00",,NULL
"1.3.2.05.02.06.007","Loudspeaker","0158",,"NEUTRIK / NC 2C",,"Unit","49500","Pembelian","2009-12-31","DISKOMINSA","Extra","Mono Jack Speakon","0",,"0000-00-00",,NULL
"1.3.2.05.02.06.007","Loudspeaker","0159",,"NEUTRIK / NC 2C",,"Unit","49500","Pembelian","2009-12-31","DISKOMINSA","Extra","Mono Jack Speakon","0",,"0000-00-00",,NULL
"1.3.2.05.02.06.007","Loudspeaker","0160",,"NEUTRIK / NC-MX (NC-3MXX)",,"Unit","44000","Pembelian","2009-12-31","DISKOMINSA","Extra","Jack Speakon NC-MX","0",,"0000-00-00",,NULL
"1.3.2.05.02.06.007","Loudspeaker","0161",,"NEUTRIK / NC-MX (NC-3MXX)",,"Unit","44000","Pembelian","2009-12-31","DISKOMINSA","Extra","Jack Speakon NC-MX","0",,"0000-00-00",,NULL
"1.3.2.05.02.06.007","Loudspeaker","0162",,"NEUTRIK / NC-MX (NC-3MXX)",,"Unit","44000","Pembelian","2009-12-31","DISKOMINSA","Extra","Jack Speakon NC-MX","0",,"0000-00-00",,NULL
"1.3.2.05.02.06.007","Loudspeaker","0163",,"NEUTRIK / NC-MX (NC-3MXX)",,"Unit","44000","Pembelian","2009-12-31","DISKOMINSA","Extra","Jack Speakon NC-MX","0",,"0000-00-00",,NULL
"1.3.2.05.02.06.007","Loudspeaker","0164",,"NEUTRIK / NC-MX (NC-3MXX)",,"Unit","44000","Pembelian","2009-12-31","DISKOMINSA","Extra","Jack Speakon NC-MX","0",,"0000-00-00",,NULL
"1.3.2.05.02.06.007","Loudspeaker","0165",,"NEUTRIK / NC-MX (NC-3MXX)",,"Unit","44000","Pembelian","2009-12-31","DISKOMINSA","Extra","Jack Speakon NC-MX","0",,"0000-00-00",,NULL
"1.3.2.05.02.06.007","Loudspeaker","0166",,"NEUTRIK / NC-MX (NC-3MXX)",,"Unit","44000","Pembelian","2009-12-31","DISKOMINSA","Extra","Jack Speakon NC-MX","0",,"0000-00-00",,NULL
"1.3.2.05.02.06.007","Loudspeaker","0167",,"NEUTRIK / NC-MX (NC-3MXX)",,"Unit","44000","Pembelian","2009-12-31","DISKOMINSA","Extra","Jack Speakon NC-MX","0",,"0000-00-00",,NULL
"1.3.2.05.02.06.007","Loudspeaker","0168",,"NEUTRIK / NC-MX (NC-3MXX)",,"Unit","44000","Pembelian","2009-12-31","DISKOMINSA","Extra","Jack Speakon NC-MX","0",,"0000-00-00",,NULL
"1.3.2.05.02.06.007","Loudspeaker","0169",,"NEUTRIK / NC-MX (NC-3MXX)",,"Unit","44000","Pembelian","2009-12-31","DISKOMINSA","Extra","Jack Speakon NC-MX","0",,"0000-00-00",,NULL
"1.3.2.05.02.06.007","Loudspeaker","0170",,"NEUTRIK / NC-MX (NC-3MXX)",,"Unit","44000","Pembelian","2009-12-31","DISKOMINSA","Extra","Jack Speakon NC-MX","0",,"0000-00-00",,NULL
"1.3.2.05.02.06.007","Loudspeaker","0171",,"NEUTRIK / NC-MX (NC-3MXX)",,"Unit","44000","Pembelian","2009-12-31","DISKOMINSA","Extra","Jack Speakon NC-MX","0",,"0000-00-00",,NULL
"1.3.2.05.02.06.007","Loudspeaker","0172",,"NEUTRIK / NC-MX (NC-3MXX)",,"Unit","44000","Pembelian","2009-12-31","DISKOMINSA","Extra","Jack Speakon NC-MX","0",,"0000-00-00",,NULL
"1.3.2.05.02.06.007","Loudspeaker","0173",,"NEUTRIK / NC-MX (NC-3MXX)",,"Unit","44000","Pembelian","2009-12-31","DISKOMINSA","Extra","Jack Speakon NC-MX","0",,"0000-00-00",,NULL
"1.3.2.05.02.06.007","Loudspeaker","0174",,"NEUTRIK / NC-MX (NC-3MXX)",,"Unit","44000","Pembelian","2009-12-31","DISKOMINSA","Extra","Jack Speakon NC-MX","0",,"0000-00-00",,NULL
"1.3.2.05.02.06.007","Loudspeaker","0175",,"NEUTRIK / NC-MX (NC-3MXX)",,"Unit","44000","Pembelian","2009-12-31","DISKOMINSA","Extra","Jack Speakon NC-MX","0",,"0000-00-00",,NULL
"1.3.2.05.02.06.007","Loudspeaker","0176",,"NEUTRIK / NC-MX (NC-3MXX)",,"Unit","44000","Pembelian","2009-12-31","DISKOMINSA","Extra","Jack Speakon NC-MX","0",,"0000-00-00",,NULL
"1.3.2.05.02.06.007","Loudspeaker","0177",,"NEUTRIK / NC-MX (NC-3MXX)",,"Unit","44000","Pembelian","2009-12-31","DISKOMINSA","Extra","Jack Speakon NC-MX","0",,"0000-00-00",,NULL
"1.3.2.05.02.06.007","Loudspeaker","0178",,"NEUTRIK / NC-MX (NC-3MXX)",,"Unit","44000","Pembelian","2009-12-31","DISKOMINSA","Extra","Jack Speakon NC-MX","0",,"0000-00-00",,NULL
"1.3.2.05.02.06.007","Loudspeaker","0179",,"NEUTRIK / NC-MX (NC-3MXX)",,"Unit","44000","Pembelian","2009-12-31","DISKOMINSA","Extra","Jack Speakon NC-MX","0",,"0000-00-00",,NULL
"1.3.2.05.02.06.007","Loudspeaker","0180",,"NEUTRIK / NC-MX (NC-3MXX)",,"Unit","44000","Pembelian","2009-12-31","DISKOMINSA","Extra","Jack Speakon NC-MX","0",,"0000-00-00",,NULL
"1.3.2.05.02.06.007","Loudspeaker","0181",,"NEUTRIK / NC-MX (NC-3MXX)",,"Unit","44000","Pembelian","2009-12-31","DISKOMINSA","Extra","Jack Speakon NC-MX","0",,"0000-00-00",,NULL
"1.3.2.05.02.06.007","Loudspeaker","0182",,"NEUTRIK / NC-MX (NC-3MXX)",,"Unit","44000","Pembelian","2009-12-31","DISKOMINSA","Extra","Jack Speakon NC-MX","0",,"0000-00-00",,NULL
"1.3.2.05.02.06.007","Loudspeaker","0183",,"NEUTRIK / NC-MX (NC-3MXX)",,"Unit","44000","Pembelian","2009-12-31","DISKOMINSA","Extra","Jack Speakon NC-MX","0",,"0000-00-00",,NULL
"1.3.2.05.02.06.007","Loudspeaker","0184",,"NEUTRIK / NC-MX (NC-3MXX)",,"Unit","44000","Pembelian","2009-12-31","DISKOMINSA","Extra","Jack Speakon NC-MX","0",,"0000-00-00",,NULL
"1.3.2.05.02.06.007","Loudspeaker","0185",,"NEUTRIK / NC-MX (NC-3MXX)",,"Unit","44000","Pembelian","2009-12-31","DISKOMINSA","Extra","Jack Speakon NC-MX","0",,"0000-00-00",,NULL
"1.3.2.05.02.06.007","Loudspeaker","0186",,"NEUTRIK / NC-MX (NC-3MXX)",,"Unit","44000","Pembelian","2009-12-31","DISKOMINSA","Extra","Jack Speakon NC-MX","0",,"0000-00-00",,NULL
"1.3.2.05.02.06.007","Loudspeaker","0187",,"NEUTRIK / NC-MX (NC-3MXX)",,"Unit","44000","Pembelian","2009-12-31","DISKOMINSA","Extra","Jack Speakon NC-MX","0",,"0000-00-00",,NULL
"1.3.2.05.02.06.007","Loudspeaker","0188",,"NEUTRIK / NC-MX (NC-3MXX)",,"Unit","44000","Pembelian","2009-12-31","DISKOMINSA","Extra","Jack Speakon NC-MX","0",,"0000-00-00",,NULL
"1.3.2.05.02.06.007","Loudspeaker","0189",,"NEUTRIK / NC-MX (NC-3MXX)",,"Unit","44000","Pembelian","2009-12-31","DISKOMINSA","Extra","Jack Speakon NC-MX","0",,"0000-00-00",,NULL
"1.3.2.05.02.06.007","Loudspeaker","0190",,"NEUTRIK / NC-FX(NC-3FXX)",,"Unit","44000","Pembelian","2009-12-31","DISKOMINSA","Extra","Jack Speakon NC-MX","0",,"0000-00-00",,NULL
"1.3.2.05.02.06.007","Loudspeaker","0191",,"NEUTRIK / NC-FX(NC-3FXX)",,"Unit","44000","Pembelian","2009-12-31","DISKOMINSA","Extra","Jack Speakon NC-MX","0",,"0000-00-00",,NULL
"1.3.2.05.02.06.007","Loudspeaker","0192",,"NEUTRIK / NC-FX(NC-3FXX)",,"Unit","44000","Pembelian","2009-12-31","DISKOMINSA","Extra","Jack Speakon NC-MX","0",,"0000-00-00",,NULL
"1.3.2.05.02.06.007","Loudspeaker","0193",,"NEUTRIK / NC-FX(NC-3FXX)",,"Unit","44000","Pembelian","2009-12-31","DISKOMINSA","Extra","Jack Speakon NC-MX","0",,"0000-00-00",,NULL
"1.3.2.05.02.06.007","Loudspeaker","0194",,"NEUTRIK / NC-FX(NC-3FXX)",,"Unit","44000","Pembelian","2009-12-31","DISKOMINSA","Extra","Jack Speakon NC-MX","0",,"0000-00-00",,NULL
"1.3.2.05.02.06.007","Loudspeaker","0195",,"NEUTRIK / NC-FX(NC-3FXX)",,"Unit","44000","Pembelian","2009-12-31","DISKOMINSA","Extra","Jack Speakon NC-MX","0",,"0000-00-00",,NULL
"1.3.2.05.02.06.007","Loudspeaker","0196",,"NEUTRIK / NC-FX(NC-3FXX)",,"Unit","44000","Pembelian","2009-12-31","DISKOMINSA","Extra","Jack Speakon NC-MX","0",,"0000-00-00",,NULL
"1.3.2.05.02.06.007","Loudspeaker","0197",,"NEUTRIK / NC-FX(NC-3FXX)",,"Unit","44000","Pembelian","2009-12-31","DISKOMINSA","Extra","Jack Speakon NC-MX","0",,"0000-00-00",,NULL
"1.3.2.05.02.06.007","Loudspeaker","0198",,"NEUTRIK / NC-FX(NC-3FXX)",,"Unit","44000","Pembelian","2009-12-31","DISKOMINSA","Extra","Jack Speakon NC-MX","0",,"0000-00-00",,NULL
"1.3.2.05.02.06.007","Loudspeaker","0199",,"NEUTRIK / NC-FX(NC-3FXX)",,"Unit","44000","Pembelian","2009-12-31","DISKOMINSA","Extra","Jack Speakon NC-MX","0",,"0000-00-00",,NULL
"1.3.2.05.02.06.007","Loudspeaker","0200",,"NEUTRIK / NC-FX(NC-3FXX)",,"Unit","44000","Pembelian","2009-12-31","DISKOMINSA","Extra","Jack Speakon NC-MX","0",,"0000-00-00",,NULL
"1.3.2.05.02.06.007","Loudspeaker","0201",,"NEUTRIK / NC-FX(NC-3FXX)",,"Unit","44000","Pembelian","2009-12-31","DISKOMINSA","Extra","Jack Speakon NC-MX","0",,"0000-00-00",,NULL
"1.3.2.05.02.06.007","Loudspeaker","0202",,"NEUTRIK / NC-FX(NC-3FXX)",,"Unit","44000","Pembelian","2009-12-31","DISKOMINSA","Extra","Jack Speakon NC-MX","0",,"0000-00-00",,NULL
"1.3.2.05.02.06.007","Loudspeaker","0203",,"NEUTRIK / NC-FX(NC-3FXX)",,"Unit","44000","Pembelian","2009-12-31","DISKOMINSA","Extra","Jack Speakon NC-MX","0",,"0000-00-00",,NULL
"1.3.2.05.02.06.007","Loudspeaker","0204",,"NEUTRIK / NC-FX(NC-3FXX)",,"Unit","44000","Pembelian","2009-12-31","DISKOMINSA","Extra","Jack Speakon NC-MX","0",,"0000-00-00",,NULL
"1.3.2.05.02.06.007","Loudspeaker","0205",,"NEUTRIK / NC-FX(NC-3FXX)",,"Unit","44000","Pembelian","2009-12-31","DISKOMINSA","Extra","Jack Speakon NC-MX","0",,"0000-00-00",,NULL
"1.3.2.05.02.06.007","Loudspeaker","0206",,"NEUTRIK / NC-FX(NC-3FXX)",,"Unit","44000","Pembelian","2009-12-31","DISKOMINSA","Extra","Jack Speakon NC-MX","0",,"0000-00-00",,NULL
"1.3.2.05.02.06.007","Loudspeaker","0207",,"NEUTRIK / NC-FX(NC-3FXX)",,"Unit","44000","Pembelian","2009-12-31","DISKOMINSA","Extra","Jack Speakon NC-MX","0",,"0000-00-00",,NULL
"1.3.2.05.02.06.007","Loudspeaker","0208",,"NEUTRIK / NC-FX(NC-3FXX)",,"Unit","44000","Pembelian","2009-12-31","DISKOMINSA","Extra","Jack Speakon NC-MX","0",,"0000-00-00",,NULL
"1.3.2.05.02.06.007","Loudspeaker","0209",,"NEUTRIK / NC-FX(NC-3FXX)",,"Unit","44000","Pembelian","2009-12-31","DISKOMINSA","Extra","Jack Speakon NC-MX","0",,"0000-00-00",,NULL
"1.3.2.05.02.06.007","Loudspeaker","0210",,"NEUTRIK / NC-FX(NC-3FXX)",,"Unit","44000","Pembelian","2009-12-31","DISKOMINSA","Extra","Jack Speakon NC-MX","0",,"0000-00-00",,NULL
"1.3.2.05.02.06.007","Loudspeaker","0211",,"NEUTRIK / NC-FX(NC-3FXX)",,"Unit","44000","Pembelian","2009-12-31","DISKOMINSA","Extra","Jack Speakon NC-MX","0",,"0000-00-00",,NULL
"1.3.2.05.02.06.007","Loudspeaker","0212",,"NEUTRIK / NC-FX(NC-3FXX)",,"Unit","44000","Pembelian","2009-12-31","DISKOMINSA","Extra","Jack Speakon NC-MX","0",,"0000-00-00",,NULL
"1.3.2.05.02.06.007","Loudspeaker","0213",,"NEUTRIK / NC-FX(NC-3FXX)",,"Unit","44000","Pembelian","2009-12-31","DISKOMINSA","Extra","Jack Speakon NC-MX","0",,"0000-00-00",,NULL
"1.3.2.05.02.06.007","Loudspeaker","0214",,"NEUTRIK / NC-FX(NC-3FXX)",,"Unit","44000","Pembelian","2009-12-31","DISKOMINSA","Extra","Jack Speakon NC-MX","0",,"0000-00-00",,NULL
"1.3.2.05.02.06.007","Loudspeaker","0215",,"NEUTRIK / NC-FX(NC-3FXX)",,"Unit","44000","Pembelian","2009-12-31","DISKOMINSA","Extra","Jack Speakon NC-MX","0",,"0000-00-00",,NULL
"1.3.2.05.02.06.007","Loudspeaker","0216",,"NEUTRIK / NC-FX(NC-3FXX)",,"Unit","44000","Pembelian","2009-12-31","DISKOMINSA","Extra","Jack Speakon NC-MX","0",,"0000-00-00",,NULL
"1.3.2.05.02.06.007","Loudspeaker","0217",,"NEUTRIK / NC-FX(NC-3FXX)",,"Unit","44000","Pembelian","2009-12-31","DISKOMINSA","Extra","Jack Speakon NC-MX","0",,"0000-00-00",,NULL
"1.3.2.05.02.06.007","Loudspeaker","0218",,"NEUTRIK / NC-FX(NC-3FXX)",,"Unit","44000","Pembelian","2009-12-31","DISKOMINSA","Extra","Jack Speakon NC-MX","0",,"0000-00-00",,NULL
"1.3.2.05.02.06.007","Loudspeaker","0219",,"NEUTRIK / NC-FX(NC-3FXX)",,"Unit","44000","Pembelian","2009-12-31","DISKOMINSA","Extra","Jack Speakon NC-MX","0",,"0000-00-00",,NULL
"1.3.2.05.02.06.007","Loudspeaker","0220",,"JBL EON / 305",,"Unit","7084000","Pembelian","2010-12-31","DISKOMINSA","Intra","Passive Speaker","0",,"0000-00-00",,NULL
"1.3.2.05.02.06.007","Loudspeaker","0221",,"JBL EON / 305",,"Unit","7084000","Pembelian","2010-12-31","DISKOMINSA","Intra","Passive Speaker","0",,"0000-00-00",,NULL
"1.3.2.05.02.06.007","Loudspeaker","0222",,"JBL EON / 305",,"Unit","7084000","Pembelian","2010-12-31","DISKOMINSA","Intra","Passive Speaker","0",,"0000-00-00",,NULL
"1.3.2.05.02.06.007","Loudspeaker","0223",,"JBL EON / 305",,"Unit","7084000","Pembelian","2010-12-31","DISKOMINSA","Intra","Passive Speaker","0",,"0000-00-00",,NULL
"1.3.2.05.02.06.007","Loudspeaker","0224",,"JBL EON / 305",,"Unit","7084000","Pembelian","2010-12-31","DISKOMINSA","Intra","Passive Speaker","0",,"0000-00-00",,NULL
"1.3.2.05.02.06.007","Loudspeaker","0225",,"JBL EON / 305",,"Unit","7084000","Pembelian","2010-12-31","DISKOMINSA","Intra","Passive Speaker","0",,"0000-00-00",,NULL
"1.3.2.05.02.06.007","Loudspeaker","0226",,"JBL EON / 305",,"Unit","7084000","Pembelian","2010-12-31","DISKOMINSA","Intra","Passive Speaker","0",,"0000-00-00",,NULL
"1.3.2.05.02.06.007","Loudspeaker","0227",,"JBL EON / 305",,"Unit","7084000","Pembelian","2010-12-31","DISKOMINSA","Intra","Passive Speaker","0",,"0000-00-00",,NULL
"1.3.2.05.02.06.007","Loudspeaker","0228",,"JBL EON / 305",,"Unit","7084000","Pembelian","2010-12-31","DISKOMINSA","Intra","Passive Speaker","0",,"0000-00-00",,NULL
"1.3.2.05.02.06.007","Loudspeaker","0229",,"JBL EON / 305",,"Unit","7084000","Pembelian","2010-12-31","DISKOMINSA","Intra","Passive Speaker","0",,"0000-00-00",,NULL
"1.3.2.05.02.06.007","Loudspeaker","0230",,"CIS 400",,"Unit","6050000","Pembelian","2012-12-31","DISKOMINSA","Intra","Celling Speaker","0",,"0000-00-00",,NULL
"1.3.2.05.02.06.007","Loudspeaker","0231",,"CIS 400",,"Unit","6050000","Pembelian","2012-12-31","DISKOMINSA","Intra","Celling Speaker","0",,"0000-00-00",,NULL
"1.3.2.05.02.06.007","Loudspeaker","0232",,"Simbadda",,"Unit","935000","Pembelian","2012-12-31","DISKOMINSA","Intra","Speaker, Peralatan Penguatan Jaringan Mobil Monitoring","0",,"0000-00-00",,NULL
"1.3.2.05.02.06.007","Loudspeaker","0233",,"Simbadda",,"Unit","935000","Pembelian","2012-12-31","DISKOMINSA","Intra","Speaker, Peralatan Penguatan Jaringan Mobil Monitoring","0",,"0000-00-00",,NULL
"1.3.2.05.02.06.007","Loudspeaker","0234",,"Takeda",,"Unit","82500","Pembelian","2012-12-31","DISKOMINSA","Extra","Cable Speaker, Peralatan Penguatan Jaringan Mobil Monitoring","0",,"0000-00-00",,NULL
"1.3.2.05.02.06.007","Loudspeaker","0235",,"Montarbo / W 28 AS",,"Unit","60500000","Pembelian","2014-12-31","DISKOMINSA","Intra","Speaker Aktif Ruangan - UPTD Seuramo","0",,"0000-00-00",,NULL
"1.3.2.05.02.06.007","Loudspeaker","0236",,"Montarbo / W 28 AS",,"Unit","60500000","Pembelian","2014-12-31","DISKOMINSA","Intra","Speaker Aktif Ruangan - UPTD Seuramo","0",,"0000-00-00",,NULL
"1.3.2.05.02.06.007","Loudspeaker","0237",,"Peapey / 1505-8KADT",,"Unit","3848000","Pembelian","2014-12-31","DISKOMINSA","Intra","Aksesoris Spere Part - UPTD Seuramo","0",,"0000-00-00",,NULL
"1.3.2.05.02.06.007","Loudspeaker","0238",,"Peapey / 1505-8KADT",,"Unit","3848000","Pembelian","2014-12-31","DISKOMINSA","Intra","Aksesoris Spere Part - UPTD Seuramo","0",,"0000-00-00",,NULL
"1.3.2.05.02.06.007","Loudspeaker","0239",,"Peapey / 1505-8KADT",,"Unit","3848000","Pembelian","2014-12-31","DISKOMINSA","Intra","Aksesoris Spere Part - UPTD Seuramo","0",,"0000-00-00",,NULL
"1.3.2.05.02.06.007","Loudspeaker","0240",,"Peapey / 1505-8KADT",,"Unit","3848000","Pembelian","2014-12-31","DISKOMINSA","Intra","Aksesoris Spere Part - UPTD Seuramo","0",,"0000-00-00",,NULL
"1.3.2.05.02.06.007","Loudspeaker","0241",,"Peapey / 1505-8KADT",,"Unit","3848000","Pembelian","2014-12-31","DISKOMINSA","Intra","Aksesoris Spere Part - UPTD Seuramo","0",,"0000-00-00",,NULL
"1.3.2.05.02.06.007","Loudspeaker","0242",,"Montarbo / W 28 AS",,"Unit","59840000","Pembelian","2014-12-31","DISKOMINSA","Intra","Speaker Aktif Lapangan - UPTD Seuramo","0",,"0000-00-00",,NULL
"1.3.2.05.02.06.007","Loudspeaker","0243",,"Montarbo / W 28 AS",,"Unit","59840000","Pembelian","2014-12-31","DISKOMINSA","Intra","Speaker Aktif Lapangan - UPTD Seuramo","0",,"0000-00-00",,NULL
"1.3.2.05.02.06.007","Loudspeaker","0244",,"Focal / CMS65",,"Unit","19085000","Pembelian","2014-12-31","DISKOMINSA","Intra","Speaker Monitor - UPTD Seuramo","0",,"0000-00-00",,NULL
"1.3.2.05.02.06.007","Loudspeaker","0245",,"Focal / CMS65",,"Unit","19085000","Pembelian","2014-12-31","DISKOMINSA","Intra","Speaker Monitor - UPTD Seuramo","0",,"0000-00-00",,NULL
"1.3.2.05.02.06.007","Loudspeaker","0246",,"TOA / TC-631",,"Unit","698500","Pembelian","2014-12-31","DISKOMINSA","Intra","UPTD Seuramo","0",,"0000-00-00",,NULL
"1.3.2.05.02.06.007","Loudspeaker","0247",,"TOA / TC-631",,"Unit","698500","Pembelian","2014-12-31","DISKOMINSA","Intra","UPTD Seuramo","0",,"0000-00-00",,NULL
"1.3.2.05.02.06.007","Loudspeaker","0248",,"TOA / TC-631",,"Unit","698500","Pembelian","2014-12-31","DISKOMINSA","Intra","UPTD Seuramo","0",,"0000-00-00",,NULL
"1.3.2.05.02.06.007","Loudspeaker","0249",,"TOA / TC-631",,"Unit","698500","Pembelian","2014-12-31","DISKOMINSA","Intra","UPTD Seuramo","0",,"0000-00-00",,NULL
"1.3.2.05.02.06.007","Loudspeaker","0250",,"TOA / TC-631",,"Unit","698500","Pembelian","2014-12-31","DISKOMINSA","Intra","UPTD Seuramo","0",,"0000-00-00",,NULL
"1.3.2.05.02.06.007","Loudspeaker","0251",,"TOA / TC-631",,"Unit","698500","Pembelian","2014-12-31","DISKOMINSA","Intra","UPTD Seuramo","0",,"0000-00-00",,NULL
"1.3.2.05.02.06.007","Loudspeaker","0252",,"TOA / TC-631",,"Unit","698500","Pembelian","2014-12-31","DISKOMINSA","Intra","UPTD Seuramo","0",,"0000-00-00",,NULL
"1.3.2.05.02.06.007","Loudspeaker","0253",,"TOA / TC-631",,"Unit","698500","Pembelian","2014-12-31","DISKOMINSA","Intra","UPTD Seuramo","0",,"0000-00-00",,NULL
"1.3.2.05.02.06.007","Loudspeaker","0254",,"TOA / TC-631",,"Unit","698500","Pembelian","2014-12-31","DISKOMINSA","Intra","UPTD Seuramo","0",,"0000-00-00",,NULL
"1.3.2.05.02.06.007","Loudspeaker","0255",,"TOA / TC-631",,"Unit","698500","Pembelian","2014-12-31","DISKOMINSA","Intra","UPTD Seuramo","0",,"0000-00-00",,NULL
"1.3.2.05.02.06.007","Loudspeaker","0256",,"Sigma Tripod / SPS 502",,"Unit","5002000","Pembelian","2014-12-31","DISKOMINSA","Intra","Standing Speaker - UPTD Seuramo","0",,"0000-00-00",,NULL
"1.3.2.05.02.06.007","Loudspeaker","0257",,"Sigma Tripod / SPS 502",,"Unit","5002000","Pembelian","2014-12-31","DISKOMINSA","Intra","Standing Speaker - UPTD Seuramo","0",,"0000-00-00",,NULL
"1.3.2.05.02.06.007","Loudspeaker","0258",,"Peapey",,"Unit","15400000","Pembelian","2014-12-31","DISKOMINSA","Intra","Speaker Subwoofer - UPTD Seuramo","0",,"0000-00-00",,NULL
"1.3.2.05.02.06.007","Loudspeaker","0259",,"Peapey",,"Unit","15400000","Pembelian","2014-12-31","DISKOMINSA","Intra","Speaker Subwoofer - UPTD Seuramo","0",,"0000-00-00",,NULL
"1.3.2.05.02.06.007","Loudspeaker","0260",,"Neutrik / 1/4""",,"Unit","50600","Pembelian","2014-12-31","DISKOMINSA","Extra","Jack Speaker - UPTDSeuramo","0",,"0000-00-00",,NULL
"1.3.2.05.02.06.007","Loudspeaker","0261",,"Neutrik / 1/4""",,"Unit","50600","Pembelian","2014-12-31","DISKOMINSA","Extra","Jack Speaker - UPTDSeuramo","0",,"0000-00-00",,NULL
"1.3.2.05.02.06.007","Loudspeaker","0262",,"Neutrik / 1/4""",,"Unit","50600","Pembelian","2014-12-31","DISKOMINSA","Extra","Jack Speaker - UPTDSeuramo","0",,"0000-00-00",,NULL
"1.3.2.05.02.06.007","Loudspeaker","0263",,"Neutrik / 1/4""",,"Unit","50600","Pembelian","2014-12-31","DISKOMINSA","Extra","Jack Speaker - UPTDSeuramo","0",,"0000-00-00",,NULL
"1.3.2.05.02.06.007","Loudspeaker","0264",,"Neutrik / 1/4""",,"Unit","50600","Pembelian","2014-12-31","DISKOMINSA","Extra","Jack Speaker - UPTDSeuramo","0",,"0000-00-00",,NULL
"1.3.2.05.02.06.007","Loudspeaker","0265",,"Neutrik / 1/4""",,"Unit","50600","Pembelian","2014-12-31","DISKOMINSA","Extra","Jack Speaker - UPTDSeuramo","0",,"0000-00-00",,NULL
"1.3.2.05.02.06.007","Loudspeaker","0266",,"Neutrik / 1/4""",,"Unit","50600","Pembelian","2014-12-31","DISKOMINSA","Extra","Jack Speaker - UPTDSeuramo","0",,"0000-00-00",,NULL
"1.3.2.05.02.06.007","Loudspeaker","0267",,"Neutrik / 1/4""",,"Unit","50600","Pembelian","2014-12-31","DISKOMINSA","Extra","Jack Speaker - UPTDSeuramo","0",,"0000-00-00",,NULL
"1.3.2.05.02.06.007","Loudspeaker","0268",,"Neutrik / 1/4""",,"Unit","50600","Pembelian","2014-12-31","DISKOMINSA","Extra","Jack Speaker - UPTDSeuramo","0",,"0000-00-00",,NULL
"1.3.2.05.02.06.007","Loudspeaker","0269",,"Neutrik / 1/4""",,"Unit","50600","Pembelian","2014-12-31","DISKOMINSA","Extra","Jack Speaker - UPTDSeuramo","0",,"0000-00-00",,NULL
"1.3.2.05.02.06.007","Loudspeaker","0270",,"Neutrik / 1/4""",,"Unit","50600","Pembelian","2014-12-31","DISKOMINSA","Extra","Jack Speaker - UPTDSeuramo","0",,"0000-00-00",,NULL
"1.3.2.05.02.06.007","Loudspeaker","0271",,"Neutrik / 1/4""",,"Unit","50600","Pembelian","2014-12-31","DISKOMINSA","Extra","Jack Speaker - UPTDSeuramo","0",,"0000-00-00",,NULL
"1.3.2.05.02.06.007","Loudspeaker","0272",,"Neutrik / 1/4""",,"Unit","50600","Pembelian","2014-12-31","DISKOMINSA","Extra","Jack Speaker - UPTDSeuramo","0",,"0000-00-00",,NULL
"1.3.2.05.02.06.007","Loudspeaker","0273",,"Neutrik / 1/4""",,"Unit","50600","Pembelian","2014-12-31","DISKOMINSA","Extra","Jack Speaker - UPTDSeuramo","0",,"0000-00-00",,NULL
"1.3.2.05.02.06.007","Loudspeaker","0274",,"Neutrik / 1/4""",,"Unit","50600","Pembelian","2014-12-31","DISKOMINSA","Extra","Jack Speaker - UPTDSeuramo","0",,"0000-00-00",,NULL
"1.3.2.05.02.06.007","Loudspeaker","0275",,"Neutrik / 1/4""",,"Unit","50600","Pembelian","2014-12-31","DISKOMINSA","Extra","Jack Speaker - UPTDSeuramo","0",,"0000-00-00",,NULL
"1.3.2.05.02.06.007","Loudspeaker","0276",,"Neutrik / 1/4""",,"Unit","50600","Pembelian","2014-12-31","DISKOMINSA","Extra","Jack Speaker - UPTDSeuramo","0",,"0000-00-00",,NULL
"1.3.2.05.02.06.007","Loudspeaker","0277",,"Neutrik / 1/4""",,"Unit","50600","Pembelian","2014-12-31","DISKOMINSA","Extra","Jack Speaker - UPTDSeuramo","0",,"0000-00-00",,NULL
"1.3.2.05.02.06.007","Loudspeaker","0278",,"Neutrik / 1/4""",,"Unit","50600","Pembelian","2014-12-31","DISKOMINSA","Extra","Jack Speaker - UPTDSeuramo","0",,"0000-00-00",,NULL
"1.3.2.05.02.06.007","Loudspeaker","0279",,"Neutrik / 1/4""",,"Unit","50600","Pembelian","2014-12-31","DISKOMINSA","Extra","Jack Speaker - UPTDSeuramo","0",,"0000-00-00",,NULL
"1.3.2.05.02.06.007","Loudspeaker","0280",,"Neutrik / 1/4""",,"Unit","50600","Pembelian","2014-12-31","DISKOMINSA","Extra","Jack Speaker - UPTDSeuramo","0",,"0000-00-00",,NULL
"1.3.2.05.02.06.007","Loudspeaker","0281",,"Neutrik / 1/4""",,"Unit","50600","Pembelian","2014-12-31","DISKOMINSA","Extra","Jack Speaker - UPTDSeuramo","0",,"0000-00-00",,NULL
"1.3.2.05.02.06.007","Loudspeaker","0282",,"Neutrik / 1/4""",,"Unit","50600","Pembelian","2014-12-31","DISKOMINSA","Extra","Jack Speaker - UPTDSeuramo","0",,"0000-00-00",,NULL
"1.3.2.05.02.06.007","Loudspeaker","0283",,"Neutrik / 1/4""",,"Unit","50600","Pembelian","2014-12-31","DISKOMINSA","Extra","Jack Speaker - UPTDSeuramo","0",,"0000-00-00",,NULL
"1.3.2.05.02.06.007","Loudspeaker","0284",,"Neutrik / 1/4""",,"Unit","50600","Pembelian","2014-12-31","DISKOMINSA","Extra","Jack Speaker - UPTDSeuramo","0",,"0000-00-00",,NULL
"1.3.2.05.02.06.007","Loudspeaker","0285",,"Neutrik / 1/4""",,"Unit","50600","Pembelian","2014-12-31","DISKOMINSA","Extra","Jack Speaker - UPTDSeuramo","0",,"0000-00-00",,NULL
"1.3.2.05.02.06.007","Loudspeaker","0286",,"Neutrik / 1/4""",,"Unit","50600","Pembelian","2014-12-31","DISKOMINSA","Extra","Jack Speaker - UPTDSeuramo","0",,"0000-00-00",,NULL
"1.3.2.05.02.06.007","Loudspeaker","0287",,"Neutrik / 1/4""",,"Unit","50600","Pembelian","2014-12-31","DISKOMINSA","Extra","Jack Speaker - UPTDSeuramo","0",,"0000-00-00",,NULL
"1.3.2.05.02.06.007","Loudspeaker","0288",,"Neutrik / 1/4""",,"Unit","50600","Pembelian","2014-12-31","DISKOMINSA","Extra","Jack Speaker - UPTDSeuramo","0",,"0000-00-00",,NULL
"1.3.2.05.02.06.007","Loudspeaker","0289",,"Neutrik / 1/4""",,"Unit","50600","Pembelian","2014-12-31","DISKOMINSA","Extra","Jack Speaker - UPTDSeuramo","0",,"0000-00-00",,NULL
"1.3.2.05.02.06.007","Loudspeaker","0290",,"Neutrik / 1/4""",,"Unit","50600","Pembelian","2014-12-31","DISKOMINSA","Extra","Jack Speaker - UPTDSeuramo","0",,"0000-00-00",,NULL
"1.3.2.05.02.06.007","Loudspeaker","0291",,"Neutrik / 1/4""",,"Unit","50600","Pembelian","2014-12-31","DISKOMINSA","Extra","Jack Speaker - UPTDSeuramo","0",,"0000-00-00",,NULL
"1.3.2.05.02.06.007","Loudspeaker","0292",,"Neutrik / 1/4""",,"Unit","50600","Pembelian","2014-12-31","DISKOMINSA","Extra","Jack Speaker - UPTDSeuramo","0",,"0000-00-00",,NULL
"1.3.2.05.02.06.007","Loudspeaker","0293",,"Neutrik / 1/4""",,"Unit","50600","Pembelian","2014-12-31","DISKOMINSA","Extra","Jack Speaker - UPTDSeuramo","0",,"0000-00-00",,NULL
"1.3.2.05.02.06.007","Loudspeaker","0294",,"Neutrik / 1/4""",,"Unit","50600","Pembelian","2014-12-31","DISKOMINSA","Extra","Jack Speaker - UPTDSeuramo","0",,"0000-00-00",,NULL
"1.3.2.05.02.06.007","Loudspeaker","0295",,"Neutrik / 1/4""",,"Unit","50600","Pembelian","2014-12-31","DISKOMINSA","Extra","Jack Speaker - UPTDSeuramo","0",,"0000-00-00",,NULL
"1.3.2.05.02.06.007","Loudspeaker","0296",,"Neutrik / 1/4""",,"Unit","50600","Pembelian","2014-12-31","DISKOMINSA","Extra","Jack Speaker - UPTDSeuramo","0",,"0000-00-00",,NULL
"1.3.2.05.02.06.007","Loudspeaker","0297",,"Neutrik / 1/4""",,"Unit","50600","Pembelian","2014-12-31","DISKOMINSA","Extra","Jack Speaker - UPTDSeuramo","0",,"0000-00-00",,NULL
"1.3.2.05.02.06.007","Loudspeaker","0298",,"Neutrik / 1/4""",,"Unit","50600","Pembelian","2014-12-31","DISKOMINSA","Extra","Jack Speaker - UPTDSeuramo","0",,"0000-00-00",,NULL
"1.3.2.05.02.06.007","Loudspeaker","0299",,"Neutrik / 1/4""",,"Unit","50600","Pembelian","2014-12-31","DISKOMINSA","Extra","Jack Speaker - UPTDSeuramo","0",,"0000-00-00",,NULL
"1.3.2.05.02.06.007","Loudspeaker","0300",,"Neutrik / 1/4""",,"Unit","50600","Pembelian","2014-12-31","DISKOMINSA","Extra","Jack Speaker - UPTDSeuramo","0",,"0000-00-00",,NULL
"1.3.2.05.02.06.007","Loudspeaker","0301",,"Neutrik / 1/4""",,"Unit","50600","Pembelian","2014-12-31","DISKOMINSA","Extra","Jack Speaker - UPTDSeuramo","0",,"0000-00-00",,NULL
"1.3.2.05.02.06.007","Loudspeaker","0302",,"Neutrik / 1/4""",,"Unit","50600","Pembelian","2014-12-31","DISKOMINSA","Extra","Jack Speaker - UPTDSeuramo","0",,"0000-00-00",,NULL
"1.3.2.05.02.06.007","Loudspeaker","0303",,"Neutrik / 1/4""",,"Unit","50600","Pembelian","2014-12-31","DISKOMINSA","Extra","Jack Speaker - UPTDSeuramo","0",,"0000-00-00",,NULL
"1.3.2.05.02.06.007","Loudspeaker","0304",,"Neutrik / 1/4""",,"Unit","50600","Pembelian","2014-12-31","DISKOMINSA","Extra","Jack Speaker - UPTDSeuramo","0",,"0000-00-00",,NULL
"1.3.2.05.02.06.007","Loudspeaker","0305",,"Neutrik / 1/4""",,"Unit","50600","Pembelian","2014-12-31","DISKOMINSA","Extra","Jack Speaker - UPTDSeuramo","0",,"0000-00-00",,NULL
"1.3.2.05.02.06.007","Loudspeaker","0306",,"Neutrik / 1/4""",,"Unit","50600","Pembelian","2014-12-31","DISKOMINSA","Extra","Jack Speaker - UPTDSeuramo","0",,"0000-00-00",,NULL
"1.3.2.05.02.06.007","Loudspeaker","0307",,"Neutrik / 1/4""",,"Unit","50600","Pembelian","2014-12-31","DISKOMINSA","Extra","Jack Speaker - UPTDSeuramo","0",,"0000-00-00",,NULL
"1.3.2.05.02.06.007","Loudspeaker","0308",,"Neutrik / 1/4""",,"Unit","50600","Pembelian","2014-12-31","DISKOMINSA","Extra","Jack Speaker - UPTDSeuramo","0",,"0000-00-00",,NULL
"1.3.2.05.02.06.007","Loudspeaker","0309",,"Neutrik / 1/4""",,"Unit","50600","Pembelian","2014-12-31","DISKOMINSA","Extra","Jack Speaker - UPTDSeuramo","0",,"0000-00-00",,NULL
"1.3.2.05.02.06.007","Loudspeaker","0310",,"Neutrik / 1/4""",,"Unit","50600","Pembelian","2014-12-31","DISKOMINSA","Extra","Jack Speaker - UPTDSeuramo","0",,"0000-00-00",,NULL
"1.3.2.05.02.06.007","Loudspeaker","0311",,"Neutrik / 1/4""",,"Unit","50600","Pembelian","2014-12-31","DISKOMINSA","Extra","Jack Speaker - UPTDSeuramo","0",,"0000-00-00",,NULL
"1.3.2.05.02.06.007","Loudspeaker","0312",,"Neutrik / 1/4""",,"Unit","50600","Pembelian","2014-12-31","DISKOMINSA","Extra","Jack Speaker - UPTDSeuramo","0",,"0000-00-00",,NULL
"1.3.2.05.02.06.007","Loudspeaker","0313",,"Neutrik / 1/4""",,"Unit","50600","Pembelian","2014-12-31","DISKOMINSA","Extra","Jack Speaker - UPTDSeuramo","0",,"0000-00-00",,NULL
"1.3.2.05.02.06.007","Loudspeaker","0314",,"Neutrik / 1/4""",,"Unit","50600","Pembelian","2014-12-31","DISKOMINSA","Extra","Jack Speaker - UPTDSeuramo","0",,"0000-00-00",,NULL
"1.3.2.05.02.06.007","Loudspeaker","0315",,"Neutrik / 1/4""",,"Unit","50600","Pembelian","2014-12-31","DISKOMINSA","Extra","Jack Speaker - UPTDSeuramo","0",,"0000-00-00",,NULL
"1.3.2.05.02.06.007","Loudspeaker","0316",,"Neutrik / 1/4""",,"Unit","50600","Pembelian","2014-12-31","DISKOMINSA","Extra","Jack Speaker - UPTDSeuramo","0",,"0000-00-00",,NULL
"1.3.2.05.02.06.007","Loudspeaker","0317",,"Neutrik / 1/4""",,"Unit","50600","Pembelian","2014-12-31","DISKOMINSA","Extra","Jack Speaker - UPTDSeuramo","0",,"0000-00-00",,NULL
"1.3.2.05.02.06.007","Loudspeaker","0318",,"Neutrik / 1/4""",,"Unit","50600","Pembelian","2014-12-31","DISKOMINSA","Extra","Jack Speaker - UPTDSeuramo","0",,"0000-00-00",,NULL
"1.3.2.05.02.06.007","Loudspeaker","0319",,"Neutrik / 1/4""",,"Unit","50600","Pembelian","2014-12-31","DISKOMINSA","Extra","Jack Speaker - UPTDSeuramo","0",,"0000-00-00",,NULL
"1.3.2.05.02.06.007","Loudspeaker","0320",,"Speaker Aktif / PRX700",,"Unit","39331200","Pembelian","2017-12-31","DISKOMINSA","Intra","Speaker -- Pengadaan Alat Sound System : Mixer 24 ch, Vocal Effect, Speaker (UPTD Seuramoe) BAST No.","0",,"0000-00-00",,NULL
"1.3.2.05.02.06.007","Loudspeaker","0321",,"Speaker Aktif / PRX700",,"Unit","39331200","Pembelian","2017-12-31","DISKOMINSA","Intra","Speaker -- Pengadaan Alat Sound System : Mixer 24 ch, Vocal Effect, Speaker (UPTD Seuramoe) BAST No.","0",,"0000-00-00",,NULL
"1.3.2.05.02.06.007","Loudspeaker","0322",,"Body Cover Sound System H",,"Unit","341000","Pembelian","2018-12-31","DISKOMINSA","Intra","Body Cover Sound System Heavy Tarpaulin","0",,"0000-00-00",,NULL
"1.3.2.05.02.06.007","Loudspeaker","0323",,"Body Cover Sound System H",,"Unit","341000","Pembelian","2018-12-31","DISKOMINSA","Intra","Body Cover Sound System Heavy Tarpaulin","0",,"0000-00-00",,NULL
"1.3.2.05.02.06.007","Loudspeaker","0324",,"Body Cover Sound System H",,"Unit","341000","Pembelian","2018-12-31","DISKOMINSA","Intra","Body Cover Sound System Heavy Tarpaulin","0",,"0000-00-00",,NULL
"1.3.2.05.02.06.007","Loudspeaker","0325",,"Body Cover Sound System H",,"Unit","341000","Pembelian","2018-12-31","DISKOMINSA","Intra","Body Cover Sound System Heavy Tarpaulin","0",,"0000-00-00",,NULL
"1.3.2.05.02.06.007","Loudspeaker","0326",,"Body Cover Sound System H",,"Unit","341000","Pembelian","2018-12-31","DISKOMINSA","Intra","Body Cover Sound System Heavy Tarpaulin","0",,"0000-00-00",,NULL
"1.3.2.05.02.06.007","Loudspeaker","0327",,"Body Cover Sound System H",,"Unit","341000","Pembelian","2018-12-31","DISKOMINSA","Intra","Body Cover Sound System Heavy Tarpaulin","0",,"0000-00-00",,NULL
"1.3.2.05.02.06.007","Loudspeaker","0328",,"Body Cover Sound System H",,"Unit","341000","Pembelian","2018-12-31","DISKOMINSA","Intra","Body Cover Sound System Heavy Tarpaulin","0",,"0000-00-00",,NULL
"1.3.2.05.02.06.007","Loudspeaker","0329",,"Body Cover Sound System H",,"Unit","341000","Pembelian","2018-12-31","DISKOMINSA","Intra","Body Cover Sound System Heavy Tarpaulin","0",,"0000-00-00",,NULL
"1.3.2.05.02.06.007","Loudspeaker","0330",,"Body Cover Sound System H",,"Unit","341000","Pembelian","2018-12-31","DISKOMINSA","Intra","Body Cover Sound System Heavy Tarpaulin","0",,"0000-00-00",,NULL
"1.3.2.05.02.06.007","Loudspeaker","0331",,"Body Cover Sound System H",,"Unit","341000","Pembelian","2018-12-31","DISKOMINSA","Intra","Body Cover Sound System Heavy Tarpaulin","0",,"0000-00-00",,NULL
"1.3.2.05.02.06.007","Loudspeaker","0332",,"Speaker Active Beta3 TX 5",,"Unit","11792275","Pembelian","2019-12-31","DISKOMINSA","Intra","Pengadaan Sound System untuk Senam dan Apel Upacara serta Public Speaker (SilPAMIGAS)","0",,"0000-00-00",,NULL
"1.3.2.05.02.06.007","Loudspeaker","0333",,"Speaker Active Beta3 TX 5",,"Unit","11792275","Pembelian","2019-12-31","DISKOMINSA","Intra","Pengadaan Sound System untuk Senam dan Apel Upacara serta Public Speaker (SilPAMIGAS)","0",,"0000-00-00",,NULL
"1.3.2.05.02.06.007","Loudspeaker","0334",,"Speaker Active Beta3 TX 5",,"Unit","11792275","Pembelian","2019-12-31","DISKOMINSA","Intra","Pengadaan Sound System untuk Senam dan Apel Upacara serta Public Speaker (SilPAMIGAS)","0",,"0000-00-00",,NULL
"1.3.2.05.02.06.007","Loudspeaker","0335",,"Speaker Active Beta3 TX 5",,"Unit","11792275","Pembelian","2019-12-31","DISKOMINSA","Intra","Pengadaan Sound System untuk Senam dan Apel Upacara serta Public Speaker (SilPAMIGAS)","0",,"0000-00-00",,NULL
"1.3.2.05.02.06.007","Loudspeaker","0336",,"Speaker QSC KW 153",,"Unit","53240000","Pembelian","2019-12-31","DISKOMINSA","Intra","pengadaan speaker aktif beserta perlengkapan lainnya (DAU)","0",,"0000-00-00",,NULL
"1.3.2.05.02.06.007","Loudspeaker","0337",,"Speaker QSC KW 153",,"Unit","53240000","Pembelian","2019-12-31","DISKOMINSA","Intra","pengadaan speaker aktif beserta perlengkapan lainnya (DAU)","0",,"0000-00-00",,NULL
"1.3.2.05.02.06.007","Loudspeaker","0338",,"Behringer Europort PPA200",,"Unit","18480000","Pembelian","2020-12-31","DISKOMINSA","Intra","Pengadaan Speaker Portable System (dana otsus)/Rp. 18.480.000","0",,"0000-00-00",,NULL
"1.3.2.05.02.06.007","Loudspeaker","0339","Portabel Bluethooth Speaker","JBL Charge 4",,"Unit","2708400","Pembelian","2022-08-22","DISKOMINSA","Intra","Pengadaan Speaker Bid. PLIP","0",,"0000-00-00",,NULL
"1.3.2.05.02.06.008","Sound System","0001",,"Pioneer / EV33DVD",,"Unit","4875000","Pembelian","2006-12-31","DISKOMINSA","Intra","Reklas dari TDF (2020)","0",,"0000-00-00",,NULL
"1.3.2.05.02.06.008","Sound System","0002",,"TOA / MX-628",,"Unit","7700000","Pembelian","2008-12-31","DISKOMINSA","Intra","Reklas dari TDF (2020); Powered Sound Mixer","0",,"0000-00-00",,NULL
"1.3.2.05.02.06.008","Sound System","0003",,,,"Unit","14038200","Pembelian","2009-12-31","DISKOMINSA","Intra",,"0",,"0000-00-00",,NULL
"1.3.2.05.02.06.008","Sound System","0004",,,,"Unit","57370000","Pembelian","2011-12-31","DISKOMINSA","Intra","Accessories Sound sistem","0",,"0000-00-00",,NULL
"1.3.2.05.02.06.008","Sound System","0005",,"TOA Portable Sound System",,"Unit","8580000","Pembelian","2019-12-31","DISKOMINSA","Intra","pengadaan speaker aktif beserta perlengkapan lainnya (DAU)","0",,"0000-00-00",,NULL
"1.3.2.05.02.06.008","Sound System","0006",,"Roland Rubix24 USB Audio",,"Unit","10670000","Pembelian","2020-12-31","DISKOMINSA","Intra","Pengadaan Perangkat Pendukung Video Conference (dana otsus)/Rp.49.540.000","0",,"0000-00-00",,NULL
"1.3.2.05.02.06.012","Wireless","0004",,"Aubern Portable Audio BE-",,"Unit","14750000","Pembelian","2019-12-31","DISKOMINSA","Intra","Pengadaan Microphone Wireless Portable (DAU)","0",,"0000-00-00",,NULL
"1.3.2.05.02.06.014","Microphone","0001",,"TOA",,"Unit","506000","Pembelian","2012-12-31","DISKOMINSA","Intra","Corong Mic, Peralatan Penguatan Jaringan Mobil Monitoring","0",,"0000-00-00",,NULL
"1.3.2.05.02.06.014","Microphone","0002",,"TOA",,"Unit","506000","Pembelian","2012-12-31","DISKOMINSA","Intra","Corong Mic, Peralatan Penguatan Jaringan Mobil Monitoring","0",,"0000-00-00",,NULL
"1.3.2.05.02.06.014","Microphone","0003",,"TOA",,"Unit","1265000","Pembelian","2012-12-31","DISKOMINSA","Intra","Portable Corong, Peralatan Penguatan Jaringan Mobil Monitoring","0",,"0000-00-00",,NULL
"1.3.2.05.02.06.014","Microphone","0004",,"TOA",,"Unit","220000","Pembelian","2012-12-31","DISKOMINSA","Extra","Microphone, Peralatan Penguatan Jaringan Mobil Monitoring","0",,"0000-00-00",,NULL
"1.3.2.05.02.06.014","Microphone","0005",,"TOA",,"Unit","220000","Pembelian","2012-12-31","DISKOMINSA","Extra","Microphone, Peralatan Penguatan Jaringan Mobil Monitoring","0",,"0000-00-00",,NULL
"1.3.2.05.02.06.014","Microphone","0006",,"Maruni",,"Unit","275000","Pembelian","2012-12-31","DISKOMINSA","Extra","Tiang Microphone, Peralatan Penguatan Jaringan Mobil Monitoring","0",,"0000-00-00",,NULL
"1.3.2.05.02.06.014","Microphone","0007",,"Maruni",,"Unit","275000","Pembelian","2012-12-31","DISKOMINSA","Extra","Tiang Microphone, Peralatan Penguatan Jaringan Mobil Monitoring","0",,"0000-00-00",,NULL
"1.3.2.05.02.06.014","Microphone","0008",,"JTS / UB-900ACT",,"Unit","1650000","Pembelian","2017-12-31","DISKOMINSA","Intra","Microphone Booster -- Belanja Modal Pengadaan Peralatan Studio Visual (UPTD Seuramoe) BAST No. 203/U","0",,"0000-00-00",,NULL
"1.3.2.05.02.06.014","Microphone","0009",,"JTS / UB-900ACT",,"Unit","1650000","Pembelian","2017-12-31","DISKOMINSA","Intra","Microphone Booster -- Belanja Modal Pengadaan Peralatan Studio Visual (UPTD Seuramoe) BAST No. 203/U","0",,"0000-00-00",,NULL
"1.3.2.05.02.06.014","Microphone","0010",,"Videomic Go",,"Unit","2475500","Pembelian","2017-12-31","DISKOMINSA","Intra","Videomic Go Lightweight On Camera Microphone -- Belanja Modal Pengadaan Peralatan Peliputan (Bid. PK","0",,"0000-00-00",,NULL
"1.3.2.05.02.06.014","Microphone","0011",,"Beta / 58A",,"Unit","4856200","Pembelian","2017-12-31","DISKOMINSA","Intra","Microphone -- Pengadaan Alat Sound System : Mixer 24 ch, Vocal Effect, Speaker (UPTD Seuramoe) BAST","0",,"0000-00-00",,NULL
"1.3.2.05.02.06.014","Microphone","0012",,"Beta / 58A",,"Unit","4856200","Pembelian","2017-12-31","DISKOMINSA","Intra","Microphone -- Pengadaan Alat Sound System : Mixer 24 ch, Vocal Effect, Speaker (UPTD Seuramoe) BAST","0",,"0000-00-00",,NULL
"1.3.2.05.02.06.015","Microphone Floor Stand","0005",,"Rosehsehr / SR 2008",,"Unit","1006500","Pembelian","2014-12-31","DISKOMINSA","Intra","Stand Mikrophone - UPTD Seuramo","0",,"0000-00-00",,NULL
"1.3.2.05.02.06.015","Microphone Floor Stand","0006",,"Rosehsehr / SR 2008",,"Unit","1006500","Pembelian","2014-12-31","DISKOMINSA","Intra","Stand Mikrophone - UPTD Seuramo","0",,"0000-00-00",,NULL
"1.3.2.05.02.06.015","Microphone Floor Stand","0007",,"Rosehsehr / SR 2008",,"Unit","1006500","Pembelian","2014-12-31","DISKOMINSA","Intra","Stand Mikrophone - UPTD Seuramo","0",,"0000-00-00",,NULL
"1.3.2.05.02.06.015","Microphone Floor Stand","0008",,"Rosehsehr / SR 2008",,"Unit","1006500","Pembelian","2014-12-31","DISKOMINSA","Intra","Stand Mikrophone - UPTD Seuramo","0",,"0000-00-00",,NULL
"1.3.2.05.02.06.015","Microphone Floor Stand","0009",,"Rosehsehr / SR 2008",,"Unit","1006500","Pembelian","2014-12-31","DISKOMINSA","Intra","Stand Mikrophone - UPTD Seuramo","0",,"0000-00-00",,NULL
"1.3.2.05.02.06.015","Microphone Floor Stand","0010",,"Rosehsehr / SR 2008",,"Unit","1006500","Pembelian","2014-12-31","DISKOMINSA","Intra","Stand Mikrophone - UPTD Seuramo","0",,"0000-00-00",,NULL
"1.3.2.05.02.06.015","Microphone Floor Stand","0011",,"Rosehsehr / SR 2008",,"Unit","1006500","Pembelian","2014-12-31","DISKOMINSA","Intra","Stand Mikrophone - UPTD Seuramo","0",,"0000-00-00",,NULL
"1.3.2.05.02.06.015","Microphone Floor Stand","0012",,"Rosehsehr / SR 2008",,"Unit","1006500","Pembelian","2014-12-31","DISKOMINSA","Intra","Stand Mikrophone - UPTD Seuramo","0",,"0000-00-00",,NULL
"1.3.2.05.02.06.015","Microphone Floor Stand","0013",,"Rosehsehr / SR 2008",,"Unit","1006500","Pembelian","2014-12-31","DISKOMINSA","Intra","Stand Mikrophone - UPTD Seuramo","0",,"0000-00-00",,NULL
"1.3.2.05.02.06.015","Microphone Floor Stand","0014",,"Rosehsehr / SR 2008",,"Unit","1006500","Pembelian","2014-12-31","DISKOMINSA","Intra","Stand Mikrophone - UPTD Seuramo","0",,"0000-00-00",,NULL
"1.3.2.05.02.06.015","Microphone Floor Stand","0015",,"Recording Microphone Stan",,"Unit","557700","Pembelian","2016-12-31","DISKOMINSA","Intra","Aksesoris Pendukung R. Studio Multimedia UPTD Telematika BA : 10/05/BA-PP/2016 (Recording Microphone","0",,"0000-00-00",,NULL
"1.3.2.05.02.06.016","Microphone Table Stand","0002",,"Boch/Philip",,"Unit","4457400","Pembelian","2007-12-31","DISKOMINSA","Intra","Mic Conference","0",,"0000-00-00",,NULL
"1.3.2.05.02.06.016","Microphone Table Stand","0003",,"Boch/Philip",,"Unit","4457400","Pembelian","2007-12-31","DISKOMINSA","Intra","Mic Conference","0",,"0000-00-00",,NULL
"1.3.2.05.02.06.016","Microphone Table Stand","0004",,"Boch/Philip",,"Unit","4457400","Pembelian","2007-12-31","DISKOMINSA","Intra","Mic Conference","0",,"0000-00-00",,NULL
"1.3.2.05.02.06.016","Microphone Table Stand","0005",,"Boch/Philip",,"Unit","4457400","Pembelian","2007-12-31","DISKOMINSA","Intra","Mic Conference","0",,"0000-00-00",,NULL
"1.3.2.05.02.06.016","Microphone Table Stand","0006",,"Boch/Philip",,"Unit","4457400","Pembelian","2007-12-31","DISKOMINSA","Intra","Mic Conference","0",,"0000-00-00",,NULL
"1.3.2.05.02.06.016","Microphone Table Stand","0007",,"Boch/Philip",,"Unit","4457400","Pembelian","2007-12-31","DISKOMINSA","Intra","Mic Conference","0",,"0000-00-00",,NULL
"1.3.2.05.02.06.016","Microphone Table Stand","0008",,"Boch/Philip",,"Unit","4457400","Pembelian","2007-12-31","DISKOMINSA","Intra","Mic Conference","0",,"0000-00-00",,NULL
"1.3.2.05.02.06.016","Microphone Table Stand","0009",,"Boch/Philip",,"Unit","4457400","Pembelian","2007-12-31","DISKOMINSA","Intra","Mic Conference","0",,"0000-00-00",,NULL
"1.3.2.05.02.06.016","Microphone Table Stand","0010",,"Boch/Philip",,"Unit","4457400","Pembelian","2007-12-31","DISKOMINSA","Intra","Mic Conference","0",,"0000-00-00",,NULL
"1.3.2.05.02.06.016","Microphone Table Stand","0011",,"Boch/Philip",,"Unit","4457400","Pembelian","2007-12-31","DISKOMINSA","Intra","Mic Conference","0",,"0000-00-00",,NULL
"1.3.2.05.02.06.016","Microphone Table Stand","0012",,"Boch/Philip",,"Unit","4457400","Pembelian","2007-12-31","DISKOMINSA","Intra","Mic Conference","0",,"0000-00-00",,NULL
"1.3.2.05.02.06.016","Microphone Table Stand","0013",,"Boch/Philip",,"Unit","4457400","Pembelian","2007-12-31","DISKOMINSA","Intra","Mic Conference","0",,"0000-00-00",,NULL
"1.3.2.05.02.06.016","Microphone Table Stand","0014",,"Boch/Philip",,"Unit","4457400","Pembelian","2007-12-31","DISKOMINSA","Intra","Mic Conference","0",,"0000-00-00",,NULL
"1.3.2.05.02.06.016","Microphone Table Stand","0015",,"Boch/Philip",,"Unit","4457400","Pembelian","2007-12-31","DISKOMINSA","Intra","Mic Conference","0",,"0000-00-00",,NULL
"1.3.2.05.02.06.016","Microphone Table Stand","0016",,"Boch/Philip",,"Unit","4457400","Pembelian","2007-12-31","DISKOMINSA","Intra","Mic Conference","0",,"0000-00-00",,NULL
"1.3.2.05.02.06.016","Microphone Table Stand","0017",,"Boch/Philip",,"Unit","4457400","Pembelian","2007-12-31","DISKOMINSA","Intra","Mic Conference","0",,"0000-00-00",,NULL
"1.3.2.05.02.06.016","Microphone Table Stand","0018",,"Boch/Philip",,"Unit","4457400","Pembelian","2007-12-31","DISKOMINSA","Intra","Mic Conference","0",,"0000-00-00",,NULL
"1.3.2.05.02.06.016","Microphone Table Stand","0019",,"Boch/Philip",,"Unit","4457400","Pembelian","2007-12-31","DISKOMINSA","Intra","Mic Conference","0",,"0000-00-00",,NULL
"1.3.2.05.02.06.016","Microphone Table Stand","0020",,"Boch/Philip",,"Unit","4457400","Pembelian","2007-12-31","DISKOMINSA","Intra","Mic Conference","0",,"0000-00-00",,NULL
"1.3.2.05.02.06.016","Microphone Table Stand","0021",,"Boch/Philip",,"Unit","4457400","Pembelian","2007-12-31","DISKOMINSA","Intra","Mic Conference","0",,"0000-00-00",,NULL
"1.3.2.05.02.06.016","Microphone Table Stand","0022",,"Boch/Philip",,"Unit","4457400","Pembelian","2007-12-31","DISKOMINSA","Intra","Mic Conference","0",,"0000-00-00",,NULL
"1.3.2.05.02.06.016","Microphone Table Stand","0023",,"Boch/Philip",,"Unit","4457400","Pembelian","2007-12-31","DISKOMINSA","Intra","Mic Conference","0",,"0000-00-00",,NULL
"1.3.2.05.02.06.016","Microphone Table Stand","0024",,"Boch/Philip",,"Unit","4457400","Pembelian","2007-12-31","DISKOMINSA","Intra","Mic Conference","0",,"0000-00-00",,NULL
"1.3.2.05.02.06.016","Microphone Table Stand","0025",,"Boch/Philip",,"Unit","4457400","Pembelian","2007-12-31","DISKOMINSA","Intra","Mic Conference","0",,"0000-00-00",,NULL
"1.3.2.05.02.06.016","Microphone Table Stand","0026",,"Boch/Philip",,"Unit","4457400","Pembelian","2007-12-31","DISKOMINSA","Intra","Mic Conference","0",,"0000-00-00",,NULL
"1.3.2.05.02.06.016","Microphone Table Stand","0027","Hybrid Microphone Stand","Bespeco/MS11",,"Unit","800000","Pembelian","2022-02-21","DISKOMINSA","Intra","Pengadaan Stand Microphone","0",,"0000-00-00",,NULL
"1.3.2.05.02.06.016","Microphone Table Stand","0028","Desktop Microphone Stand","Proel/DST110",,"Unit","595000","Pembelian","2022-02-21","DISKOMINSA","Intra","Pengadaan Stand Microphone Meja","0",,"0000-00-00",,NULL
"1.3.2.05.02.06.017","Mic Conference","0001",,"AKG WMS - 40",,"Unit","5995000","Pembelian","2014-12-31","DISKOMINSA","Intra","Mikrophone Converence - UPTD Seuramo","0",,"0000-00-00",,NULL
"1.3.2.05.02.06.017","Mic Conference","0002",,"AKG WMS - 40",,"Unit","5995000","Pembelian","2014-12-31","DISKOMINSA","Intra","Mikrophone Converence - UPTD Seuramo","0",,"0000-00-00",,NULL
"1.3.2.05.02.06.017","Mic Conference","0003",,"AKG WMS - 40",,"Unit","5995000","Pembelian","2014-12-31","DISKOMINSA","Intra","Mikrophone Converence - UPTD Seuramo","0",,"0000-00-00",,NULL
"1.3.2.05.02.06.017","Mic Conference","0004",,"AKG WMS - 40",,"Unit","5995000","Pembelian","2014-12-31","DISKOMINSA","Intra","Mikrophone Converence - UPTD Seuramo","0",,"0000-00-00",,NULL
"1.3.2.05.02.06.017","Mic Conference","0005",,"AKG WMS - 40",,"Unit","5995000","Pembelian","2014-12-31","DISKOMINSA","Intra","Mikrophone Converence - UPTD Seuramo","0",,"0000-00-00",,NULL
"1.3.2.05.02.06.017","Mic Conference","0006",,"AKG WMS - 40",,"Unit","5995000","Pembelian","2014-12-31","DISKOMINSA","Intra","Mikrophone Converence - UPTD Seuramo","0",,"0000-00-00",,NULL
"1.3.2.05.02.06.017","Mic Conference","0007",,"AKG WMS - 40",,"Unit","5995000","Pembelian","2014-12-31","DISKOMINSA","Intra","Mikrophone Converence - UPTD Seuramo","0",,"0000-00-00",,NULL
"1.3.2.05.02.06.017","Mic Conference","0008",,"AKG WMS - 40",,"Unit","5995000","Pembelian","2014-12-31","DISKOMINSA","Intra","Mikrophone Converence - UPTD Seuramo","0",,"0000-00-00",,NULL
"1.3.2.05.02.06.017","Mic Conference","0009",,"AKG WMS - 40",,"Unit","5995000","Pembelian","2014-12-31","DISKOMINSA","Intra","Mikrophone Converence - UPTD Seuramo","0",,"0000-00-00",,NULL
"1.3.2.05.02.06.018","Unit Power Supply","0008",,"Unipower / Online UPC",,"Unit","99440000","Pembelian","2011-12-31","DISKOMINSA","Intra",,"0",,"0000-00-00",,NULL
"1.3.2.05.02.06.018","Unit Power Supply","0009",,"BsB",,"Unit","72908000","Pembelian","2011-12-31","DISKOMINSA","Intra","Battery UPS","0",,"0000-00-00",,NULL
"1.3.2.05.02.06.018","Unit Power Supply","0010",,"BsB",,"Unit","72908000","Pembelian","2011-12-31","DISKOMINSA","Intra","Battery UPS","0",,"0000-00-00",,NULL
"1.3.2.05.02.06.018","Unit Power Supply","0011",,"Unipower / Online UPC",,"Unit","43395000","Pembelian","2011-12-31","DISKOMINSA","Intra",,"0",,"0000-00-00",,NULL
"1.3.2.05.02.06.018","Unit Power Supply","0012",,"Unipower / Online UPC",,"Unit","43395000","Pembelian","2011-12-31","DISKOMINSA","Intra",,"0",,"0000-00-00",,NULL
"1.3.2.05.02.06.018","Unit Power Supply","0013",,"Unipower / Online UPC",,"Unit","43395000","Pembelian","2011-12-31","DISKOMINSA","Intra",,"0",,"0000-00-00",,NULL
"1.3.2.05.02.06.018","Unit Power Supply","0014",,"Unipower / Online UPC",,"Unit","43395000","Pembelian","2011-12-31","DISKOMINSA","Intra",,"0",,"0000-00-00",,NULL
"1.3.2.05.02.06.018","Unit Power Supply","0015",,"APC Black UPS Pro / BR 90",,"Unit","2970000","Pembelian","2011-12-31","DISKOMINSA","Intra","APC BR 900 GI","0",,"0000-00-00",,NULL
"1.3.2.05.02.06.018","Unit Power Supply","0016",,"APC Black UPS Pro / BR 90",,"Unit","2970000","Pembelian","2011-12-31","DISKOMINSA","Intra","APC BR 900 GI","0",,"0000-00-00",,NULL
"1.3.2.05.02.06.018","Unit Power Supply","0017",,"DAKAI",,"Unit","1584000","Pembelian","2011-12-31","DISKOMINSA","Intra","Reklas dari TDF (2020); Power Supply, Aceh Timur","0",,"0000-00-00",,NULL
"1.3.2.05.02.06.018","Unit Power Supply","0018",,"DAKAI",,"Unit","1584000","Pembelian","2011-12-31","DISKOMINSA","Intra","Reklas dari TDF (2020); Power Supply, Aceh Tengah","0",,"0000-00-00",,NULL
"1.3.2.05.02.06.018","Unit Power Supply","0019",,"DAKAI",,"Unit","3300000","Pembelian","2011-12-31","DISKOMINSA","Intra","Reklas dari TDF (2020), Power Supply, Peningkatan Kualitas Signal Fasilitas Radio Interkoneksi Lokas","0",,"0000-00-00",,NULL
"1.3.2.05.02.06.018","Unit Power Supply","0020",,,,"Unit","7480000","Pembelian","2012-12-31","DISKOMINSA","Intra",,"0",,"0000-00-00",,NULL
"1.3.2.05.02.06.018","Unit Power Supply","0021",,,,"Unit","4455000","Pembelian","2012-12-31","DISKOMINSA","Intra",,"0",,"0000-00-00",,NULL
"1.3.2.05.02.06.018","Unit Power Supply","0022",,,,"Unit","4455000","Pembelian","2012-12-31","DISKOMINSA","Intra",,"0",,"0000-00-00",,NULL
"1.3.2.05.02.06.018","Unit Power Supply","0023",,,,"Unit","4455000","Pembelian","2012-12-31","DISKOMINSA","Intra",,"0",,"0000-00-00",,NULL
"1.3.2.05.02.06.018","Unit Power Supply","0024",,,,"Unit","4455000","Pembelian","2012-12-31","DISKOMINSA","Intra",,"0",,"0000-00-00",,NULL
"1.3.2.05.02.06.018","Unit Power Supply","0025",,,,"Unit","4455000","Pembelian","2012-12-31","DISKOMINSA","Intra",,"0",,"0000-00-00",,NULL
"1.3.2.05.02.06.018","Unit Power Supply","0026",,,,"Unit","4455000","Pembelian","2012-12-31","DISKOMINSA","Intra",,"0",,"0000-00-00",,NULL
"1.3.2.05.02.06.018","Unit Power Supply","0027",,,,"Unit","4455000","Pembelian","2012-12-31","DISKOMINSA","Intra",,"0",,"0000-00-00",,NULL
"1.3.2.05.02.06.018","Unit Power Supply","0028",,,,"Unit","4455000","Pembelian","2012-12-31","DISKOMINSA","Intra",,"0",,"0000-00-00",,NULL
"1.3.2.05.02.06.018","Unit Power Supply","0029",,,,"Unit","4455000","Pembelian","2012-12-31","DISKOMINSA","Intra",,"0",,"0000-00-00",,NULL
"1.3.2.05.02.06.018","Unit Power Supply","0030",,,,"Unit","4455000","Pembelian","2012-12-31","DISKOMINSA","Intra",,"0",,"0000-00-00",,NULL
"1.3.2.05.02.06.018","Unit Power Supply","0031",,,,"Unit","4455000","Pembelian","2012-12-31","DISKOMINSA","Intra",,"0",,"0000-00-00",,NULL
"1.3.2.05.02.06.018","Unit Power Supply","0032",,,,"Unit","4455000","Pembelian","2012-12-31","DISKOMINSA","Intra",,"0",,"0000-00-00",,NULL
"1.3.2.05.02.06.018","Unit Power Supply","0033",,,,"Unit","4455000","Pembelian","2012-12-31","DISKOMINSA","Intra",,"0",,"0000-00-00",,NULL
"1.3.2.05.02.06.018","Unit Power Supply","0034",,,,"Unit","4455000","Pembelian","2012-12-31","DISKOMINSA","Intra",,"0",,"0000-00-00",,NULL
"1.3.2.05.02.06.018","Unit Power Supply","0035",,,,"Unit","4455000","Pembelian","2012-12-31","DISKOMINSA","Intra",,"0",,"0000-00-00",,NULL
"1.3.2.05.02.06.018","Unit Power Supply","0036",,,,"Unit","4455000","Pembelian","2012-12-31","DISKOMINSA","Intra",,"0",,"0000-00-00",,NULL
"1.3.2.05.02.06.018","Unit Power Supply","0037",,,,"Unit","4455000","Pembelian","2012-12-31","DISKOMINSA","Intra",,"0",,"0000-00-00",,NULL
"1.3.2.05.02.06.018","Unit Power Supply","0038",,,,"Unit","4455000","Pembelian","2012-12-31","DISKOMINSA","Intra",,"0",,"0000-00-00",,NULL
"1.3.2.05.02.06.018","Unit Power Supply","0039",,,,"Unit","4455000","Pembelian","2012-12-31","DISKOMINSA","Intra",,"0",,"0000-00-00",,NULL
"1.3.2.05.02.06.018","Unit Power Supply","0040",,,,"Unit","4455000","Pembelian","2012-12-31","DISKOMINSA","Intra",,"0",,"0000-00-00",,NULL
"1.3.2.05.02.06.018","Unit Power Supply","0041",,"Akai / AP-40 AD",,"Unit","1650000","Pembelian","2012-12-31","DISKOMINSA","Intra",,"0",,"0000-00-00",,NULL
"1.3.2.05.02.06.018","Unit Power Supply","0042",,"Akai / AP-40 AD",,"Unit","1650000","Pembelian","2012-12-31","DISKOMINSA","Intra",,"0",,"0000-00-00",,NULL
"1.3.2.05.02.06.018","Unit Power Supply","0043",,"DAKAI",,"Unit","1320000","Pembelian","2012-12-31","DISKOMINSA","Intra","Reklas dari TDF (2020), Battery, Peningkatan Kualitas Signal Fasilitas Radio Interkoneksi Kabupaten","0",,"0000-00-00",,NULL
"1.3.2.05.02.06.018","Unit Power Supply","0044",,"CMM Motorolla",,"Unit","291500","Pembelian","2012-12-31","DISKOMINSA","Extra","Reklas dari TDF (2020), Power Supply, Perangkat Aksesoris 5,8 Ghz","0",,"0000-00-00",,NULL
"1.3.2.05.02.06.018","Unit Power Supply","0045",,"CMM Motorolla",,"Unit","291500","Pembelian","2012-12-31","DISKOMINSA","Extra","Reklas dari TDF (2020), Power Supply, Perangkat Aksesoris 5,8 Ghz","0",,"0000-00-00",,NULL
"1.3.2.05.02.06.018","Unit Power Supply","0046",,"CMM Motorolla",,"Unit","291500","Pembelian","2012-12-31","DISKOMINSA","Extra","Reklas dari TDF (2020), Power Supply, Perangkat Aksesoris 5,8 Ghz","0",,"0000-00-00",,NULL
"1.3.2.05.02.06.018","Unit Power Supply","0047",,"CMM Motorolla",,"Unit","291500","Pembelian","2012-12-31","DISKOMINSA","Extra","Reklas dari TDF (2020), Power Supply, Perangkat Aksesoris 5,8 Ghz","0",,"0000-00-00",,NULL
"1.3.2.05.02.06.018","Unit Power Supply","0048",,"CMM Motorolla",,"Unit","291500","Pembelian","2012-12-31","DISKOMINSA","Extra","Reklas dari TDF (2020), Power Supply, Perangkat Aksesoris 5,8 Ghz","0",,"0000-00-00",,NULL
"1.3.2.05.02.06.018","Unit Power Supply","0049",,"CMM Motorolla",,"Unit","291500","Pembelian","2012-12-31","DISKOMINSA","Extra","Reklas dari TDF (2020), Power Supply, Perangkat Aksesoris 5,8 Ghz","0",,"0000-00-00",,NULL
"1.3.2.05.02.06.018","Unit Power Supply","0050",,"CMM Motorolla",,"Unit","291500","Pembelian","2012-12-31","DISKOMINSA","Extra","Reklas dari TDF (2020), Power Supply, Perangkat Aksesoris 5,8 Ghz","0",,"0000-00-00",,NULL
"1.3.2.05.02.06.018","Unit Power Supply","0051",,"CMM Motorolla",,"Unit","291500","Pembelian","2012-12-31","DISKOMINSA","Extra","Reklas dari TDF (2020), Power Supply, Perangkat Aksesoris 5,8 Ghz","0",,"0000-00-00",,NULL
"1.3.2.05.02.06.018","Unit Power Supply","0052",,"CMM Motorolla",,"Unit","291500","Pembelian","2012-12-31","DISKOMINSA","Extra","Reklas dari TDF (2020), Power Supply, Perangkat Aksesoris 5,8 Ghz","0",,"0000-00-00",,NULL
"1.3.2.05.02.06.018","Unit Power Supply","0053",,"CMM Motorolla",,"Unit","291500","Pembelian","2012-12-31","DISKOMINSA","Extra","Reklas dari TDF (2020), Power Supply, Perangkat Aksesoris 5,8 Ghz","0",,"0000-00-00",,NULL
"1.3.2.05.02.06.018","Unit Power Supply","0054",,,,"Unit","6000000","Pembelian","2013-12-31","DISKOMINSA","Intra","UPS","0",,"0000-00-00",,NULL
"1.3.2.05.02.06.018","Unit Power Supply","0055",,,,"Unit","35000000","Pembelian","2014-12-31","DISKOMINSA","Intra","UPTD Telematika","0",,"0000-00-00",,NULL
"1.3.2.05.02.06.018","Unit Power Supply","0056",,,,"Unit","20000000","Pembelian","2014-12-31","DISKOMINSA","Intra","UPS utk Ruang Media Center - UPTD Seuramo","0",,"0000-00-00",,NULL
"1.3.2.05.02.06.018","Unit Power Supply","0057",,"Unipower  / MV 40 S",,"Unit","198000000","Pembelian","2014-12-31","DISKOMINSA","Intra","UPS 40 KVA","0",,"0000-00-00",,NULL
"1.3.2.05.02.06.018","Unit Power Supply","0058",,,,"Unit","199100000","Pembelian","2015-12-31","DISKOMINSA","Intra","BAPP : PSITT/BA: 07/01/BA-PP/2015","0",,"0000-00-00",,NULL
"1.3.2.05.02.06.018","Unit Power Supply","0059",,"ICA / UPS",,"Unit","3684500","Pembelian","2015-12-31","DISKOMINSA","Intra","UPTD Telematika/BAPP: 10/09/BA-PP/2015 (UPS)","0",,"0000-00-00",,NULL
"1.3.2.05.02.06.018","Unit Power Supply","0060",,"ICA / UPS",,"Unit","3684500","Pembelian","2015-12-31","DISKOMINSA","Intra","UPTD Telematika/BAPP: 10/09/BA-PP/2015 (UPS)","0",,"0000-00-00",,NULL
"1.3.2.05.02.06.018","Unit Power Supply","0061",,"ICA / UPS",,"Unit","3684500","Pembelian","2015-12-31","DISKOMINSA","Intra","UPTD Telematika/BAPP: 10/09/BA-PP/2015 (UPS)","0",,"0000-00-00",,NULL
"1.3.2.05.02.06.018","Unit Power Supply","0062",,"ICA / UPS",,"Unit","3684500","Pembelian","2015-12-31","DISKOMINSA","Intra","UPTD Telematika/BAPP: 10/09/BA-PP/2015 (UPS)","0",,"0000-00-00",,NULL
"1.3.2.05.02.06.018","Unit Power Supply","0063",,"UPS for NVR, TV dan Serve",,"Unit","5500000","Pembelian","2015-12-31","DISKOMINSA","Intra","E-KINERJA PSITT (UPS for NVR, TV dan Server )","0",,"0000-00-00",,NULL
"1.3.2.05.02.06.018","Unit Power Supply","0064",,"UPS for NVR, TV dan Serve",,"Unit","5500000","Pembelian","2015-12-31","DISKOMINSA","Intra","E-KINERJA PSITT (UPS for NVR, TV dan Server )","0",,"0000-00-00",,NULL
"1.3.2.05.02.06.018","Unit Power Supply","0065",,"UPS for NVR, TV dan Serve",,"Unit","5500000","Pembelian","2015-12-31","DISKOMINSA","Intra","E-KINERJA PSITT (UPS for NVR, TV dan Server )","0",,"0000-00-00",,NULL
"1.3.2.05.02.06.018","Unit Power Supply","0066",,"UPS for NVR, TV dan Serve",,"Unit","5500000","Pembelian","2015-12-31","DISKOMINSA","Intra","E-KINERJA PSITT (UPS for NVR, TV dan Server )","0",,"0000-00-00",,NULL
"1.3.2.05.01.05.002","CCTV - Camera Control Television System","0001",,"Avtech  / AVM428A",,"Unit","5766000","Pembelian","2015-12-31","DISKOMINSA","Intra","PSITT/BA: 07/11/BA-PP/2015(IP Camera)","0","RB","2026-01-04",,NULL
"1.3.2.05.02.06.018","Unit Power Supply","0068",,"UPS for NVR, TV dan Serve",,"Unit","5500000","Pembelian","2015-12-31","DISKOMINSA","Intra","E-KINERJA PSITT (UPS for NVR, TV dan Server )","0",,"0000-00-00",,NULL
"1.3.2.05.02.06.018","Unit Power Supply","0069",,"UPS for NVR, TV dan Serve",,"Unit","5500000","Pembelian","2015-12-31","DISKOMINSA","Intra","E-KINERJA PSITT (UPS for NVR, TV dan Server )","0",,"0000-00-00",,NULL
"1.3.2.05.02.06.018","Unit Power Supply","0070",,"UPS for NVR, TV dan Serve",,"Unit","5500000","Pembelian","2015-12-31","DISKOMINSA","Intra","E-KINERJA PSITT (UPS for NVR, TV dan Server )","0",,"0000-00-00",,NULL
"1.3.2.05.02.06.018","Unit Power Supply","0071",,"UPS for NVR, TV dan Serve",,"Unit","5500000","Pembelian","2015-12-31","DISKOMINSA","Intra","E-KINERJA PSITT (UPS for NVR, TV dan Server )","0",,"0000-00-00",,NULL
"1.3.2.05.02.06.018","Unit Power Supply","0072",,"UPS for NVR, TV dan Serve",,"Unit","5500000","Pembelian","2015-12-31","DISKOMINSA","Intra","E-KINERJA PSITT (UPS for NVR, TV dan Server )","0",,"0000-00-00",,NULL
"1.3.2.05.02.06.018","Unit Power Supply","0073",,"UPS for NVR, TV dan Serve",,"Unit","5500000","Pembelian","2015-12-31","DISKOMINSA","Intra","E-KINERJA PSITT (UPS for NVR, TV dan Server )","0",,"0000-00-00",,NULL
"1.3.2.05.02.06.018","Unit Power Supply","0074",,"UPS for NVR, TV dan Serve",,"Unit","5500000","Pembelian","2015-12-31","DISKOMINSA","Intra","E-KINERJA PSITT (UPS for NVR, TV dan Server )","0",,"0000-00-00",,NULL
"1.3.2.05.02.06.018","Unit Power Supply","0075",,"UPS for NVR, TV dan Serve",,"Unit","5500000","Pembelian","2015-12-31","DISKOMINSA","Intra","E-KINERJA PSITT (UPS for NVR, TV dan Server )","0",,"0000-00-00",,NULL
"1.3.2.05.02.06.018","Unit Power Supply","0076",,"UPS for NVR, TV dan Serve",,"Unit","5500000","Pembelian","2015-12-31","DISKOMINSA","Intra","E-KINERJA PSITT (UPS for NVR, TV dan Server )","0",,"0000-00-00",,NULL
"1.3.2.05.02.06.018","Unit Power Supply","0077",,"UPS for NVR, TV dan Serve",,"Unit","5500000","Pembelian","2015-12-31","DISKOMINSA","Intra","E-KINERJA PSITT (UPS for NVR, TV dan Server )","0",,"0000-00-00",,NULL
"1.3.2.05.02.06.018","Unit Power Supply","0078",,"UPS for NVR, TV dan Serve",,"Unit","5500000","Pembelian","2015-12-31","DISKOMINSA","Intra","E-KINERJA PSITT (UPS for NVR, TV dan Server )","0",,"0000-00-00",,NULL
"1.3.2.05.02.06.018","Unit Power Supply","0079",,"UPS for NVR, TV dan Serve",,"Unit","5500000","Pembelian","2015-12-31","DISKOMINSA","Intra","E-KINERJA PSITT (UPS for NVR, TV dan Server )","0",,"0000-00-00",,NULL
"1.3.2.05.02.06.018","Unit Power Supply","0080",,"UPS for NVR, TV dan Serve",,"Unit","5500000","Pembelian","2015-12-31","DISKOMINSA","Intra","E-KINERJA PSITT (UPS for NVR, TV dan Server )","0",,"0000-00-00",,NULL
"1.3.2.05.02.06.018","Unit Power Supply","0081",,"UPS for NVR, TV dan Serve",,"Unit","5500000","Pembelian","2015-12-31","DISKOMINSA","Intra","E-KINERJA PSITT (UPS for NVR, TV dan Server )","0",,"0000-00-00",,NULL
"1.3.2.05.02.06.018","Unit Power Supply","0082",,"UPS for NVR, TV dan Serve",,"Unit","5500000","Pembelian","2015-12-31","DISKOMINSA","Intra","E-KINERJA PSITT (UPS for NVR, TV dan Server )","0",,"0000-00-00",,NULL
"1.3.2.05.02.06.018","Unit Power Supply","0083",,"UPS for NVR, TV dan Serve",,"Unit","5500000","Pembelian","2015-12-31","DISKOMINSA","Intra","E-KINERJA PSITT (UPS for NVR, TV dan Server )","0",,"0000-00-00",,NULL
"1.3.2.05.02.06.018","Unit Power Supply","0084",,"UPS for NVR, TV dan Serve",,"Unit","5500000","Pembelian","2015-12-31","DISKOMINSA","Intra","E-KINERJA PSITT (UPS for NVR, TV dan Server )","0",,"0000-00-00",,NULL
"1.3.2.05.02.06.018","Unit Power Supply","0085",,"UPS for NVR, TV dan Serve",,"Unit","5500000","Pembelian","2015-12-31","DISKOMINSA","Intra","E-KINERJA PSITT (UPS for NVR, TV dan Server )","0",,"0000-00-00",,NULL
"1.3.2.05.02.06.018","Unit Power Supply","0086",,"UPS for NVR, TV dan Serve",,"Unit","5500000","Pembelian","2015-12-31","DISKOMINSA","Intra","E-KINERJA PSITT (UPS for NVR, TV dan Server )","0",,"0000-00-00",,NULL
"1.3.2.05.02.06.018","Unit Power Supply","0087",,"UPS for NVR, TV dan Serve",,"Unit","5500000","Pembelian","2015-12-31","DISKOMINSA","Intra","E-KINERJA PSITT (UPS for NVR, TV dan Server )","0",,"0000-00-00",,NULL
"1.3.2.05.02.06.018","Unit Power Supply","0088",,"UPS for NVR, TV dan Serve",,"Unit","5500000","Pembelian","2015-12-31","DISKOMINSA","Intra","E-KINERJA PSITT (UPS for NVR, TV dan Server )","0",,"0000-00-00",,NULL
"1.3.2.05.02.06.018","Unit Power Supply","0089",,"UPS for NVR, TV dan Serve",,"Unit","5500000","Pembelian","2015-12-31","DISKOMINSA","Intra","E-KINERJA PSITT (UPS for NVR, TV dan Server )","0",,"0000-00-00",,NULL
"1.3.2.05.02.06.018","Unit Power Supply","0090",,"UPS for NVR, TV dan Serve",,"Unit","5500000","Pembelian","2015-12-31","DISKOMINSA","Intra","E-KINERJA PSITT (UPS for NVR, TV dan Server )","0",,"0000-00-00",,NULL
"1.3.2.05.02.06.018","Unit Power Supply","0091",,"UPS for NVR, TV dan Serve",,"Unit","5500000","Pembelian","2015-12-31","DISKOMINSA","Intra","E-KINERJA PSITT (UPS for NVR, TV dan Server )","0",,"0000-00-00",,NULL
"1.3.2.05.02.06.018","Unit Power Supply","0092",,"UPS for NVR, TV dan Serve",,"Unit","5500000","Pembelian","2015-12-31","DISKOMINSA","Intra","E-KINERJA PSITT (UPS for NVR, TV dan Server )","0",,"0000-00-00",,NULL
"1.3.2.05.02.06.018","Unit Power Supply","0093",,"UPS for NVR, TV dan Serve",,"Unit","5500000","Pembelian","2015-12-31","DISKOMINSA","Intra","E-KINERJA PSITT (UPS for NVR, TV dan Server )","0",,"0000-00-00",,NULL
"1.3.2.05.02.06.018","Unit Power Supply","0094",,"UPS for NVR, TV dan Serve",,"Unit","5500000","Pembelian","2015-12-31","DISKOMINSA","Intra","E-KINERJA PSITT (UPS for NVR, TV dan Server )","0",,"0000-00-00",,NULL
"1.3.2.05.02.06.018","Unit Power Supply","0095",,"UPS for NVR, TV dan Serve",,"Unit","5500000","Pembelian","2015-12-31","DISKOMINSA","Intra","E-KINERJA PSITT (UPS for NVR, TV dan Server )","0",,"0000-00-00",,NULL
"1.3.2.05.02.06.018","Unit Power Supply","0096",,"UPS for NVR, TV dan Serve",,"Unit","5500000","Pembelian","2015-12-31","DISKOMINSA","Intra","E-KINERJA PSITT (UPS for NVR, TV dan Server )","0",,"0000-00-00",,NULL
"1.3.2.05.02.06.018","Unit Power Supply","0097",,"UPS for NVR, TV dan Serve",,"Unit","5500000","Pembelian","2015-12-31","DISKOMINSA","Intra","E-KINERJA PSITT (UPS for NVR, TV dan Server )","0",,"0000-00-00",,NULL
"1.3.2.05.02.06.018","Unit Power Supply","0098",,"UPS for NVR, TV dan Serve",,"Unit","5500000","Pembelian","2015-12-31","DISKOMINSA","Intra","E-KINERJA PSITT (UPS for NVR, TV dan Server )","0",,"0000-00-00",,NULL
"1.3.2.05.02.06.018","Unit Power Supply","0099",,"UPS for NVR, TV dan Serve",,"Unit","5500000","Pembelian","2015-12-31","DISKOMINSA","Intra","E-KINERJA PSITT (UPS for NVR, TV dan Server )","0",,"0000-00-00",,NULL
"1.3.2.05.02.06.018","Unit Power Supply","0100",,"UPS for NVR, TV dan Serve",,"Unit","5500000","Pembelian","2015-12-31","DISKOMINSA","Intra","E-KINERJA PSITT (UPS for NVR, TV dan Server )","0",,"0000-00-00",,NULL
"1.3.2.05.02.06.018","Unit Power Supply","0101",,"UPS for NVR, TV dan Serve",,"Unit","5500000","Pembelian","2015-12-31","DISKOMINSA","Intra","E-KINERJA PSITT (UPS for NVR, TV dan Server )","0",,"0000-00-00",,NULL
"1.3.2.05.02.06.018","Unit Power Supply","0102",,"UPS for NVR, TV dan Serve",,"Unit","5500000","Pembelian","2015-12-31","DISKOMINSA","Intra","E-KINERJA PSITT (UPS for NVR, TV dan Server )","0",,"0000-00-00",,NULL
"1.3.2.05.02.06.018","Unit Power Supply","0103",,"UPS for NVR, TV dan Serve",,"Unit","5500000","Pembelian","2015-12-31","DISKOMINSA","Intra","E-KINERJA PSITT (UPS for NVR, TV dan Server )","0",,"0000-00-00",,NULL
"1.3.2.05.02.06.018","Unit Power Supply","0104",,"UPS for NVR, TV dan Serve",,"Unit","5500000","Pembelian","2015-12-31","DISKOMINSA","Intra","E-KINERJA PSITT (UPS for NVR, TV dan Server )","0",,"0000-00-00",,NULL
"1.3.2.05.02.06.018","Unit Power Supply","0105",,"UPS for NVR, TV dan Serve",,"Unit","5500000","Pembelian","2015-12-31","DISKOMINSA","Intra","E-KINERJA PSITT (UPS for NVR, TV dan Server )","0",,"0000-00-00",,NULL
"1.3.2.05.02.06.018","Unit Power Supply","0106",,"UPS for NVR, TV dan Serve",,"Unit","5500000","Pembelian","2015-12-31","DISKOMINSA","Intra","E-KINERJA PSITT (UPS for NVR, TV dan Server )","0",,"0000-00-00",,NULL
"1.3.2.05.02.06.018","Unit Power Supply","0107",,"UPS for NVR, TV dan Serve",,"Unit","5500000","Pembelian","2015-12-31","DISKOMINSA","Intra","E-KINERJA PSITT (UPS for NVR, TV dan Server )","0",,"0000-00-00",,NULL
"1.3.2.05.02.06.018","Unit Power Supply","0108",,"UPS for NVR, TV dan Serve",,"Unit","5500000","Pembelian","2015-12-31","DISKOMINSA","Intra","E-KINERJA PSITT (UPS for NVR, TV dan Server )","0",,"0000-00-00",,NULL
"1.3.2.05.02.06.018","Unit Power Supply","0109",,"UPS for NVR, TV dan Serve",,"Unit","5500000","Pembelian","2015-12-31","DISKOMINSA","Intra","E-KINERJA PSITT (UPS for NVR, TV dan Server )","0",,"0000-00-00",,NULL
"1.3.2.05.02.06.018","Unit Power Supply","0110",,"UPS for NVR, TV dan Serve",,"Unit","5500000","Pembelian","2015-12-31","DISKOMINSA","Intra","E-KINERJA PSITT (UPS for NVR, TV dan Server )","0",,"0000-00-00",,NULL
"1.3.2.05.02.06.018","Unit Power Supply","0111",,"UPS for NVR, TV dan Serve",,"Unit","5500000","Pembelian","2015-12-31","DISKOMINSA","Intra","E-KINERJA PSITT (UPS for NVR, TV dan Server )","0",,"0000-00-00",,NULL
"1.3.2.05.02.06.018","Unit Power Supply","0112",,"UPS for NVR, TV dan Serve",,"Unit","5500000","Pembelian","2015-12-31","DISKOMINSA","Intra","E-KINERJA PSITT (UPS for NVR, TV dan Server )","0",,"0000-00-00",,NULL
"1.3.2.05.02.06.018","Unit Power Supply","0113",,"UPS for NVR, TV dan Serve",,"Unit","5500000","Pembelian","2015-12-31","DISKOMINSA","Intra","E-KINERJA PSITT (UPS for NVR, TV dan Server )","0",,"0000-00-00",,NULL
"1.3.2.05.02.06.018","Unit Power Supply","0114",,"UPS for NVR, TV dan Serve",,"Unit","5500000","Pembelian","2015-12-31","DISKOMINSA","Intra","E-KINERJA PSITT (UPS for NVR, TV dan Server )","0",,"0000-00-00",,NULL
"1.3.2.05.02.06.018","Unit Power Supply","0115",,"UPS for NVR, TV dan Serve",,"Unit","5500000","Pembelian","2015-12-31","DISKOMINSA","Intra","E-KINERJA PSITT (UPS for NVR, TV dan Server )","0",,"0000-00-00",,NULL
"1.3.2.05.02.06.018","Unit Power Supply","0116",,"UPS for NVR, TV dan Serve",,"Unit","5500000","Pembelian","2015-12-31","DISKOMINSA","Intra","E-KINERJA PSITT (UPS for NVR, TV dan Server )","0",,"0000-00-00",,NULL
"1.3.2.05.02.06.018","Unit Power Supply","0117",,"UPS for NVR, TV dan Serve",,"Unit","5500000","Pembelian","2015-12-31","DISKOMINSA","Intra","E-KINERJA PSITT (UPS for NVR, TV dan Server )","0",,"0000-00-00",,NULL
"1.3.2.05.02.06.018","Unit Power Supply","0118",,"UPS for NVR, TV dan Serve",,"Unit","5500000","Pembelian","2015-12-31","DISKOMINSA","Intra","E-KINERJA PSITT (UPS for NVR, TV dan Server )","0",,"0000-00-00",,NULL
"1.3.2.05.02.06.018","Unit Power Supply","0119",,"UPS for NVR, TV dan Serve",,"Unit","5500000","Pembelian","2015-12-31","DISKOMINSA","Intra","E-KINERJA PSITT (UPS for NVR, TV dan Server )","0",,"0000-00-00",,NULL
"1.3.2.05.02.06.018","Unit Power Supply","0120",,,,"Unit","825000","Pembelian","2015-12-31","DISKOMINSA","Intra","Postel/BA: 06/05/BA-PP/2015 (Power Suply)","0",,"0000-00-00",,NULL
"1.3.2.05.02.06.018","Unit Power Supply","0121",,"Power Supply 40 Amper Swi",,"Unit","3950000","Pembelian","2015-12-31","DISKOMINSA","Intra","UPTD Telematika/BA: 10/19/BA-PP/2015 (Power Supply 40 Amper Swiching); Reklas dari RB","0",,"0000-00-00",,NULL
"1.3.2.05.02.06.018","Unit Power Supply","0122",,"Smart UPS / 1500 VA",,"Unit","6225000","Pembelian","2016-12-31","DISKOMINSA","Intra","Smart UPS 1500 VA -- Penyempurnaan Perangkat pada Ruang Monitoring Radio Komunikasi UPTD Telematika","0",,"0000-00-00",,NULL
"1.3.2.05.02.06.018","Unit Power Supply","0123",,"ICA / UPS 602B",,"Unit","3737000","Pembelian","2017-12-31","DISKOMINSA","Intra","UPS ICA -- Pengadaan Box Shelter, Baterai Backup, UPS BTS dan Aksesoris (UPTD Telematika) BAST No. 3","0",,"0000-00-00",,NULL
"1.3.2.05.02.06.018","Unit Power Supply","0124",,"ICA / UPS 602B",,"Unit","3737000","Pembelian","2017-12-31","DISKOMINSA","Intra","UPS ICA -- Pengadaan Box Shelter, Baterai Backup, UPS BTS dan Aksesoris (UPTD Telematika) BAST No. 3","0",,"0000-00-00",,NULL
"1.3.2.05.02.06.018","Unit Power Supply","0125",,"ICA / UPS 602B",,"Unit","3737000","Pembelian","2017-12-31","DISKOMINSA","Intra","UPS ICA -- Pengadaan Box Shelter, Baterai Backup, UPS BTS dan Aksesoris (UPTD Telematika) BAST No. 3","0",,"0000-00-00",,NULL
"1.3.2.05.02.06.018","Unit Power Supply","0126",,"ICA / UPS 602B",,"Unit","3737000","Pembelian","2017-12-31","DISKOMINSA","Intra","UPS ICA -- Pengadaan Box Shelter, Baterai Backup, UPS BTS dan Aksesoris (UPTD Telematika) BAST No. 3","0",,"0000-00-00",,NULL
"1.3.2.05.02.06.018","Unit Power Supply","0127",,"ICA / UPS 602B",,"Unit","3737000","Pembelian","2017-12-31","DISKOMINSA","Intra","UPS ICA -- Pengadaan Box Shelter, Baterai Backup, UPS BTS dan Aksesoris (UPTD Telematika) BAST No. 3","0",,"0000-00-00",,NULL
"1.3.2.05.02.06.018","Unit Power Supply","0128",,"ICA / UPS 602B",,"Unit","3985000","Pembelian","2017-12-31","DISKOMINSA","Intra","UPS ICA -- Pengadaan Box Shelter, Baterai Backup, UPS BTS dan Aksesoris (UPTD Telematika) BAST No. 3","0",,"0000-00-00",,NULL
"1.3.2.05.02.06.018","Unit Power Supply","0129",,"APC / C 1000/1500 VA",,"Unit","5995000","Pembelian","2017-12-31","DISKOMINSA","Intra","APC Smart-UPS -- Pengadaan UPS BAST No. 050/BA/KPA-SEKRETARIAT/XII/2017 Tgl. 13/12/2017","0",,"0000-00-00",,NULL
"1.3.2.05.02.06.018","Unit Power Supply","0130",,"APC / C 1000/1500 VA",,"Unit","5995000","Pembelian","2017-12-31","DISKOMINSA","Intra","APC Smart-UPS -- Pengadaan UPS BAST No. 050/BA/KPA-SEKRETARIAT/XII/2017 Tgl. 13/12/2017","0",,"0000-00-00",,NULL
"1.3.2.05.02.06.018","Unit Power Supply","0131",,"UPS APC Back-UPS 1100LI-M",,"Unit","2485800","Pembelian","2018-12-31","DISKOMINSA","Intra","Pengadaan UPS.","0",,"0000-00-00",,NULL
"1.3.2.05.02.06.018","Unit Power Supply","0132",,"UPS APC Back-UPS 1100LI-M",,"Unit","2485800","Pembelian","2018-12-31","DISKOMINSA","Intra","Pengadaan UPS.","0",,"0000-00-00",,NULL
"1.3.2.05.02.06.018","Unit Power Supply","0133",,"UPS APC Back-UPS 1100LI-M",,"Unit","2485800","Pembelian","2018-12-31","DISKOMINSA","Intra","Pengadaan UPS.","0",,"0000-00-00",,NULL
"1.3.2.05.02.06.018","Unit Power Supply","0134",,"UPS APC Back-UPS 1100LI-M",,"Unit","2485800","Pembelian","2018-12-31","DISKOMINSA","Intra","Pengadaan UPS.","0",,"0000-00-00",,NULL
"1.3.2.05.02.06.018","Unit Power Supply","0135",,"UPS APC Back-UPS 1100LI-M",,"Unit","2485800","Pembelian","2018-12-31","DISKOMINSA","Intra","Pengadaan UPS.","0",,"0000-00-00",,NULL
"1.3.2.05.02.06.018","Unit Power Supply","0136",,"UPS APC Back-UPS 1100LI-M",,"Unit","2485800","Pembelian","2018-12-31","DISKOMINSA","Intra","Pengadaan UPS.","0",,"0000-00-00",,NULL
"1.3.2.05.02.06.018","Unit Power Supply","0137",,"UPS APC Back-UPS 1100LI-M",,"Unit","2485800","Pembelian","2018-12-31","DISKOMINSA","Intra","Pengadaan UPS.","0",,"0000-00-00",,NULL
"1.3.2.05.02.06.018","Unit Power Supply","0138",,"UPS APC Back-UPS 1100LI-M",,"Unit","2485800","Pembelian","2018-12-31","DISKOMINSA","Intra","Pengadaan UPS.","0",,"0000-00-00",,NULL
"1.3.2.05.02.06.018","Unit Power Supply","0139",,"UPS APC Back-UPS 1100LI-M",,"Unit","2485800","Pembelian","2018-12-31","DISKOMINSA","Intra","Pengadaan UPS.","0",,"0000-00-00",,NULL
"1.3.2.05.02.06.018","Unit Power Supply","0140",,"UPS APC Back-UPS 1100LI-M",,"Unit","2485800","Pembelian","2018-12-31","DISKOMINSA","Intra","Pengadaan UPS.","0",,"0000-00-00",,NULL
"1.3.2.05.02.06.018","Unit Power Supply","0141",,"UPS APC Back-UPS 1100LI-M",,"Unit","2485800","Pembelian","2018-12-31","DISKOMINSA","Intra","Pengadaan UPS.","0",,"0000-00-00",,NULL
"1.3.2.05.02.06.018","Unit Power Supply","0142",,"UPS APC Back-UPS 1100LI-M",,"Unit","2486200","Pembelian","2018-12-31","DISKOMINSA","Intra","Pengadaan UPS.","0",,"0000-00-00",,NULL
"1.3.2.05.02.06.018","Unit Power Supply","0143",,"Power Supply IBM Server 5",,"Unit","5385300","Pembelian","2018-12-31","DISKOMINSA","Intra","Pengadaan Perangkat Aksesoris Server Data Center -- Bid. TIK","0",,"0000-00-00",,NULL
"1.3.2.05.02.06.018","Unit Power Supply","0144",,"UPS APC BX1400U-MS",,"Unit","2375000","Pembelian","2019-12-31","DISKOMINSA","Intra","Pengadaan UPS (DAU)","0",,"0000-00-00",,NULL
"1.3.2.05.02.06.018","Unit Power Supply","0145",,"UPS APC BX1400U-MS",,"Unit","2375000","Pembelian","2019-12-31","DISKOMINSA","Intra","Pengadaan UPS (DAU)","0",,"0000-00-00",,NULL
"1.3.2.05.02.06.018","Unit Power Supply","0146",,"UPS APC BX1400U-MS",,"Unit","2375000","Pembelian","2019-12-31","DISKOMINSA","Intra","Pengadaan UPS (DAU)","0",,"0000-00-00",,NULL
"1.3.2.05.02.06.018","Unit Power Supply","0147",,"UPS APC BX1400U-MS",,"Unit","2375000","Pembelian","2019-12-31","DISKOMINSA","Intra","Pengadaan UPS (DAU)","0",,"0000-00-00",,NULL
"1.3.2.05.02.06.018","Unit Power Supply","0148",,"Prolink UPS PRO1201SFCU",,"Unit","1350000","Pembelian","2019-12-31","DISKOMINSA","Intra","Pengadaan UPS (KIA) (DBH)","0",,"0000-00-00",,NULL
"1.3.2.05.02.06.018","Unit Power Supply","0149",,"Prolink UPS PRO1201SFCU",,"Unit","1350000","Pembelian","2019-12-31","DISKOMINSA","Intra","Pengadaan UPS (KIA) (DBH)","0",,"0000-00-00",,NULL
"1.3.2.05.02.06.018","Unit Power Supply","0150",,"Prolink UPS PRO1201SFCU",,"Unit","1350000","Pembelian","2019-12-31","DISKOMINSA","Intra","Pengadaan UPS (KIA) (DBH)","0",,"0000-00-00",,NULL
"1.3.2.05.02.06.018","Unit Power Supply","0151",,"APC UPS MGE Galaxy 5500 6",,"Unit","651165000","Pembelian","2020-12-31","DISKOMINSA","Intra","Pengadaan APC UPS MGE Galaxy 5500 60 KVA 15 Minuter Backup/Rp.651.165.000","0",,"0000-00-00",,NULL
"1.3.2.05.02.06.018","Unit Power Supply","0152",,"APC Smart UPS SRT 1000VA",,"Unit","16390000","Pembelian","2021-12-31","DISKOMINSA","Intra","Pengadaan UPS (dau)","0",,"0000-00-00",,NULL
"1.3.2.05.02.06.018","Unit Power Supply","0153",,"APC Back UPS Pro BR 900VA",,"Unit","4950000","Pembelian","2021-12-31","DISKOMINSA","Intra","Pengadaan UPS (dau)","0",,"0000-00-00",,NULL
"1.3.2.05.02.06.018","Unit Power Supply","0154",,"APC Back UPS Pro BR 900VA",,"Unit","4950000","Pembelian","2021-12-31","DISKOMINSA","Intra","Pengadaan UPS (dau)","0",,"0000-00-00",,NULL
"1.3.2.05.02.06.018","Unit Power Supply","0155",,"APC Back UPS Pro BR 900VA",,"Unit","4950000","Pembelian","2021-12-31","DISKOMINSA","Intra","Pengadaan UPS (dau)","0",,"0000-00-00",,NULL
"1.3.2.05.02.06.018","Unit Power Supply","0156",,"APC Back UPS Pro BR 900VA",,"Unit","4950000","Pembelian","2021-12-31","DISKOMINSA","Intra","Pengadaan UPS (dau)","0",,"0000-00-00",,NULL
"1.3.2.05.02.06.018","Unit Power Supply","0157",,"APC Smart UPS C 3000 rack",,"Unit","20851600","Pembelian","2021-12-31","DISKOMINSA","Intra","Pengadaan UPS Rackmount","0",,"0000-00-00",,NULL
"1.3.2.05.02.06.018","Unit Power Supply","0158",,"APC Smart UPS C 3000 rack",,"Unit","20851600","Pembelian","2021-12-31","DISKOMINSA","Intra","Pengadaan UPS Rackmount","0",,"0000-00-00",,NULL
"1.3.2.05.02.06.018","Unit Power Supply","0159",,"APC Smart UPS C 3000 rack",,"Unit","20851600","Pembelian","2021-12-31","DISKOMINSA","Intra","Pengadaan UPS Rackmount","0",,"0000-00-00",,NULL
"1.3.2.05.02.06.018","Unit Power Supply","0160",,"APC Smart UPS C 3000 rack",,"Unit","20851600","Pembelian","2021-12-31","DISKOMINSA","Intra","Pengadaan UPS Rackmount","0",,"0000-00-00",,NULL
"1.3.2.05.02.06.018","Unit Power Supply","0161",,"APC Smart UPS C 3000 rack",,"Unit","20851600","Pembelian","2021-12-31","DISKOMINSA","Intra","Pengadaan UPS Rackmount","0",,"0000-00-00",,NULL
"1.3.2.05.02.06.018","Unit Power Supply","0162","UPS ICA 1300 VA","ICA/CN 1300",,"Unit","1100000","Pembelian","2022-01-28","DISKOMINSA","Intra","Pengadaan UPS Bid. PKP","0",,"0000-00-00",,NULL
"1.3.2.05.02.06.018","Unit Power Supply","0163","UPS ICA 1300 VA","ICA/CN 1300",,"Unit","1100000","Pembelian","2022-01-28","DISKOMINSA","Intra","Pengadaan UPS Bid. PKP","0",,"0000-00-00",,NULL
"1.3.2.05.02.06.018","Unit Power Supply","0164","UPS ICA 1300 VA","ICA/CN 1300",,"Unit","1100000","Pembelian","2022-01-28","DISKOMINSA","Intra","Pengadaan UPS Bid. PKP","0",,"0000-00-00",,NULL
"1.3.2.05.02.06.018","Unit Power Supply","0165","UPS ICA 1300 VA","ICA/CN 1300",,"Unit","1100000","Pembelian","2022-01-28","DISKOMINSA","Intra","Pengadaan UPS Bid. PKP","0",,"0000-00-00",,NULL
"1.3.2.05.02.06.018","Unit Power Supply","0166","UPS ICA 1300 VA","ICA/CN 1300",,"Unit","1100000","Pembelian","2022-01-28","DISKOMINSA","Intra","Pengadaan UPS Bid. PKP","0",,"0000-00-00",,NULL
"1.3.2.05.02.06.018","Unit Power Supply","0167","UPS ICA 1300 VA","ICA/CN 1300",,"Unit","1100000","Pembelian","2022-01-28","DISKOMINSA","Intra","Pengadaan UPS Bid. PKP","0",,"0000-00-00",,NULL
"1.3.2.05.02.06.018","Unit Power Supply","0168","UPS APC","APC",,"Unit","2719445","Pembelian","2022-04-09","DISKOMINSA","Intra","Pengadaan UPS","0",,"0000-00-00",,NULL
"1.3.2.05.02.06.018","Unit Power Supply","0169","UPS APC","APC",,"Unit","2719445","Pembelian","2022-04-09","DISKOMINSA","Intra","Pengadaan UPS","0",,"0000-00-00",,NULL
"1.3.2.05.02.06.018","Unit Power Supply","0170","UPS APC","APC",,"Unit","2719445","Pembelian","2022-04-09","DISKOMINSA","Intra","Pengadaan UPS","0",,"0000-00-00",,NULL
"1.3.2.05.02.06.018","Unit Power Supply","0171","UPS APC","APC",,"Unit","2719445","Pembelian","2022-04-09","DISKOMINSA","Intra","Pengadaan UPS","0",,"0000-00-00",,NULL
"1.3.2.05.02.06.018","Unit Power Supply","0172","UPS APC","APC",,"Unit","2719445","Pembelian","2022-04-09","DISKOMINSA","Intra","Pengadaan UPS","0",,"0000-00-00",,NULL
"1.3.2.05.02.06.018","Unit Power Supply","0173","UPS APC","APC",,"Unit","2719445","Pembelian","2022-04-09","DISKOMINSA","Intra","Pengadaan UPS","0",,"0000-00-00",,NULL
"1.3.2.05.02.06.018","Unit Power Supply","0174","UPS APC","APC",,"Unit","2719445","Pembelian","2022-04-09","DISKOMINSA","Intra","Pengadaan UPS","0",,"0000-00-00",,NULL
"1.3.2.05.02.06.018","Unit Power Supply","0175","UPS APC","APC",,"Unit","2719445","Pembelian","2022-04-09","DISKOMINSA","Intra","Pengadaan UPS","0",,"0000-00-00",,NULL
"1.3.2.05.02.06.018","Unit Power Supply","0176","UPS APC","APC",,"Unit","2719440","Pembelian","2022-04-09","DISKOMINSA","Intra","Pengadaan UPS","0",,"0000-00-00",,NULL
"1.3.2.05.02.06.018","Unit Power Supply","0177","UPS Ruang Server","UPS APC",,"Unit","16428000","Pembelian","2022-07-04","DISKOMINSA","Intra","Pengadaan UPS Ruang Server Dinas Komunikasi Informatika dan Persandian Aceh","0",,"0000-00-00",,NULL
"1.3.2.05.02.06.018","Unit Power Supply","0178","UPS","ICA",,"Unit","1490250","Pembelian","2022-11-14","DISKOMINSA","Intra","Pengadaan Hardisk External dan UPS - Bid. PLIP","0",,"0000-00-00",,NULL
"1.3.2.05.02.06.018","Unit Power Supply","0179","UPS","ICA",,"Unit","1490250","Pembelian","2022-11-14","DISKOMINSA","Intra","Pengadaan Hardisk External dan UPS - Bid. PLIP","0",,"0000-00-00",,NULL
"1.3.2.05.02.06.018","Unit Power Supply","0180","UPS","ICA CN-1300",,"Unit","1781500","Pembelian","2022-11-10","DISKOMINSA","Intra","Pengadaan Peralatan Komputer Lainnya (printer dan ups) - Bid. E-Gov","0",,"0000-00-00",,NULL
"1.3.2.05.02.06.020","Stabilisator","0001",,"Matsuyama",,"Unit","56870000","Pembelian","2014-12-31","DISKOMINSA","Intra","UPTD Telematika","0",,"0000-00-00",,NULL
"1.3.2.05.02.06.021","Camera Video","0001",,"Sony / HXR-NX70",,"Unit","48752000","Pembelian","2013-12-31","DISKOMINSA","Intra","Camera Video","0",,"0000-00-00",,NULL
"1.3.2.05.02.06.021","Camera Video","0002",,"Sony / HDV",,"Unit","117400000","Pembelian","2013-12-31","DISKOMINSA","Intra","Camera Video","0",,"0000-00-00",,NULL
"1.3.2.05.02.06.021","Camera Video","0003",,"Canon / XF 105",,"Unit","75180000","Pembelian","2014-12-31","DISKOMINSA","Intra","Kamera Liputan - UPTD Seuramo","0",,"0000-00-00",,NULL
"1.3.2.05.02.06.021","Camera Video","0004",,"Sony / NEX-EA5OH",,"Unit","99900000","Pembelian","2014-12-31","DISKOMINSA","Intra","UPTD Seuramo","0",,"0000-00-00",,NULL
"1.3.2.05.02.06.021","Camera Video","0005",,"Xiaomi yi action / Outdoo",,"Unit","3532750","Pembelian","2015-12-31","DISKOMINSA","Intra","UPTD Telematika/BA: 10/21/BA-PP/2015 (Action Cam + Accessories)","0",,"0000-00-00",,NULL
"1.3.2.05.02.06.021","Camera Video","0006",,"Xiaomi yi action / Outdoo",,"Unit","3532750","Pembelian","2015-12-31","DISKOMINSA","Intra","UPTD Telematika/BA: 10/21/BA-PP/2015 (Action Cam + Accessories)","0",,"0000-00-00",,NULL
"1.3.2.05.02.06.021","Camera Video","0007",,"Sony / 4KFDR-AX30 / Sony",,"Unit","24739000","Pembelian","2015-12-31","DISKOMINSA","Intra","Data Base (Kamera Video)","0",,"0000-00-00",,NULL
"1.3.2.05.02.06.021","Camera Video","0008",,"Panasonic  / HC-W570",,"Unit","10695000","Pembelian","2015-12-31","DISKOMINSA","Intra","UPTD Telematika/BA: 10/23/BA-PP/2015 (Kamera Video HDR)","0",,"0000-00-00",,NULL
"1.3.2.05.02.06.021","Camera Video","0009",,"Sony / PXW-X70",,"Unit","41629500","Pembelian","2016-12-31","DISKOMINSA","Intra","Aksesoris Pendukung R. Studio Multimedia UPTD Telematika BA: 10/05/BA-PP/2016 (Video Camera + Batter","0",,"0000-00-00",,NULL
"1.3.2.05.02.06.021","Camera Video","0010",,"Panasonic HD Camcoder / H",,"Unit","10000000","Pembelian","2017-12-31","DISKOMINSA","Intra","Pengadaan Peralatan Studio Visual Camera Video (KIA) BAST No. 37/PLIP/BAST/PPTK/IV/2017 Tgl. 27/04/2","0",,"0000-00-00",,NULL
"1.3.2.05.02.06.021","Camera Video","0011","Kamera Video 4K","Sony/FDR-AX700",,"Unit","35520000","Pembelian","2022-05-09","DISKOMINSA","Intra","Pengadaan Kamera, SoundCard, Video Switcher Bid. TIK","0",,"0000-00-00",,NULL
"1.3.2.05.02.06.023","Tustel","0002",,"Nikon  / D60 LSR Profesio",,"Unit","14450000","Pembelian","2008-12-31","DISKOMINSA","Intra",,"0",,"0000-00-00",,NULL
"1.3.2.05.02.06.023","Tustel","0008",,"Nikon / D700",,"Unit","18150000","Pembelian","2011-12-31","DISKOMINSA","Intra",,"0",,"0000-00-00",,NULL
"1.3.2.05.02.06.023","Tustel","0009",,"Panasonic / FZ 40 / Digit",,"Unit","3999795","Pembelian","2012-12-31","DISKOMINSA","Intra",,"0",,"0000-00-00",,NULL
"1.3.2.05.02.06.023","Tustel","0010",,"SONY / Digital",,"Unit","3850000","Pembelian","2012-12-31","DISKOMINSA","Intra",,"0",,"0000-00-00",,NULL
"1.3.2.05.02.06.023","Tustel","0011",,"Nikon / D300S",,"Unit","28434000","Pembelian","2012-12-31","DISKOMINSA","Intra",,"0",,"0000-00-00",,NULL
"1.3.2.05.02.06.023","Tustel","0012",,"Nikon / D300S",,"Unit","28434000","Pembelian","2012-12-31","DISKOMINSA","Intra",,"0",,"0000-00-00",,NULL
"1.3.2.05.02.06.023","Tustel","0013",,"Canon / EOS 650D",,"Unit","12265000","Pembelian","2013-12-31","DISKOMINSA","Intra","Tustel","0",,"0000-00-00",,NULL
"1.3.2.05.02.06.023","Tustel","0014",,"Nikon / Coolpix S9200",,"Unit","5285500","Pembelian","2013-12-31","DISKOMINSA","Intra","Tustel","0",,"0000-00-00",,NULL
"1.3.2.05.02.06.023","Tustel","0015",,"Nikon / Coolpix S9200",,"Unit","5285500","Pembelian","2013-12-31","DISKOMINSA","Intra","Tustel","0",,"0000-00-00",,NULL
"1.3.2.05.02.06.023","Tustel","0016",,"Nikon / D3S",,"Unit","56705000","Pembelian","2013-12-31","DISKOMINSA","Intra","Tustel","0",,"0000-00-00",,NULL
"1.3.2.05.02.06.023","Tustel","0017",,"Nikon / D3S",,"Unit","56705000","Pembelian","2013-12-31","DISKOMINSA","Intra","Tustel","0",,"0000-00-00",,NULL
"1.3.2.05.02.06.023","Tustel","0018",,,,"Unit","17599000","Pembelian","2013-12-31","DISKOMINSA","Intra","Kamera SLR","0",,"0000-00-00",,NULL
"1.3.2.05.02.06.023","Tustel","0019",,,,"Unit","4400000","Pembelian","2013-12-31","DISKOMINSA","Intra","Kamera GPS","0",,"0000-00-00",,NULL
"1.3.2.05.02.06.023","Tustel","0020",,"Nikon / Coolpix AW 100",,"Unit","5218000","Pembelian","2013-12-31","DISKOMINSA","Intra","Tustel. Postel","0",,"0000-00-00",,NULL
"1.3.2.05.02.06.023","Tustel","0021",,"Canon / EOS 1100 D",,"Unit","7810000","Pembelian","2014-12-31","DISKOMINSA","Intra","UPTD Seuramo","0",,"0000-00-00",,NULL
"1.3.2.05.02.06.023","Tustel","0022",,"Canon / EOS 1100 D",,"Unit","7810000","Pembelian","2014-12-31","DISKOMINSA","Intra","UPTD Seuramo","0",,"0000-00-00",,NULL
"1.3.2.05.02.06.023","Tustel","0023",,"Nikon / Digital",,"Unit","30480000","Pembelian","2014-12-31","DISKOMINSA","Intra","Kamera Digital - UPTD Seuramo","0",,"0000-00-00",,NULL
"1.3.2.05.02.06.023","Tustel","0024",,"Canon / EOS 60D Kit",,"Unit","15000000","Pembelian","2014-12-31","DISKOMINSA","Intra","UPTD Seuramo","0",,"0000-00-00",,NULL
"1.3.2.05.02.06.023","Tustel","0025",,"Sony WX220 / Sony WX220",,"Unit","5500000","Pembelian","2015-12-31","DISKOMINSA","Intra","KPIA (Camera Foto)","0",,"0000-00-00",,NULL
"1.3.2.05.02.06.023","Tustel","0026",,"Canon / EOS 70D / Canon /",,"Unit","21230000","Pembelian","2015-12-31","DISKOMINSA","Intra","Data Base (Kamera Digital)","0",,"0000-00-00",,NULL
"1.3.2.05.02.06.023","Tustel","0027",,"Canon  / EOS750D",,"Unit","16524000","Pembelian","2015-12-31","DISKOMINSA","Intra","UPTD Telematika/BA: 10/23/BA-PP/2015 (Kamera Digital DSLR)","0",,"0000-00-00",,NULL
"1.3.2.05.02.06.023","Tustel","0028",,"Kamera Nikon EOS 7D Mark",,"Unit","38351000","Pembelian","2017-12-31","DISKOMINSA","Intra","Kamera Nikon EOS 7D Mark II KIT 15-85 mm f/3.5-5.6 IS USM + Memori Sandisk CF Extreme Pro 32GB -- Be","0",,"0000-00-00",,NULL
"1.3.2.05.02.06.023","Tustel","0029",,"Kamera Canon EOS 77D + Ta",,"Unit","27065000","Pembelian","2019-12-31","DISKOMINSA","Intra","Pengadaan Kamera (Aksesoris Lengkap) (E-Gov) (PAA)","0",,"0000-00-00",,NULL
"1.3.2.05.02.06.023","Tustel","0030",,"Camera Nikon Z 6 Mirrorle",,"Unit","52948500","Pembelian","2019-12-31","DISKOMINSA","Intra","Pekerjaan Camera Foto (PKP) (DAU)","0",,"0000-00-00",,NULL
"1.3.2.05.02.06.029","Gambar Presiden/Wakil Presiden","0001",,,,"Unit","2000000","Pembelian","2016-12-31","DISKOMINSA","Intra","Foto Presiden dan Wakil Presiden di UPTD Seuramoe","0",,"0000-00-00",,NULL
"1.3.2.05.02.06.032","Tiang Bendera","0001",,"Tiang Bendera Bongkar Pas",,"Unit","500000","Pembelian","2014-12-31","DISKOMINSA","Intra","Tiang Bendera Bongkar Pasang - KIA Reklas dari TDF","0",,"0000-00-00",,NULL
"1.3.2.05.02.06.032","Tiang Bendera","0002",,"Kayu Tiang Umbul-umbul",,"Unit","100000","Pembelian","2019-12-31","DISKOMINSA","Extra","Pengadaan Tiang Umbul-umbul (KIA)","0",,"0000-00-00",,NULL
"1.3.2.05.02.06.032","Tiang Bendera","0003",,"Kayu Tiang Umbul-umbul",,"Unit","100000","Pembelian","2019-12-31","DISKOMINSA","Extra","Pengadaan Tiang Umbul-umbul (KIA)","0",,"0000-00-00",,NULL
"1.3.2.05.02.06.032","Tiang Bendera","0004",,"Kayu Tiang Umbul-umbul",,"Unit","100000","Pembelian","2019-12-31","DISKOMINSA","Extra","Pengadaan Tiang Umbul-umbul (KIA)","0",,"0000-00-00",,NULL
"1.3.2.05.02.06.032","Tiang Bendera","0005",,"Kayu Tiang Umbul-umbul",,"Unit","100000","Pembelian","2019-12-31","DISKOMINSA","Extra","Pengadaan Tiang Umbul-umbul (KIA)","0",,"0000-00-00",,NULL
"1.3.2.05.02.06.032","Tiang Bendera","0006",,"Kayu Tiang Umbul-umbul",,"Unit","100000","Pembelian","2019-12-31","DISKOMINSA","Extra","Pengadaan Tiang Umbul-umbul (KIA)","0",,"0000-00-00",,NULL
"1.3.2.05.02.06.032","Tiang Bendera","0007",,"Kayu Tiang Umbul-umbul",,"Unit","100000","Pembelian","2019-12-31","DISKOMINSA","Extra","Pengadaan Tiang Umbul-umbul (KIA)","0",,"0000-00-00",,NULL
"1.3.2.05.02.06.032","Tiang Bendera","0008",,"Kayu Tiang Umbul-umbul",,"Unit","100000","Pembelian","2019-12-31","DISKOMINSA","Extra","Pengadaan Tiang Umbul-umbul (KIA)","0",,"0000-00-00",,NULL
"1.3.2.05.02.06.032","Tiang Bendera","0009",,"Kayu Tiang Umbul-umbul",,"Unit","100000","Pembelian","2019-12-31","DISKOMINSA","Extra","Pengadaan Tiang Umbul-umbul (KIA)","0",,"0000-00-00",,NULL
"1.3.2.05.02.06.032","Tiang Bendera","0010",,"Kayu Tiang Umbul-umbul",,"Unit","100000","Pembelian","2019-12-31","DISKOMINSA","Extra","Pengadaan Tiang Umbul-umbul (KIA)","0",,"0000-00-00",,NULL
"1.3.2.05.02.06.032","Tiang Bendera","0011",,"Kayu Tiang Umbul-umbul",,"Unit","100000","Pembelian","2019-12-31","DISKOMINSA","Extra","Pengadaan Tiang Umbul-umbul (KIA)","0",,"0000-00-00",,NULL
"1.3.2.05.02.06.032","Tiang Bendera","0012","Umbul-umbul dan tiang kayu","Umbul-umbul dan tiang kay",,"Unit","164278","Pembelian","2022-08-05","DISKOMINSA","Extra","Pengadaan Umbul-umbul Dan Tiang","0",,"0000-00-00",,NULL
"1.3.2.05.02.06.032","Tiang Bendera","0013","Umbul-umbul dan tiang kayu","Umbul-umbul dan tiang kay",,"Unit","164278","Pembelian","2022-08-05","DISKOMINSA","Extra","Pengadaan Umbul-umbul Dan Tiang","0",,"0000-00-00",,NULL
"1.3.2.05.02.06.032","Tiang Bendera","0014","Umbul-umbul dan tiang kayu","Umbul-umbul dan tiang kay",,"Unit","164278","Pembelian","2022-08-05","DISKOMINSA","Extra","Pengadaan Umbul-umbul Dan Tiang","0",,"0000-00-00",,NULL
"1.3.2.05.02.06.032","Tiang Bendera","0015","Umbul-umbul dan tiang kayu","Umbul-umbul dan tiang kay",,"Unit","164278","Pembelian","2022-08-05","DISKOMINSA","Extra","Pengadaan Umbul-umbul Dan Tiang","0",,"0000-00-00",,NULL
"1.3.2.05.02.06.032","Tiang Bendera","0016","Umbul-umbul dan tiang kayu","Umbul-umbul dan tiang kay",,"Unit","164278","Pembelian","2022-08-05","DISKOMINSA","Extra","Pengadaan Umbul-umbul Dan Tiang","0",,"0000-00-00",,NULL
"1.3.2.05.02.06.032","Tiang Bendera","0017","Umbul-umbul dan tiang kayu","Umbul-umbul dan tiang kay",,"Unit","164278","Pembelian","2022-08-05","DISKOMINSA","Extra","Pengadaan Umbul-umbul Dan Tiang","0",,"0000-00-00",,NULL
"1.3.2.05.02.06.032","Tiang Bendera","0018","Umbul-umbul dan tiang kayu","Umbul-umbul dan tiang kay",,"Unit","164278","Pembelian","2022-08-05","DISKOMINSA","Extra","Pengadaan Umbul-umbul Dan Tiang","0",,"0000-00-00",,NULL
"1.3.2.05.02.06.032","Tiang Bendera","0019","Umbul-umbul dan tiang kayu","Umbul-umbul dan tiang kay",,"Unit","164278","Pembelian","2022-08-05","DISKOMINSA","Extra","Pengadaan Umbul-umbul Dan Tiang","0",,"0000-00-00",,NULL
"1.3.2.05.02.06.032","Tiang Bendera","0020","Umbul-umbul dan tiang kayu","Umbul-umbul dan tiang kay",,"Unit","164278","Pembelian","2022-08-05","DISKOMINSA","Extra","Pengadaan Umbul-umbul Dan Tiang","0",,"0000-00-00",,NULL
"1.3.2.05.02.06.032","Tiang Bendera","0021","Umbul-umbul dan tiang kayu","Umbul-umbul dan tiang kay",,"Unit","164278","Pembelian","2022-08-05","DISKOMINSA","Extra","Pengadaan Umbul-umbul Dan Tiang","0",,"0000-00-00",,NULL
"1.3.2.05.02.06.032","Tiang Bendera","0022","Umbul-umbul dan tiang kayu","Umbul-umbul dan tiang kay",,"Unit","164278","Pembelian","2022-08-05","DISKOMINSA","Extra","Pengadaan Umbul-umbul Dan Tiang","0",,"0000-00-00",,NULL
"1.3.2.05.02.06.032","Tiang Bendera","0023","Umbul-umbul dan tiang kayu","Umbul-umbul dan tiang kay",,"Unit","164278","Pembelian","2022-08-05","DISKOMINSA","Extra","Pengadaan Umbul-umbul Dan Tiang","0",,"0000-00-00",,NULL
"1.3.2.05.02.06.032","Tiang Bendera","0024","Umbul-umbul dan tiang kayu","Umbul-umbul dan tiang kay",,"Unit","164278","Pembelian","2022-08-05","DISKOMINSA","Extra","Pengadaan Umbul-umbul Dan Tiang","0",,"0000-00-00",,NULL
"1.3.2.05.02.06.032","Tiang Bendera","0025","Umbul-umbul dan tiang kayu","Umbul-umbul dan tiang kay",,"Unit","164278","Pembelian","2022-08-05","DISKOMINSA","Extra","Pengadaan Umbul-umbul Dan Tiang","0",,"0000-00-00",,NULL
"1.3.2.05.02.06.032","Tiang Bendera","0026","Umbul-umbul dan tiang kayu","Umbul-umbul dan tiang kay",,"Unit","164278","Pembelian","2022-08-05","DISKOMINSA","Extra","Pengadaan Umbul-umbul Dan Tiang","0",,"0000-00-00",,NULL
"1.3.2.05.02.06.032","Tiang Bendera","0027","Umbul-umbul dan tiang kayu","Umbul-umbul dan tiang kay",,"Unit","164278","Pembelian","2022-08-05","DISKOMINSA","Extra","Pengadaan Umbul-umbul Dan Tiang","0",,"0000-00-00",,NULL
"1.3.2.05.02.06.032","Tiang Bendera","0028","Umbul-umbul dan tiang kayu","Umbul-umbul dan tiang kay",,"Unit","164278","Pembelian","2022-08-05","DISKOMINSA","Extra","Pengadaan Umbul-umbul Dan Tiang","0",,"0000-00-00",,NULL
"1.3.2.05.02.06.032","Tiang Bendera","0029","Umbul-umbul dan tiang kayu","Umbul-umbul dan tiang kay",,"Unit","164278","Pembelian","2022-08-05","DISKOMINSA","Extra","Pengadaan Umbul-umbul Dan Tiang","0",,"0000-00-00",,NULL
"1.3.2.05.02.06.032","Tiang Bendera","0030","Umbul-umbul dan tiang kayu","Umbul-umbul dan tiang kay",,"Unit","164278","Pembelian","2022-08-05","DISKOMINSA","Extra","Pengadaan Umbul-umbul Dan Tiang","0",,"0000-00-00",,NULL
"1.3.2.05.02.06.032","Tiang Bendera","0031","Umbul-umbul dan tiang kayu","Umbul-umbul dan tiang kay",,"Unit","164278","Pembelian","2022-08-05","DISKOMINSA","Extra","Pengadaan Umbul-umbul Dan Tiang","0",,"0000-00-00",,NULL
"1.3.2.05.02.06.032","Tiang Bendera","0032","Umbul-umbul dan tiang kayu","Umbul-umbul dan tiang kay",,"Unit","164278","Pembelian","2022-08-05","DISKOMINSA","Extra","Pengadaan Umbul-umbul Dan Tiang","0",,"0000-00-00",,NULL
"1.3.2.05.02.06.032","Tiang Bendera","0033","Umbul-umbul dan tiang kayu","Umbul-umbul dan tiang kay",,"Unit","164278","Pembelian","2022-08-05","DISKOMINSA","Extra","Pengadaan Umbul-umbul Dan Tiang","0",,"0000-00-00",,NULL
"1.3.2.05.02.06.032","Tiang Bendera","0034","Umbul-umbul dan tiang kayu","Umbul-umbul dan tiang kay",,"Unit","164278","Pembelian","2022-08-05","DISKOMINSA","Extra","Pengadaan Umbul-umbul Dan Tiang","0",,"0000-00-00",,NULL
"1.3.2.05.02.06.032","Tiang Bendera","0035","Umbul-umbul dan tiang kayu","Umbul-umbul dan tiang kay",,"Unit","164278","Pembelian","2022-08-05","DISKOMINSA","Extra","Pengadaan Umbul-umbul Dan Tiang","0",,"0000-00-00",,NULL
"1.3.2.05.02.06.032","Tiang Bendera","0036","Umbul-umbul dan tiang kayu","Umbul-umbul dan tiang kay",,"Unit","164278","Pembelian","2022-08-05","DISKOMINSA","Extra","Pengadaan Umbul-umbul Dan Tiang","0",,"0000-00-00",,NULL
"1.3.2.05.02.06.032","Tiang Bendera","0037","Umbul-umbul dan tiang kayu","Umbul-umbul dan tiang kay",,"Unit","164278","Pembelian","2022-08-05","DISKOMINSA","Extra","Pengadaan Umbul-umbul Dan Tiang","0",,"0000-00-00",,NULL
"1.3.2.05.02.06.032","Tiang Bendera","0038","Umbul-umbul dan tiang kayu","Umbul-umbul dan tiang kay",,"Unit","164278","Pembelian","2022-08-05","DISKOMINSA","Extra","Pengadaan Umbul-umbul Dan Tiang","0",,"0000-00-00",,NULL
"1.3.2.05.02.06.032","Tiang Bendera","0039","Umbul-umbul dan tiang kayu","Umbul-umbul dan tiang kay",,"Unit","164278","Pembelian","2022-08-05","DISKOMINSA","Extra","Pengadaan Umbul-umbul Dan Tiang","0",,"0000-00-00",,NULL
"1.3.2.05.02.06.032","Tiang Bendera","0040","Umbul-umbul dan tiang kayu","Umbul-umbul dan tiang kay",,"Unit","164278","Pembelian","2022-08-05","DISKOMINSA","Extra","Pengadaan Umbul-umbul Dan Tiang","0",,"0000-00-00",,NULL
"1.3.2.05.02.06.032","Tiang Bendera","0041","Umbul-umbul dan tiang kayu","Umbul-umbul dan tiang kay",,"Unit","164278","Pembelian","2022-08-05","DISKOMINSA","Extra","Pengadaan Umbul-umbul Dan Tiang","0",,"0000-00-00",,NULL
"1.3.2.05.02.06.032","Tiang Bendera","0042","Umbul-umbul dan tiang kayu","Umbul-umbul dan tiang kay",,"Unit","164278","Pembelian","2022-08-05","DISKOMINSA","Extra","Pengadaan Umbul-umbul Dan Tiang","0",,"0000-00-00",,NULL
"1.3.2.05.02.06.032","Tiang Bendera","0043","Umbul-umbul dan tiang kayu","Umbul-umbul dan tiang kay",,"Unit","164278","Pembelian","2022-08-05","DISKOMINSA","Extra","Pengadaan Umbul-umbul Dan Tiang","0",,"0000-00-00",,NULL
"1.3.2.05.02.06.032","Tiang Bendera","0044","Umbul-umbul dan tiang kayu","Umbul-umbul dan tiang kay",,"Unit","164278","Pembelian","2022-08-05","DISKOMINSA","Extra","Pengadaan Umbul-umbul Dan Tiang","0",,"0000-00-00",,NULL
"1.3.2.05.02.06.032","Tiang Bendera","0045","Umbul-umbul dan tiang kayu","Umbul-umbul dan tiang kay",,"Unit","164278","Pembelian","2022-08-05","DISKOMINSA","Extra","Pengadaan Umbul-umbul Dan Tiang","0",,"0000-00-00",,NULL
"1.3.2.05.02.06.032","Tiang Bendera","0046","Umbul-umbul dan tiang kayu","Umbul-umbul dan tiang kay",,"Unit","164278","Pembelian","2022-08-05","DISKOMINSA","Extra","Pengadaan Umbul-umbul Dan Tiang","0",,"0000-00-00",,NULL
"1.3.2.05.02.06.032","Tiang Bendera","0047","Umbul-umbul dan tiang kayu","Umbul-umbul dan tiang kay",,"Unit","164270","Pembelian","2022-08-05","DISKOMINSA","Extra","Pengadaan Umbul-umbul Dan Tiang","0",,"0000-00-00",,NULL
"1.3.2.05.02.06.033","Pataka","0001","Pataka Kayu dan Bendera","Pataka Kayu+Bendera",,"Unit","1000000","Pembelian","2022-04-19","DISKOMINSA","Intra","Pengadaan tiang dan bendera pataka","0",,"0000-00-00",,NULL
"1.3.2.05.02.06.033","Pataka","0002","Pataka Kayu dan Bendera","Pataka Kayu+Bendera",,"Unit","1000000","Pembelian","2022-04-19","DISKOMINSA","Intra","Pengadaan tiang dan bendera pataka","0",,"0000-00-00",,NULL
"1.3.2.05.02.06.036","Tangga Aluminium","0001",,"Tangga 5m KOVA Tangga Alu",,"Unit","3805500","Pembelian","2018-12-31","DISKOMINSA","Intra","Pengadaan Aksesoris Jaringan dan Listrik Data Center -- Bid. TIK","0",,"0000-00-00",,NULL
"1.3.2.05.02.06.036","Tangga Aluminium","0002",,"Tangga 3.5m KOVA Tangga A",,"Unit","2470500","Pembelian","2018-12-31","DISKOMINSA","Intra","Pengadaan Aksesoris Jaringan dan Listrik Data Center -- Bid. TIK","0",,"0000-00-00",,NULL
"1.3.2.05.02.06.036","Tangga Aluminium","0003",,"Tangga Alumunium ACE Mult",,"Unit","1848000","Pembelian","2018-12-31","DISKOMINSA","Intra","Pengadaan Tangga Mobil Panggung","0",,"0000-00-00",,NULL
"1.3.2.05.02.06.036","Tangga Aluminium","0004",,"Tangga Alumunium ACE Mult",,"Unit","2915000","Pembelian","2018-12-31","DISKOMINSA","Intra","Pengadaan Tangga Alumunium (Sekretariat)","0",,"0000-00-00",,NULL
"1.3.2.05.02.06.036","Tangga Aluminium","0005",,"Tangga 40 Ft Besi (Merah)",,"Unit","18456000","Pembelian","2019-12-31","DISKOMINSA","Intra","Pengadaan Tangga (DAU)","0",,"0000-00-00",,NULL
"1.3.2.05.02.06.038","Dispenser","0002",,"Modena",,"Unit","1500000","Pembelian","2014-12-31","DISKOMINSA","Intra","Bidang Manajemen Database","0",,"0000-00-00",,NULL
"1.3.2.05.02.06.038","Dispenser","0003",,"Modena",,"Unit","1500000","Pembelian","2014-12-31","DISKOMINSA","Intra","Bidang Manajemen Database","0",,"0000-00-00",,NULL
"1.3.2.05.02.06.038","Dispenser","0004",,"Modena",,"Unit","1500000","Pembelian","2014-12-31","DISKOMINSA","Intra","Bidang Manajemen Database","0",,"0000-00-00",,NULL
"1.3.2.05.02.06.038","Dispenser","0005",,"Modena",,"Unit","1500000","Pembelian","2014-12-31","DISKOMINSA","Intra","UPTD Seuramo","0",,"0000-00-00",,NULL
"1.3.2.05.02.06.038","Dispenser","0006",,"Modena",,"Unit","1500000","Pembelian","2014-12-31","DISKOMINSA","Intra","UPTD Seuramo","0",,"0000-00-00",,NULL
"1.3.2.05.02.06.038","Dispenser","0007",,"Polytron",,"Unit","2322500","Pembelian","2017-12-31","DISKOMINSA","Intra","Dispenser Sekretariat -- Pengadaan Alat Rumah Tangga Lainnya (Home Use) BAST No. 048/BA/KPA-SEKRETAR","0",,"0000-00-00",,NULL
"1.3.2.05.02.06.038","Dispenser","0008",,"Polytron",,"Unit","2322500","Pembelian","2017-12-31","DISKOMINSA","Intra","Dispenser Sekretariat -- Pengadaan Alat Rumah Tangga Lainnya (Home Use) BAST No. 048/BA/KPA-SEKRETAR","0",,"0000-00-00",,NULL
"1.3.2.05.02.06.038","Dispenser","0009",,"Polytron",,"Unit","2322500","Pembelian","2017-12-31","DISKOMINSA","Intra","Dispenser Sekretariat -- Pengadaan Alat Rumah Tangga Lainnya (Home Use) BAST No. 048/BA/KPA-SEKRETAR","0",,"0000-00-00",,NULL
"1.3.2.05.02.06.038","Dispenser","0010","Dispenser","Modena Water Dispenser/DD",,"Unit","4378500","Pembelian","2022-02-03","DISKOMINSA","Intra","Pengadaan Dispenser Sekretariat","0",,"0000-00-00",,NULL
"1.3.2.05.02.06.038","Dispenser","0011","Dispenser","Modena Water Dispenser/DD",,"Unit","4378500","Pembelian","2022-02-03","DISKOMINSA","Intra","Pengadaan Dispenser Sekretariat","0",,"0000-00-00",,NULL
"1.3.2.05.02.06.042","Palu Sidang","0001",,,,"Unit","100000","Pembelian","2014-12-31","DISKOMINSA","Extra","Alas Palu Sidang - KIA","0",,"0000-00-00",,NULL
"1.3.2.05.02.06.047","Coffee  Maker","0001",,"Mesin Kopi Otomatis Delon",,"Unit","24730000","Pembelian","2019-12-31","DISKOMINSA","Intra","Pengadaan Messin Kopi Tamu (DAU)","0",,"0000-00-00",,NULL
"1.3.2.05.02.06.047","Coffee  Maker","0002",,"Delonghi Coffee Maker",,"Unit","22440000","Pembelian","2021-12-31","DISKOMINSA","Intra","Pengadaan mesin pembuat kopi (dau)","0",,"0000-00-00",,NULL
"1.3.2.05.02.06.047","Coffee  Maker","0003",,"Delonghi Coffee Maker",,"Unit","22440000","Pembelian","2021-12-31","DISKOMINSA","Intra","Pengadaan mesin pembuat kopi (dau)","0",,"0000-00-00",,NULL
"1.3.2.05.02.06.047","Coffee  Maker","0004","Mesin pembuat kopi otomatis","Delonghi Eletta Cappuccin",,"Unit","28776000","Pembelian","2022-03-07","DISKOMINSA","Intra","Pengadaan Mesin Kopi","0",,"0000-00-00",,NULL
"1.3.2.05.02.06.047","Coffee  Maker","0005","Mesin pembuat kopi otomatis","DeLonghi Cappucino",,"Unit","21120000","Pembelian","2022-03-21","DISKOMINSA","Intra","Pengadaan mesin kopi otomatis Bid. PLIP","0",,"0000-00-00",,NULL
"1.3.2.05.02.06.047","Coffee  Maker","0006","Mesin pembuat kopi otomatis","Delonghi Eletta Cappuccin",,"Unit","26250000","Pembelian","2022-11-11","DISKOMINSA","Intra","Pengadaan Mesin Kopi - Bid. PKP","0",,"0000-00-00",,NULL
"1.3.2.05.02.06.048","Handy Cam","0001",,,,"Unit","11700000","Pembelian","2013-12-31","DISKOMINSA","Intra","Handycam","0",,"0000-00-00",,NULL
"1.3.2.05.02.06.048","Handy Cam","0002",,"Panasonic / HC-W585",,"Unit","10000000","Pembelian","2017-12-31","DISKOMINSA","Intra","Handycam -- Belanja Modal Pengadaan Peralatan Studio Visual (KIA) BAST No. 178/KIA/PPTK/X/2017 Tgl.","0",,"0000-00-00",,NULL
"1.3.2.05.02.06.059","Gordyin/Kray","0001",,"Rolling Gordyn",,"Unit","16022500","Pembelian","2017-12-31","DISKOMINSA","Intra","Gordyn Ruang Kadis dan Sekretariat + instalasi -- Pengadaan Alat Rumah Tangga Lainnya (Home Use) BAS","0",,"0000-00-00",,NULL
"1.3.2.05.02.06.059","Gordyin/Kray","0002","Solar Screen Serias 18 + Galvanized steel bracket","Solar Screen Series 18",,"Unit","47186000","Pembelian","2022-12-05","DISKOMINSA","Intra","Pengadaan Gorden 30 meter","0",,"0000-00-00",,NULL
"1.3.2.05.02.06.068","Tangga","0001",,"2 Sledding",,"Unit","2420000","Pembelian","2011-12-31","DISKOMINSA","Intra","Tangga Sledding","0",,"0000-00-00",,NULL
"1.3.2.05.02.06.068","Tangga","0002",,"Laguna / Lipat",,"Unit","880000","Pembelian","2011-12-31","DISKOMINSA","Intra","Tangga Lipat Laguna","0",,"0000-00-00",,NULL
"1.3.2.05.02.06.068","Tangga","0003",,"Tangga 3 Step Krisbow",,"Unit","1012000","Pembelian","2021-12-31","DISKOMINSA","Intra","Pengadaan Sarana dan Prasarana Ruang Server Pemerintah Aceh","0",,"0000-00-00",,NULL
"1.3.2.05.02.06.074","Bracket Standing Peralatan","0001",,,,"Unit","1400000","Pembelian","2006-12-31","DISKOMINSA","Intra","Reklas dari TDF (2020), Stand Speaker","0",,"0000-00-00",,NULL
"1.3.2.05.02.06.074","Bracket Standing Peralatan","0002",,"Tempahan",,"Unit","3080000","Pembelian","2014-12-31","DISKOMINSA","Intra","Portal (Gantungan Screen Infokus) - UPTD Seramo","0",,"0000-00-00",,NULL
"1.3.2.05.02.06.074","Bracket Standing Peralatan","0003",,"- / Bracket TV dan PC",,"Unit","412500","Pembelian","2015-12-31","DISKOMINSA","Intra","UPTD Telematika/BAPP: 10/06/BA-PP/2015 (Bracket TV dan PC)","0",,"0000-00-00",,NULL
"1.3.2.05.02.06.074","Bracket Standing Peralatan","0004",,"- / Bracket TV dan PC",,"Unit","412500","Pembelian","2015-12-31","DISKOMINSA","Intra","UPTD Telematika/BAPP: 10/06/BA-PP/2015 (Bracket TV dan PC)","0",,"0000-00-00",,NULL
"1.3.2.05.02.06.074","Bracket Standing Peralatan","0005",,"- / Bracket TV dan PC",,"Unit","412500","Pembelian","2015-12-31","DISKOMINSA","Intra","UPTD Telematika/BAPP: 10/06/BA-PP/2015 (Bracket TV dan PC)","0",,"0000-00-00",,NULL
"1.3.2.05.02.06.074","Bracket Standing Peralatan","0006",,"- / Bracket TV dan PC",,"Unit","412500","Pembelian","2015-12-31","DISKOMINSA","Intra","UPTD Telematika/BAPP: 10/06/BA-PP/2015 (Bracket TV dan PC)","0",,"0000-00-00",,NULL
"1.3.2.05.02.06.074","Bracket Standing Peralatan","0007",,"- / Bracket TV dan PC",,"Unit","412500","Pembelian","2015-12-31","DISKOMINSA","Intra","UPTD Telematika/BAPP: 10/06/BA-PP/2015 (Bracket TV dan PC)","0",,"0000-00-00",,NULL
"1.3.2.05.02.06.074","Bracket Standing Peralatan","0008",,"- / Bracket TV dan PC",,"Unit","412500","Pembelian","2015-12-31","DISKOMINSA","Intra","UPTD Telematika/BAPP: 10/06/BA-PP/2015 (Bracket TV dan PC)","0",,"0000-00-00",,NULL
"1.3.2.05.02.06.074","Bracket Standing Peralatan","0009",,"- / Bracket TV dan PC",,"Unit","412500","Pembelian","2015-12-31","DISKOMINSA","Intra","UPTD Telematika/BAPP: 10/06/BA-PP/2015 (Bracket TV dan PC)","0",,"0000-00-00",,NULL
"1.3.2.05.02.06.074","Bracket Standing Peralatan","0010",,"- / Bracket TV dan PC",,"Unit","412500","Pembelian","2015-12-31","DISKOMINSA","Intra","UPTD Telematika/BAPP: 10/06/BA-PP/2015 (Bracket TV dan PC)","0",,"0000-00-00",,NULL
"1.3.2.05.02.06.074","Bracket Standing Peralatan","0011",,"Standing TV Pioneer (Temp",,"Unit","1200000","Pembelian","2018-12-31","DISKOMINSA","Intra","Pemeliharaan Alat Sound System","0",,"0000-00-00",,NULL
"1.3.2.05.02.06.074","Bracket Standing Peralatan","0012",,"Standing TV Pioneer (Temp",,"Unit","1200000","Pembelian","2018-12-31","DISKOMINSA","Intra","Pemeliharaan Alat Sound System","0",,"0000-00-00",,NULL
"1.3.2.05.02.06.074","Bracket Standing Peralatan","0013",,"Standing TV Pioneer (Temp",,"Unit","1200000","Pembelian","2018-12-31","DISKOMINSA","Intra","Pemeliharaan Alat Sound System","0",,"0000-00-00",,NULL
"1.3.2.05.02.06.074","Bracket Standing Peralatan","0014",,"Standing TV Pioneer (Temp",,"Unit","1200000","Pembelian","2018-12-31","DISKOMINSA","Intra","Pemeliharaan Alat Sound System","0",,"0000-00-00",,NULL
"1.3.2.05.02.06.074","Bracket Standing Peralatan","0015",,"Standing TV Pioneer (Temp",,"Unit","1200000","Pembelian","2018-12-31","DISKOMINSA","Intra","Pemeliharaan Alat Sound System","0",,"0000-00-00",,NULL
"1.3.2.05.02.06.074","Bracket Standing Peralatan","0016",,"Standing TV Pioneer (Temp",,"Unit","1200000","Pembelian","2018-12-31","DISKOMINSA","Intra","Pemeliharaan Alat Sound System","0",,"0000-00-00",,NULL
"1.3.2.05.02.06.074","Bracket Standing Peralatan","0017",,"Standing TV Pioneer (Temp",,"Unit","1200000","Pembelian","2018-12-31","DISKOMINSA","Intra","Pemeliharaan Alat Sound System","0",,"0000-00-00",,NULL
"1.3.2.05.02.06.074","Bracket Standing Peralatan","0018",,"Standing TV LG (Tempahan",,"Unit","1200000","Pembelian","2018-12-31","DISKOMINSA","Intra","Pemeliharaan Alat Sound System","0",,"0000-00-00",,NULL
"1.3.2.05.02.06.074","Bracket Standing Peralatan","0019",,"Standing TV LG (Tempahan",,"Unit","1200000","Pembelian","2018-12-31","DISKOMINSA","Intra","Pemeliharaan Alat Sound System","0",,"0000-00-00",,NULL
"1.3.2.05.02.06.074","Bracket Standing Peralatan","0020",,"Standing TV LG (Tempahan",,"Unit","1200000","Pembelian","2018-12-31","DISKOMINSA","Intra","Pemeliharaan Alat Sound System","0",,"0000-00-00",,NULL
"1.3.2.05.02.06.074","Bracket Standing Peralatan","0021",,"Bracket TV Stand dorong r",,"Unit","2948000","Pembelian","2020-12-31","DISKOMINSA","Intra","Pengadaan Perangkat Penunjang NOC (dana otsus)/Rp.43.924.760","0",,"0000-00-00",,NULL
"1.3.2.05.02.06.074","Bracket Standing Peralatan","0022",,"North Bayou AVA1500-60-1P",,"Unit","1980000","Pembelian","2021-12-31","DISKOMINSA","Intra","Pengadaan Sarana dan Prasarana Ruang Server Pemerintah Aceh","0",,"0000-00-00",,NULL
"1.3.2.05.02.06.074","Bracket Standing Peralatan","0023","Braket Standing Televisi fits 55' - 85'","Nort Bayou - AVA1800-70-1",,"Unit","3330000","Pembelian","1905-07-14","DISKOMINSA","Intra","Pengadaan Bracket TV Standing","0",,"0000-00-00",,NULL
"1.3.2.05.02.06.074","Bracket Standing Peralatan","0024","Braket Standing Televisi fits 55' - 85'","Nort Bayou - AVA1800-70-1",,"Unit","3330000","Pembelian","1905-07-14","DISKOMINSA","Intra","Pengadaan Bracket TV Standing","0",,"0000-00-00",,NULL
"1.3.2.05.02.06.074","Bracket Standing Peralatan","0025","Braket Standing Televisi fits 55' - 85'","Nort Bayou - AVA1800-70-1",,"Unit","3330000","Pembelian","1905-07-14","DISKOMINSA","Intra","Pengadaan Bracket TV Standing","0",,"0000-00-00",,NULL
"1.3.2.05.02.06.074","Bracket Standing Peralatan","0026","Braket Standing Televisi fits 55' - 85'","Nort Bayou - AVA1800-70-1",,"Unit","3330000","Pembelian","1905-07-14","DISKOMINSA","Intra","Pengadaan Bracket TV Standing","0",,"0000-00-00",,NULL
"1.3.2.05.02.06.075","Tangki Air","0001",,"Torren air Stainless Stee",,"Unit","8998000","Pembelian","2019-12-31","DISKOMINSA","Intra","pengadaan Torren Air Beserta Instalasinya (SEKRETARIAT) -- Gedung Utama","0",,"0000-00-00",,NULL
"1.3.2.05.02.06.075","Tangki Air","0002",,"Torren air Stainless Stee",,"Unit","8998000","Pembelian","2019-12-31","DISKOMINSA","Intra","pengadaan Torren Air Beserta Instalasinya (SEKRETARIAT) -- Gedung TIK","0",,"0000-00-00",,NULL
"1.3.2.05.02.07.001","Alat  Pemadam/Portable","0001",,"Approm",,"Unit","262500","Hibah","2007-12-31","DISKOMINSA","Extra","Hibah Depkominfo","0",,"0000-00-00",,NULL
"1.3.2.05.02.07.001","Alat  Pemadam/Portable","0002",,"Tabung Pemadam Kebakaran",,"Unit","990000","Pembelian","2018-12-31","DISKOMINSA","Intra","Tabung Apar -- Belanja Modal Pengadaan Alat Pemadam Kebakaran","0",,"0000-00-00",,NULL
"1.3.2.05.02.07.001","Alat  Pemadam/Portable","0003",,"Tabung Pemadam Kebakaran",,"Unit","990000","Pembelian","2018-12-31","DISKOMINSA","Intra","Tabung Apar -- Belanja Modal Pengadaan Alat Pemadam Kebakaran","0",,"0000-00-00",,NULL
"1.3.2.05.02.07.001","Alat  Pemadam/Portable","0004",,"Tabung Pemadam Kebakaran",,"Unit","990000","Pembelian","2018-12-31","DISKOMINSA","Intra","Tabung Apar -- Belanja Modal Pengadaan Alat Pemadam Kebakaran","0",,"0000-00-00",,NULL
"1.3.2.05.02.07.001","Alat  Pemadam/Portable","0005",,"Tabung Pemadam Kebakaran",,"Unit","990000","Pembelian","2018-12-31","DISKOMINSA","Intra","Tabung Apar -- Belanja Modal Pengadaan Alat Pemadam Kebakaran","0",,"0000-00-00",,NULL
"1.3.2.05.02.07.001","Alat  Pemadam/Portable","0006",,"Tabung Pemadam Kebakaran",,"Unit","990000","Pembelian","2018-12-31","DISKOMINSA","Intra","Tabung Apar -- Belanja Modal Pengadaan Alat Pemadam Kebakaran","0",,"0000-00-00",,NULL
"1.3.2.05.02.07.001","Alat  Pemadam/Portable","0007",,"Tabung Pemadam Kebakaran",,"Unit","990000","Pembelian","2018-12-31","DISKOMINSA","Intra","Tabung Apar -- Belanja Modal Pengadaan Alat Pemadam Kebakaran","0",,"0000-00-00",,NULL
"1.3.2.05.02.07.001","Alat  Pemadam/Portable","0008",,"Tabung Pemadam Kebakaran",,"Unit","990000","Pembelian","2018-12-31","DISKOMINSA","Intra","Tabung Apar -- Belanja Modal Pengadaan Alat Pemadam Kebakaran","0",,"0000-00-00",,NULL
"1.3.2.05.02.07.001","Alat  Pemadam/Portable","0009",,"Tabung Pemadam Kebakaran",,"Unit","990000","Pembelian","2018-12-31","DISKOMINSA","Intra","Tabung Apar -- Belanja Modal Pengadaan Alat Pemadam Kebakaran","0",,"0000-00-00",,NULL
"1.3.2.05.02.07.001","Alat  Pemadam/Portable","0010",,"Tabung Pemadam Kebakaran",,"Unit","990000","Pembelian","2018-12-31","DISKOMINSA","Intra","Tabung Apar -- Belanja Modal Pengadaan Alat Pemadam Kebakaran","0",,"0000-00-00",,NULL
"1.3.2.05.02.07.001","Alat  Pemadam/Portable","0011",,"Tabung Pemadam Kebakaran",,"Unit","990000","Pembelian","2018-12-31","DISKOMINSA","Intra","Tabung Apar -- Belanja Modal Pengadaan Alat Pemadam Kebakaran","0",,"0000-00-00",,NULL
"1.3.2.05.03.01.004","Meja  Kerja Pejabat Eselon II","0001",,"Informa",,"Unit","21277000","Pembelian","2017-12-31","DISKOMINSA","Intra","Meja kerja Kadis -- Pengadaan Meubelair Kantor BAST No. 047.a/BA/KPA-SEKRETARIAT/2017 Tgl. 08/12/201","0",,"0000-00-00",,NULL
"1.3.2.05.03.01.004","Meja  Kerja Pejabat Eselon II","0002",,"Informa",,"Unit","14477000","Pembelian","2017-12-31","DISKOMINSA","Intra","Meja rapat ruang Kadis -- Pengadaan Meubelair Kantor BAST No. 047.a/BA/KPA-SEKRETARIAT/2017 Tgl. 08/","0",,"0000-00-00",,NULL
"1.3.2.05.03.01.005","Meja  Kerja Pejabat Eselon III","0001",,"Informa",,"Unit","11300000","Pembelian","2017-12-31","DISKOMINSA","Intra","Meja kerja Sekdis -- Pengadaan Meubelair Kantor BAST No. 047.a/BA/KPA-SEKRETARIAT/2017 Tgl. 08/12/20","0",,"0000-00-00",,NULL
"1.3.2.05.03.01.005","Meja  Kerja Pejabat Eselon III","0002",,"Meja eselon III (Tempahan",,"Unit","3831375","Pembelian","2018-12-31","DISKOMINSA","Intra","Pengadaan Meubelair.","0",,"0000-00-00",,NULL
"1.3.2.05.03.01.005","Meja  Kerja Pejabat Eselon III","0003",,"Meja eselon III (Tempahan",,"Unit","3831375","Pembelian","2018-12-31","DISKOMINSA","Intra","Pengadaan Meubelair.","0",,"0000-00-00",,NULL
"1.3.2.05.03.01.005","Meja  Kerja Pejabat Eselon III","0004",,"Meja eselon III (Tempahan",,"Unit","3831375","Pembelian","2018-12-31","DISKOMINSA","Intra","Pengadaan Meubelair.","0",,"0000-00-00",,NULL
"1.3.2.05.03.01.005","Meja  Kerja Pejabat Eselon III","0005",,"Meja eselon III (Tempahan",,"Unit","3831375","Pembelian","2018-12-31","DISKOMINSA","Intra","Pengadaan Meubelair.","0",,"0000-00-00",,NULL
"1.3.2.05.03.01.005","Meja  Kerja Pejabat Eselon III","0006",,"Meja eselon III (Tempahan",,"Unit","3831375","Pembelian","2018-12-31","DISKOMINSA","Intra","Pengadaan Meubelair.","0",,"0000-00-00",,NULL
"1.3.2.05.03.01.005","Meja  Kerja Pejabat Eselon III","0007",,"Meja eselon III (Tempahan",,"Unit","3831375","Pembelian","2018-12-31","DISKOMINSA","Intra","Pengadaan Meubelair.","0",,"0000-00-00",,NULL
"1.3.2.05.03.01.005","Meja  Kerja Pejabat Eselon III","0008",,"Meja eselon III (Tempahan",,"Unit","3831375","Pembelian","2018-12-31","DISKOMINSA","Intra","Pengadaan Meubelair.","0",,"0000-00-00",,NULL
"1.3.2.05.03.01.005","Meja  Kerja Pejabat Eselon III","0009",,"Meja eselon III (Tempahan",,"Unit","3831375","Pembelian","2018-12-31","DISKOMINSA","Intra","Pengadaan Meubelair.","0",,"0000-00-00",,NULL
"1.3.2.05.03.01.005","Meja  Kerja Pejabat Eselon III","0010","Meja Kerja Pejabat Eselon III Material MFC","Informa",,"Unit","14097000","Pembelian","2022-08-03","DISKOMINSA","Intra","Pengadaan Meja Kerja Pejabat Eselon III","0",,"0000-00-00",,NULL
"1.3.2.05.03.01.006","Meja  Kerja Pejabat Eselon IV","0001","Meja Kepala Seksi + Aksesoris lengkap Terpasang","Meja Kepala Seksi + Akses",,"Unit","14208000","Pembelian","2022-12-06","DISKOMINSA","Intra","Pengadaan Meja Kerja Subbag Program Informasi dan Humas (tempahan)","0",,"0000-00-00",,NULL
"1.3.2.05.03.01.006","Meja  Kerja Pejabat Eselon IV","0002","Meja Kepala Seksi + Aksesoris lengkap Terpasang","Meja Kepala Seksi + Akses",,"Unit","14152500","Pembelian","2022-12-13","DISKOMINSA","Intra","Pengadaan Meja Kerja Subbag Keuangan (tempahan)","0",,"0000-00-00",,NULL
"1.3.2.05.03.01.006","Meja  Kerja Pejabat Eselon IV","0003","Meja Kepala Seksi + Aksesoris lengkap Terpasang","Meja Kepala Seksi + Akses",,"Unit","14208000","Pembelian","2022-12-13","DISKOMINSA","Intra","Pengadaan Meja Kerja Subbag Hukum, Kepewaian dan Umum (tempahan)","0",,"0000-00-00",,NULL
"1.3.2.05.03.01.008","Meja  Kerja Pegawai Non  Struktural","0001",,"Meja (Richiwa) + Kursi (C",,"Unit","1787250","Pembelian","2017-12-31","DISKOMINSA","Intra","Meubelair staf -- Pengadaan Meubelair BAST No. 023/BA/KPA-SEKRETARIAT/2017 Tgl. 03/07/2017","0",,"0000-00-00",,NULL
"1.3.2.05.03.01.008","Meja  Kerja Pegawai Non  Struktural","0002",,"Meja (Richiwa) + Kursi (C",,"Unit","1787250","Pembelian","2017-12-31","DISKOMINSA","Intra","Meubelair staf -- Pengadaan Meubelair BAST No. 023/BA/KPA-SEKRETARIAT/2017 Tgl. 03/07/2017","0",,"0000-00-00",,NULL
"1.3.2.05.03.01.008","Meja  Kerja Pegawai Non  Struktural","0003",,"Meja (Richiwa) + Kursi (C",,"Unit","1787250","Pembelian","2017-12-31","DISKOMINSA","Intra","Meubelair staf -- Pengadaan Meubelair BAST No. 023/BA/KPA-SEKRETARIAT/2017 Tgl. 03/07/2017","0",,"0000-00-00",,NULL
"1.3.2.05.03.01.008","Meja  Kerja Pegawai Non  Struktural","0004",,"Meja (Richiwa) + Kursi (C",,"Unit","1787250","Pembelian","2017-12-31","DISKOMINSA","Intra","Meubelair staf -- Pengadaan Meubelair BAST No. 023/BA/KPA-SEKRETARIAT/2017 Tgl. 03/07/2017","0",,"0000-00-00",,NULL
"1.3.2.05.03.01.008","Meja  Kerja Pegawai Non  Struktural","0005",,"Meja (Richiwa) + Kursi (C",,"Unit","1787250","Pembelian","2017-12-31","DISKOMINSA","Intra","Meubelair staf -- Pengadaan Meubelair BAST No. 023/BA/KPA-SEKRETARIAT/2017 Tgl. 03/07/2017","0",,"0000-00-00",,NULL
"1.3.2.05.03.01.008","Meja  Kerja Pegawai Non  Struktural","0006",,"Meja (Richiwa) + Kursi (C",,"Unit","1787250","Pembelian","2017-12-31","DISKOMINSA","Intra","Meubelair staf -- Pengadaan Meubelair BAST No. 023/BA/KPA-SEKRETARIAT/2017 Tgl. 03/07/2017","0",,"0000-00-00",,NULL
"1.3.2.05.03.01.008","Meja  Kerja Pegawai Non  Struktural","0007",,"Meja (Richiwa) + Kursi (C",,"Unit","1787250","Pembelian","2017-12-31","DISKOMINSA","Intra","Meubelair staf -- Pengadaan Meubelair BAST No. 023/BA/KPA-SEKRETARIAT/2017 Tgl. 03/07/2017","0",,"0000-00-00",,NULL
"1.3.2.05.03.01.008","Meja  Kerja Pegawai Non  Struktural","0008",,"Meja (Richiwa) + Kursi (C",,"Unit","1787250","Pembelian","2017-12-31","DISKOMINSA","Intra","Meubelair staf -- Pengadaan Meubelair BAST No. 023/BA/KPA-SEKRETARIAT/2017 Tgl. 03/07/2017","0",,"0000-00-00",,NULL
"1.3.2.05.03.01.008","Meja  Kerja Pegawai Non  Struktural","0009",,"Meja (Richiwa) + Kursi (C",,"Unit","1787250","Pembelian","2017-12-31","DISKOMINSA","Intra","Meubelair staf -- Pengadaan Meubelair BAST No. 023/BA/KPA-SEKRETARIAT/2017 Tgl. 03/07/2017","0",,"0000-00-00",,NULL
"1.3.2.05.03.01.008","Meja  Kerja Pegawai Non  Struktural","0010",,"Meja (Richiwa) + Kursi (C",,"Unit","1787250","Pembelian","2017-12-31","DISKOMINSA","Intra","Meubelair staf -- Pengadaan Meubelair BAST No. 023/BA/KPA-SEKRETARIAT/2017 Tgl. 03/07/2017","0",,"0000-00-00",,NULL
"1.3.2.05.03.01.008","Meja  Kerja Pegawai Non  Struktural","0011",,"Meja (Richiwa) + Kursi (C",,"Unit","1787250","Pembelian","2017-12-31","DISKOMINSA","Intra","Meubelair staf -- Pengadaan Meubelair BAST No. 023/BA/KPA-SEKRETARIAT/2017 Tgl. 03/07/2017","0",,"0000-00-00",,NULL
"1.3.2.05.03.01.008","Meja  Kerja Pegawai Non  Struktural","0012",,"Meja (Richiwa) + Kursi (C",,"Unit","1787250","Pembelian","2017-12-31","DISKOMINSA","Intra","Meubelair staf -- Pengadaan Meubelair BAST No. 023/BA/KPA-SEKRETARIAT/2017 Tgl. 03/07/2017","0",,"0000-00-00",,NULL
"1.3.2.05.03.01.008","Meja  Kerja Pegawai Non  Struktural","0013",,"Meja (Richiwa) + Kursi (C",,"Unit","1787250","Pembelian","2017-12-31","DISKOMINSA","Intra","Meubelair staf -- Pengadaan Meubelair BAST No. 023/BA/KPA-SEKRETARIAT/2017 Tgl. 03/07/2017","0",,"0000-00-00",,NULL
"1.3.2.05.03.01.008","Meja  Kerja Pegawai Non  Struktural","0014",,"Meja (Richiwa) + Kursi (C",,"Unit","1787250","Pembelian","2017-12-31","DISKOMINSA","Intra","Meubelair staf -- Pengadaan Meubelair BAST No. 023/BA/KPA-SEKRETARIAT/2017 Tgl. 03/07/2017","0",,"0000-00-00",,NULL
"1.3.2.05.03.01.008","Meja  Kerja Pegawai Non  Struktural","0015",,"Meja (Richiwa) + Kursi (C",,"Unit","1787250","Pembelian","2017-12-31","DISKOMINSA","Intra","Meubelair staf -- Pengadaan Meubelair BAST No. 023/BA/KPA-SEKRETARIAT/2017 Tgl. 03/07/2017","0",,"0000-00-00",,NULL
"1.3.2.05.03.01.008","Meja  Kerja Pegawai Non  Struktural","0016",,"Meja (Richiwa) + Kursi (C",,"Unit","1787250","Pembelian","2017-12-31","DISKOMINSA","Intra","Meubelair staf -- Pengadaan Meubelair BAST No. 023/BA/KPA-SEKRETARIAT/2017 Tgl. 03/07/2017","0",,"0000-00-00",,NULL
"1.3.2.05.03.01.008","Meja  Kerja Pegawai Non  Struktural","0017",,"Meja (Richiwa) + Kursi (C",,"Unit","1787250","Pembelian","2017-12-31","DISKOMINSA","Intra","Meubelair staf -- Pengadaan Meubelair BAST No. 023/BA/KPA-SEKRETARIAT/2017 Tgl. 03/07/2017","0",,"0000-00-00",,NULL
"1.3.2.05.03.01.008","Meja  Kerja Pegawai Non  Struktural","0018",,"Meja (Richiwa) + Kursi (C",,"Unit","1787250","Pembelian","2017-12-31","DISKOMINSA","Intra","Meubelair staf -- Pengadaan Meubelair BAST No. 023/BA/KPA-SEKRETARIAT/2017 Tgl. 03/07/2017","0",,"0000-00-00",,NULL
"1.3.2.05.03.01.008","Meja  Kerja Pegawai Non  Struktural","0019",,"Meja (Richiwa) + Kursi (C",,"Unit","1787250","Pembelian","2017-12-31","DISKOMINSA","Intra","Meubelair staf -- Pengadaan Meubelair BAST No. 023/BA/KPA-SEKRETARIAT/2017 Tgl. 03/07/2017","0",,"0000-00-00",,NULL
"1.3.2.05.03.01.008","Meja  Kerja Pegawai Non  Struktural","0020",,"Meja (Richiwa) + Kursi (C",,"Unit","1787250","Pembelian","2017-12-31","DISKOMINSA","Intra","Meubelair staf -- Pengadaan Meubelair BAST No. 023/BA/KPA-SEKRETARIAT/2017 Tgl. 03/07/2017","0",,"0000-00-00",,NULL
"1.3.2.05.03.01.008","Meja  Kerja Pegawai Non  Struktural","0021",,"Meja (Richiwa) + Kursi (C",,"Unit","1787250","Pembelian","2017-12-31","DISKOMINSA","Intra","Meubelair staf -- Pengadaan Meubelair BAST No. 023/BA/KPA-SEKRETARIAT/2017 Tgl. 03/07/2017","0",,"0000-00-00",,NULL
"1.3.2.05.03.01.008","Meja  Kerja Pegawai Non  Struktural","0022",,"Meja (Richiwa) + Kursi (C",,"Unit","1787250","Pembelian","2017-12-31","DISKOMINSA","Intra","Meubelair staf -- Pengadaan Meubelair BAST No. 023/BA/KPA-SEKRETARIAT/2017 Tgl. 03/07/2017","0",,"0000-00-00",,NULL
"1.3.2.05.03.01.008","Meja  Kerja Pegawai Non  Struktural","0023",,"Meja (Richiwa) + Kursi (C",,"Unit","1787250","Pembelian","2017-12-31","DISKOMINSA","Intra","Meubelair staf -- Pengadaan Meubelair BAST No. 023/BA/KPA-SEKRETARIAT/2017 Tgl. 03/07/2017","0",,"0000-00-00",,NULL
"1.3.2.05.03.01.008","Meja  Kerja Pegawai Non  Struktural","0024",,"Meja (Richiwa) + Kursi (C",,"Unit","1787250","Pembelian","2017-12-31","DISKOMINSA","Intra","Meubelair staf -- Pengadaan Meubelair BAST No. 023/BA/KPA-SEKRETARIAT/2017 Tgl. 03/07/2017","0",,"0000-00-00",,NULL
"1.3.2.05.03.01.008","Meja  Kerja Pegawai Non  Struktural","0025",,"Meja (Richiwa) + Kursi (C",,"Unit","1787250","Pembelian","2017-12-31","DISKOMINSA","Intra","Meubelair staf -- Pengadaan Meubelair BAST No. 023/BA/KPA-SEKRETARIAT/2017 Tgl. 03/07/2017","0",,"0000-00-00",,NULL
"1.3.2.05.03.01.008","Meja  Kerja Pegawai Non  Struktural","0026",,"Meja (Richiwa) + Kursi (C",,"Unit","1787250","Pembelian","2017-12-31","DISKOMINSA","Intra","Meubelair staf -- Pengadaan Meubelair BAST No. 023/BA/KPA-SEKRETARIAT/2017 Tgl. 03/07/2017","0",,"0000-00-00",,NULL
"1.3.2.05.03.01.008","Meja  Kerja Pegawai Non  Struktural","0027",,"Meja (Richiwa) + Kursi (C",,"Unit","1787250","Pembelian","2017-12-31","DISKOMINSA","Intra","Meubelair staf -- Pengadaan Meubelair BAST No. 023/BA/KPA-SEKRETARIAT/2017 Tgl. 03/07/2017","0",,"0000-00-00",,NULL
"1.3.2.05.03.01.008","Meja  Kerja Pegawai Non  Struktural","0028",,"Meja (Richiwa) + Kursi (C",,"Unit","1787250","Pembelian","2017-12-31","DISKOMINSA","Intra","Meubelair staf -- Pengadaan Meubelair BAST No. 023/BA/KPA-SEKRETARIAT/2017 Tgl. 03/07/2017","0",,"0000-00-00",,NULL
"1.3.2.05.03.01.008","Meja  Kerja Pegawai Non  Struktural","0029",,"Meja (Richiwa) + Kursi (C",,"Unit","1787250","Pembelian","2017-12-31","DISKOMINSA","Intra","Meubelair staf -- Pengadaan Meubelair BAST No. 023/BA/KPA-SEKRETARIAT/2017 Tgl. 03/07/2017","0",,"0000-00-00",,NULL
"1.3.2.05.03.01.008","Meja  Kerja Pegawai Non  Struktural","0030",,"Meja (Richiwa) + Kursi (C",,"Unit","1787250","Pembelian","2017-12-31","DISKOMINSA","Intra","Meubelair staf -- Pengadaan Meubelair BAST No. 023/BA/KPA-SEKRETARIAT/2017 Tgl. 03/07/2017","0",,"0000-00-00",,NULL
"1.3.2.05.03.01.008","Meja  Kerja Pegawai Non  Struktural","0031",,"Meja (Richiwa) + Kursi (C",,"Unit","1787250","Pembelian","2017-12-31","DISKOMINSA","Intra","Meubelair staf -- Pengadaan Meubelair BAST No. 023/BA/KPA-SEKRETARIAT/2017 Tgl. 03/07/2017","0",,"0000-00-00",,NULL
"1.3.2.05.03.01.008","Meja  Kerja Pegawai Non  Struktural","0032",,"Meja (Richiwa) + Kursi (C",,"Unit","1787250","Pembelian","2017-12-31","DISKOMINSA","Intra","Meubelair staf -- Pengadaan Meubelair BAST No. 023/BA/KPA-SEKRETARIAT/2017 Tgl. 03/07/2017","0",,"0000-00-00",,NULL
"1.3.2.05.03.01.008","Meja  Kerja Pegawai Non  Struktural","0033",,"Meja (Richiwa) + Kursi (C",,"Unit","1787250","Pembelian","2017-12-31","DISKOMINSA","Intra","Meubelair staf -- Pengadaan Meubelair BAST No. 023/BA/KPA-SEKRETARIAT/2017 Tgl. 03/07/2017","0",,"0000-00-00",,NULL
"1.3.2.05.03.01.008","Meja  Kerja Pegawai Non  Struktural","0034",,"Meja (Richiwa) + Kursi (C",,"Unit","1787250","Pembelian","2017-12-31","DISKOMINSA","Intra","Meubelair staf -- Pengadaan Meubelair BAST No. 023/BA/KPA-SEKRETARIAT/2017 Tgl. 03/07/2017","0",,"0000-00-00",,NULL
"1.3.2.05.03.01.008","Meja  Kerja Pegawai Non  Struktural","0035",,"Meja (Richiwa) + Kursi (C",,"Unit","1787250","Pembelian","2017-12-31","DISKOMINSA","Intra","Meubelair staf -- Pengadaan Meubelair BAST No. 023/BA/KPA-SEKRETARIAT/2017 Tgl. 03/07/2017","0",,"0000-00-00",,NULL
"1.3.2.05.03.01.008","Meja  Kerja Pegawai Non  Struktural","0036",,"Meja (Richiwa) + Kursi (C",,"Unit","1787250","Pembelian","2017-12-31","DISKOMINSA","Intra","Meubelair staf -- Pengadaan Meubelair BAST No. 023/BA/KPA-SEKRETARIAT/2017 Tgl. 03/07/2017","0",,"0000-00-00",,NULL
"1.3.2.05.03.01.008","Meja  Kerja Pegawai Non  Struktural","0037",,"Meja (Richiwa) + Kursi (C",,"Unit","1787250","Pembelian","2017-12-31","DISKOMINSA","Intra","Meubelair staf -- Pengadaan Meubelair BAST No. 023/BA/KPA-SEKRETARIAT/2017 Tgl. 03/07/2017","0",,"0000-00-00",,NULL
"1.3.2.05.03.01.008","Meja  Kerja Pegawai Non  Struktural","0038",,"Meja (Richiwa) + Kursi (C",,"Unit","1787250","Pembelian","2017-12-31","DISKOMINSA","Intra","Meubelair staf -- Pengadaan Meubelair BAST No. 023/BA/KPA-SEKRETARIAT/2017 Tgl. 03/07/2017","0",,"0000-00-00",,NULL
"1.3.2.05.03.01.008","Meja  Kerja Pegawai Non  Struktural","0039",,"Meja (Richiwa) + Kursi (C",,"Unit","1787250","Pembelian","2017-12-31","DISKOMINSA","Intra","Meubelair staf -- Pengadaan Meubelair BAST No. 023/BA/KPA-SEKRETARIAT/2017 Tgl. 03/07/2017","0",,"0000-00-00",,NULL
"1.3.2.05.03.01.008","Meja  Kerja Pegawai Non  Struktural","0040",,"Meja (Richiwa) + Kursi (C",,"Unit","1787250","Pembelian","2017-12-31","DISKOMINSA","Intra","Meubelair staf -- Pengadaan Meubelair BAST No. 023/BA/KPA-SEKRETARIAT/2017 Tgl. 03/07/2017","0",,"0000-00-00",,NULL
"1.3.2.05.03.01.008","Meja  Kerja Pegawai Non  Struktural","0041","Meja staff/workstation + Aksesoris lengkap terpasa","Meja staff/workstation +",,"Unit","7137300","Pembelian","2022-12-06","DISKOMINSA","Intra","Pengadaan Meja Kerja Subbag Program Informasi dan Humas","0",,"0000-00-00",,NULL
"1.3.2.05.03.01.008","Meja  Kerja Pegawai Non  Struktural","0042","Meja staff/workstation + Aksesoris lengkap terpasa","Meja staff/workstation +",,"Unit","7137300","Pembelian","2022-12-06","DISKOMINSA","Intra","Pengadaan Meja Kerja Subbag Program Informasi dan Humas","0",,"0000-00-00",,NULL
"1.3.2.05.03.01.008","Meja  Kerja Pegawai Non  Struktural","0043","Meja staff/workstation + Aksesoris lengkap terpasa","Meja staff/workstation +",,"Unit","7137300","Pembelian","2022-12-06","DISKOMINSA","Intra","Pengadaan Meja Kerja Subbag Program Informasi dan Humas","0",,"0000-00-00",,NULL
"1.3.2.05.03.01.008","Meja  Kerja Pegawai Non  Struktural","0044","Meja staff/workstation + Aksesoris lengkap terpasa","Meja staff/workstation +",,"Unit","7137300","Pembelian","2022-12-06","DISKOMINSA","Intra","Pengadaan Meja Kerja Subbag Program Informasi dan Humas","0",,"0000-00-00",,NULL
"1.3.2.05.03.01.008","Meja  Kerja Pegawai Non  Struktural","0045","Meja staff/workstation + Aksesoris lengkap terpasa","Meja staff/workstation +",,"Unit","7137300","Pembelian","2022-12-06","DISKOMINSA","Intra","Pengadaan Meja Kerja Subbag Program Informasi dan Humas","0",,"0000-00-00",,NULL
"1.3.2.05.03.01.008","Meja  Kerja Pegawai Non  Struktural","0046","Meja staff/workstation + Aksesoris lengkap terpasa","Meja staff/workstation +",,"Unit","7137300","Pembelian","2022-12-06","DISKOMINSA","Intra","Pengadaan Meja Kerja Subbag Program Informasi dan Humas","0",,"0000-00-00",,NULL
"1.3.2.05.03.01.008","Meja  Kerja Pegawai Non  Struktural","0047","Meja staff/workstation + Aksesoris lengkap terpasa","Meja staff/workstation +",,"Unit","7137300","Pembelian","2022-12-06","DISKOMINSA","Intra","Pengadaan Meja Kerja Subbag Program Informasi dan Humas","0",,"0000-00-00",,NULL
"1.3.2.05.03.01.008","Meja  Kerja Pegawai Non  Struktural","0048","Meja staff/workstation + Aksesoris lengkap terpasa","Meja staff/workstation +",,"Unit","7137300","Pembelian","2022-12-06","DISKOMINSA","Intra","Pengadaan Meja Kerja Subbag Program Informasi dan Humas","0",,"0000-00-00",,NULL
"1.3.2.05.03.01.008","Meja  Kerja Pegawai Non  Struktural","0049","Meja staff/workstation + Aksesoris lengkap terpasa","Meja staff/workstation +",,"Unit","7137300","Pembelian","2022-12-06","DISKOMINSA","Intra","Pengadaan Meja Kerja Subbag Program Informasi dan Humas","0",,"0000-00-00",,NULL
"1.3.2.05.03.01.008","Meja  Kerja Pegawai Non  Struktural","0050","Meja staff/workstation + Aksesoris lengkap terpasa","Meja staff/workstation +",,"Unit","7137300","Pembelian","2022-12-06","DISKOMINSA","Intra","Pengadaan Meja Kerja Subbag Program Informasi dan Humas","0",,"0000-00-00",,NULL
"1.3.2.05.03.01.008","Meja  Kerja Pegawai Non  Struktural","0051","Meja staff/workstation + Aksesoris lengkap terpasa","Meja staff/workstation +",,"Unit","7137300","Pembelian","2022-12-06","DISKOMINSA","Intra","Pengadaan Meja Kerja Subbag Program Informasi dan Humas","0",,"0000-00-00",,NULL
"1.3.2.05.03.01.008","Meja  Kerja Pegawai Non  Struktural","0052","Meja staff/workstation + Aksesoris lengkap terpasa","Meja staff/workstation +",,"Unit","7137300","Pembelian","2022-12-06","DISKOMINSA","Intra","Pengadaan Meja Kerja Subbag Program Informasi dan Humas","0",,"0000-00-00",,NULL
"1.3.2.05.03.01.008","Meja  Kerja Pegawai Non  Struktural","0053","Meja staff/workstation + Aksesoris lengkap terpasa","Meja staff/workstation +",,"Unit","7148400","Pembelian","2022-12-13","DISKOMINSA","Intra","Pengadaan Meja Kerja Subbag Keuangan (tempahan)","0",,"0000-00-00",,NULL
"1.3.2.05.03.01.008","Meja  Kerja Pegawai Non  Struktural","0054","Meja staff/workstation + Aksesoris lengkap terpasa","Meja staff/workstation +",,"Unit","7148400","Pembelian","2022-12-13","DISKOMINSA","Intra","Pengadaan Meja Kerja Subbag Keuangan (tempahan)","0",,"0000-00-00",,NULL
"1.3.2.05.03.01.008","Meja  Kerja Pegawai Non  Struktural","0055","Meja staff/workstation + Aksesoris lengkap terpasa","Meja staff/workstation +",,"Unit","7148400","Pembelian","2022-12-13","DISKOMINSA","Intra","Pengadaan Meja Kerja Subbag Keuangan (tempahan)","0",,"0000-00-00",,NULL
"1.3.2.05.03.01.008","Meja  Kerja Pegawai Non  Struktural","0056","Meja staff/workstation + Aksesoris lengkap terpasa","Meja staff/workstation +",,"Unit","7148400","Pembelian","2022-12-13","DISKOMINSA","Intra","Pengadaan Meja Kerja Subbag Keuangan (tempahan)","0",,"0000-00-00",,NULL
"1.3.2.05.03.01.008","Meja  Kerja Pegawai Non  Struktural","0057","Meja staff/workstation + Aksesoris lengkap terpasa","Meja staff/workstation +",,"Unit","7148400","Pembelian","2022-12-13","DISKOMINSA","Intra","Pengadaan Meja Kerja Subbag Keuangan (tempahan)","0",,"0000-00-00",,NULL
"1.3.2.05.03.01.008","Meja  Kerja Pegawai Non  Struktural","0058","Meja staff/workstation + Aksesoris lengkap terpasa","Meja staff/workstation +",,"Unit","7148400","Pembelian","2022-12-13","DISKOMINSA","Intra","Pengadaan Meja Kerja Subbag Keuangan (tempahan)","0",,"0000-00-00",,NULL
"1.3.2.05.03.01.008","Meja  Kerja Pegawai Non  Struktural","0059","Meja staff/workstation + Aksesoris lengkap terpasa","Meja staff/workstation +",,"Unit","7148400","Pembelian","2022-12-13","DISKOMINSA","Intra","Pengadaan Meja Kerja Subbag Keuangan (tempahan)","0",,"0000-00-00",,NULL
"1.3.2.05.03.01.008","Meja  Kerja Pegawai Non  Struktural","0060","Meja staff/workstation + Aksesoris lengkap terpasa","Meja staff/workstation +",,"Unit","7148400","Pembelian","2022-12-13","DISKOMINSA","Intra","Pengadaan Meja Kerja Subbag Keuangan (tempahan)","0",,"0000-00-00",,NULL
"1.3.2.05.03.01.008","Meja  Kerja Pegawai Non  Struktural","0061","Meja staff/workstation + Aksesoris lengkap terpasa","Meja staff/workstation +",,"Unit","7148400","Pembelian","2022-12-13","DISKOMINSA","Intra","Pengadaan Meja Kerja Subbag Keuangan (tempahan)","0",,"0000-00-00",,NULL
"1.3.2.05.03.01.008","Meja  Kerja Pegawai Non  Struktural","0062","Meja staff/workstation + Aksesoris lengkap terpasa","Meja staff/workstation +",,"Unit","7148400","Pembelian","2022-12-13","DISKOMINSA","Intra","Pengadaan Meja Kerja Subbag Keuangan (tempahan)","0",,"0000-00-00",,NULL
"1.3.2.05.03.01.008","Meja  Kerja Pegawai Non  Struktural","0063","Meja staff/workstation + Aksesoris lengkap terpasa","Meja staff/workstation +",,"Unit","7148400","Pembelian","2022-12-13","DISKOMINSA","Intra","Pengadaan Meja Kerja Subbag Keuangan (tempahan)","0",,"0000-00-00",,NULL
"1.3.2.05.03.01.008","Meja  Kerja Pegawai Non  Struktural","0064","Meja staff/workstation + Aksesoris lengkap terpasa","Meja staff/workstation +",,"Unit","7148400","Pembelian","2022-12-13","DISKOMINSA","Intra","Pengadaan Meja Kerja Subbag Keuangan (tempahan)","0",,"0000-00-00",,NULL
"1.3.2.05.03.01.008","Meja  Kerja Pegawai Non  Struktural","0065","Meja staff/workstation + Aksesoris lengkap terpasa","Meja staff/workstation +",,"Unit","7126200","Pembelian","2022-12-13","DISKOMINSA","Intra","Pengadaan Meja Kerja Subbag Hukum, Kepewaian dan Umum (tempahan)","0",,"0000-00-00",,NULL
"1.3.2.05.03.01.008","Meja  Kerja Pegawai Non  Struktural","0066","Meja staff/workstation + Aksesoris lengkap terpasa","Meja staff/workstation +",,"Unit","7126200","Pembelian","2022-12-13","DISKOMINSA","Intra","Pengadaan Meja Kerja Subbag Hukum, Kepewaian dan Umum (tempahan)","0",,"0000-00-00",,NULL
"1.3.2.05.01.05.002","CCTV - Camera Control Television System","0001",,"Avtech  / AVM428A",,"Unit","5766000","Pembelian","2015-12-31","DISKOMINSA","Intra","PSITT/BA: 07/11/BA-PP/2015(IP Camera)","0","RB","2026-01-04",,NULL
"1.3.2.05.03.01.008","Meja  Kerja Pegawai Non  Struktural","0068","Meja staff/workstation + Aksesoris lengkap terpasa","Meja staff/workstation +",,"Unit","7126200","Pembelian","2022-12-13","DISKOMINSA","Intra","Pengadaan Meja Kerja Subbag Hukum, Kepewaian dan Umum (tempahan)","0",,"0000-00-00",,NULL
"1.3.2.05.03.01.008","Meja  Kerja Pegawai Non  Struktural","0069","Meja staff/workstation + Aksesoris lengkap terpasa","Meja staff/workstation +",,"Unit","7126200","Pembelian","2022-12-13","DISKOMINSA","Intra","Pengadaan Meja Kerja Subbag Hukum, Kepewaian dan Umum (tempahan)","0",,"0000-00-00",,NULL
"1.3.2.05.03.01.008","Meja  Kerja Pegawai Non  Struktural","0070","Meja staff/workstation + Aksesoris lengkap terpasa","Meja staff/workstation +",,"Unit","7126200","Pembelian","2022-12-13","DISKOMINSA","Intra","Pengadaan Meja Kerja Subbag Hukum, Kepewaian dan Umum (tempahan)","0",,"0000-00-00",,NULL
"1.3.2.05.03.01.008","Meja  Kerja Pegawai Non  Struktural","0071","Meja staff/workstation + Aksesoris lengkap terpasa","Meja staff/workstation +",,"Unit","7126200","Pembelian","2022-12-13","DISKOMINSA","Intra","Pengadaan Meja Kerja Subbag Hukum, Kepewaian dan Umum (tempahan)","0",,"0000-00-00",,NULL
"1.3.2.05.03.01.008","Meja  Kerja Pegawai Non  Struktural","0072","Meja staff/workstation + Aksesoris lengkap terpasa","Meja staff/workstation +",,"Unit","7126200","Pembelian","2022-12-13","DISKOMINSA","Intra","Pengadaan Meja Kerja Subbag Hukum, Kepewaian dan Umum (tempahan)","0",,"0000-00-00",,NULL
"1.3.2.05.03.01.008","Meja  Kerja Pegawai Non  Struktural","0073","Meja staff/workstation + Aksesoris lengkap terpasa","Meja staff/workstation +",,"Unit","7126200","Pembelian","2022-12-13","DISKOMINSA","Intra","Pengadaan Meja Kerja Subbag Hukum, Kepewaian dan Umum (tempahan)","0",,"0000-00-00",,NULL
"1.3.2.05.03.01.008","Meja  Kerja Pegawai Non  Struktural","0074","Meja staff/workstation + Aksesoris lengkap terpasa","Meja staff/workstation +",,"Unit","7126200","Pembelian","2022-12-13","DISKOMINSA","Intra","Pengadaan Meja Kerja Subbag Hukum, Kepewaian dan Umum (tempahan)","0",,"0000-00-00",,NULL
"1.3.2.05.03.01.008","Meja  Kerja Pegawai Non  Struktural","0075","Meja staff/workstation + Aksesoris lengkap terpasa","Meja staff/workstation +",,"Unit","7126200","Pembelian","2022-12-13","DISKOMINSA","Intra","Pengadaan Meja Kerja Subbag Hukum, Kepewaian dan Umum (tempahan)","0",,"0000-00-00",,NULL
"1.3.2.05.03.01.008","Meja  Kerja Pegawai Non  Struktural","0076","Meja staff/workstation + Aksesoris lengkap terpasa","Meja staff/workstation +",,"Unit","7126200","Pembelian","2022-12-13","DISKOMINSA","Intra","Pengadaan Meja Kerja Subbag Hukum, Kepewaian dan Umum (tempahan)","0",,"0000-00-00",,NULL
"1.3.2.05.03.02.011","Meja Tamu Biasa","0001","Meja Tengah","Material Blockboard fin H",,"Unit","2275000","Pembelian","2022-08-15","DISKOMINSA","Intra","Pengadaan Meja Tengah","0",,"0000-00-00",,NULL
"1.3.2.05.03.02.011","Meja Tamu Biasa","0002","Meja Besi Tempahan","Meja Besi Tempahan",,"Unit","2275333","Pembelian","2022-11-28","DISKOMINSA","Intra","Pengadaan Meja Tempah","0",,"0000-00-00",,NULL
"1.3.2.05.03.02.011","Meja Tamu Biasa","0003","Meja Besi Tempahan","Meja Besi Tempahan",,"Unit","2275333","Pembelian","2022-11-28","DISKOMINSA","Intra","Pengadaan Meja Tempah","0",,"0000-00-00",,NULL
"1.3.2.05.03.02.011","Meja Tamu Biasa","0004","Meja Besi Tempahan","Meja Besi Tempahan",,"Unit","2275334","Pembelian","2022-11-28","DISKOMINSA","Intra","Pengadaan Meja Tempah","0",,"0000-00-00",,NULL
"1.3.2.05.03.03.004","Kursi Kerja Pejabat Eselon II","0001",,"Kursi Manager / Eselon II",,"Unit","4500000","Pembelian","2017-12-31","DISKOMINSA","Intra","Kursi Manager / Eselon II -- Pengadaan Meubelair BAST No. 023/BA/KPA-SEKRETARIAT/2017 Tgl. 03/07/201","0",,"0000-00-00",,NULL
"1.3.2.05.03.03.004","Kursi Kerja Pejabat Eselon II","0002",,"Informa",,"Unit","3587000","Pembelian","2017-12-31","DISKOMINSA","Intra","Kursi rapat ruang Kadis -- Pengadaan Meubelair Kantor BAST No. 047.a/BA/KPA-SEKRETARIAT/2017 Tgl. 08","0",,"0000-00-00",,NULL
"1.3.2.05.03.03.004","Kursi Kerja Pejabat Eselon II","0003",,"Informa",,"Unit","3587000","Pembelian","2017-12-31","DISKOMINSA","Intra","Kursi rapat ruang Kadis -- Pengadaan Meubelair Kantor BAST No. 047.a/BA/KPA-SEKRETARIAT/2017 Tgl. 08","0",,"0000-00-00",,NULL
"1.3.2.05.03.03.004","Kursi Kerja Pejabat Eselon II","0004",,"Informa",,"Unit","3587000","Pembelian","2017-12-31","DISKOMINSA","Intra","Kursi rapat ruang Kadis -- Pengadaan Meubelair Kantor BAST No. 047.a/BA/KPA-SEKRETARIAT/2017 Tgl. 08","0",,"0000-00-00",,NULL
"1.3.2.05.03.03.004","Kursi Kerja Pejabat Eselon II","0005",,"Informa",,"Unit","3587000","Pembelian","2017-12-31","DISKOMINSA","Intra","Kursi rapat ruang Kadis -- Pengadaan Meubelair Kantor BAST No. 047.a/BA/KPA-SEKRETARIAT/2017 Tgl. 08","0",,"0000-00-00",,NULL
"1.3.2.05.03.03.004","Kursi Kerja Pejabat Eselon II","0006",,"Informa",,"Unit","3587000","Pembelian","2017-12-31","DISKOMINSA","Intra","Kursi rapat ruang Kadis -- Pengadaan Meubelair Kantor BAST No. 047.a/BA/KPA-SEKRETARIAT/2017 Tgl. 08","0",,"0000-00-00",,NULL
"1.3.2.05.03.03.004","Kursi Kerja Pejabat Eselon II","0007",,"Informa",,"Unit","3587000","Pembelian","2017-12-31","DISKOMINSA","Intra","Kursi rapat ruang Kadis -- Pengadaan Meubelair Kantor BAST No. 047.a/BA/KPA-SEKRETARIAT/2017 Tgl. 08","0",,"0000-00-00",,NULL
"1.3.2.05.03.03.004","Kursi Kerja Pejabat Eselon II","0008",,"Informa",,"Unit","3587000","Pembelian","2017-12-31","DISKOMINSA","Intra","Kursi rapat ruang Kadis -- Pengadaan Meubelair Kantor BAST No. 047.a/BA/KPA-SEKRETARIAT/2017 Tgl. 08","0",,"0000-00-00",,NULL
"1.3.2.05.03.03.004","Kursi Kerja Pejabat Eselon II","0009",,"Informa",,"Unit","3587000","Pembelian","2017-12-31","DISKOMINSA","Intra","Kursi rapat ruang Kadis -- Pengadaan Meubelair Kantor BAST No. 047.a/BA/KPA-SEKRETARIAT/2017 Tgl. 08","0",,"0000-00-00",,NULL
"1.3.2.05.03.03.005","Kursi Kerja Pejabat Eselon III","0001",,"Kursi Manager / Eselon II",,"Unit","3150000","Pembelian","2017-12-31","DISKOMINSA","Intra","Kursi Manager / Eselon III -- Pengadaan Meubelair BAST No. 023/BA/KPA-SEKRETARIAT/2017 Tgl. 03/07/20","0",,"0000-00-00",,NULL
"1.3.2.05.03.03.005","Kursi Kerja Pejabat Eselon III","0002",,"Kursi Manager / Eselon II",,"Unit","3150000","Pembelian","2017-12-31","DISKOMINSA","Intra","Kursi Manager / Eselon III -- Pengadaan Meubelair BAST No. 023/BA/KPA-SEKRETARIAT/2017 Tgl. 03/07/20","0",,"0000-00-00",,NULL
"1.3.2.05.03.03.005","Kursi Kerja Pejabat Eselon III","0003",,"Kursi Manager / Eselon II",,"Unit","3150000","Pembelian","2017-12-31","DISKOMINSA","Intra","Kursi Manager / Eselon III -- Pengadaan Meubelair BAST No. 023/BA/KPA-SEKRETARIAT/2017 Tgl. 03/07/20","0",,"0000-00-00",,NULL
"1.3.2.05.03.03.005","Kursi Kerja Pejabat Eselon III","0004",,"Kursi Manager / Eselon II",,"Unit","3150000","Pembelian","2017-12-31","DISKOMINSA","Intra","Kursi Manager / Eselon III -- Pengadaan Meubelair BAST No. 023/BA/KPA-SEKRETARIAT/2017 Tgl. 03/07/20","0",,"0000-00-00",,NULL
"1.3.2.05.03.03.005","Kursi Kerja Pejabat Eselon III","0005",,"Kursi Manager / Eselon II",,"Unit","3150000","Pembelian","2017-12-31","DISKOMINSA","Intra","Kursi Manager / Eselon III -- Pengadaan Meubelair BAST No. 023/BA/KPA-SEKRETARIAT/2017 Tgl. 03/07/20","0",,"0000-00-00",,NULL
"1.3.2.05.03.03.005","Kursi Kerja Pejabat Eselon III","0006",,"Kursi Manager / Eselon II",,"Unit","3150000","Pembelian","2017-12-31","DISKOMINSA","Intra","Kursi Manager / Eselon III -- Pengadaan Meubelair BAST No. 023/BA/KPA-SEKRETARIAT/2017 Tgl. 03/07/20","0",,"0000-00-00",,NULL
"1.3.2.05.03.03.005","Kursi Kerja Pejabat Eselon III","0007",,"Kursi Manager / Eselon II",,"Unit","3150000","Pembelian","2017-12-31","DISKOMINSA","Intra","Kursi Manager / Eselon III -- Pengadaan Meubelair BAST No. 023/BA/KPA-SEKRETARIAT/2017 Tgl. 03/07/20","0",,"0000-00-00",,NULL
"1.3.2.05.03.03.005","Kursi Kerja Pejabat Eselon III","0008",,"Kursi Manager / Eselon II",,"Unit","3150000","Pembelian","2017-12-31","DISKOMINSA","Intra","Kursi Manager / Eselon III -- Pengadaan Meubelair BAST No. 023/BA/KPA-SEKRETARIAT/2017 Tgl. 03/07/20","0",,"0000-00-00",,NULL
"1.3.2.05.03.03.006","Kursi Kerja Pejabat Eselon IV","0001",,"Kursi Manager",,"Unit","2520000","Pembelian","2017-12-31","DISKOMINSA","Intra","Kursi Manager / Eselon IV -- Pengadaan Meubelair BAST No. 023/BA/KPA-SEKRETARIAT/2017 Tgl. 03/07/201","0",,"0000-00-00",,NULL
"1.3.2.05.03.03.006","Kursi Kerja Pejabat Eselon IV","0002",,"Kursi Manager",,"Unit","2520000","Pembelian","2017-12-31","DISKOMINSA","Intra","Kursi Manager / Eselon IV -- Pengadaan Meubelair BAST No. 023/BA/KPA-SEKRETARIAT/2017 Tgl. 03/07/201","0",,"0000-00-00",,NULL
"1.3.2.05.03.03.006","Kursi Kerja Pejabat Eselon IV","0003",,"Kursi Manager",,"Unit","2520000","Pembelian","2017-12-31","DISKOMINSA","Intra","Kursi Manager / Eselon IV -- Pengadaan Meubelair BAST No. 023/BA/KPA-SEKRETARIAT/2017 Tgl. 03/07/201","0",,"0000-00-00",,NULL
"1.3.2.05.03.03.006","Kursi Kerja Pejabat Eselon IV","0004",,"Kursi Manager",,"Unit","2520000","Pembelian","2017-12-31","DISKOMINSA","Intra","Kursi Manager / Eselon IV -- Pengadaan Meubelair BAST No. 023/BA/KPA-SEKRETARIAT/2017 Tgl. 03/07/201","0",,"0000-00-00",,NULL
"1.3.2.05.03.03.006","Kursi Kerja Pejabat Eselon IV","0005",,"Kursi Manager",,"Unit","2520000","Pembelian","2017-12-31","DISKOMINSA","Intra","Kursi Manager / Eselon IV -- Pengadaan Meubelair BAST No. 023/BA/KPA-SEKRETARIAT/2017 Tgl. 03/07/201","0",,"0000-00-00",,NULL
"1.3.2.05.03.03.006","Kursi Kerja Pejabat Eselon IV","0006",,"Kursi Manager",,"Unit","2520000","Pembelian","2017-12-31","DISKOMINSA","Intra","Kursi Manager / Eselon IV -- Pengadaan Meubelair BAST No. 023/BA/KPA-SEKRETARIAT/2017 Tgl. 03/07/201","0",,"0000-00-00",,NULL
"1.3.2.05.03.03.006","Kursi Kerja Pejabat Eselon IV","0007",,"Kursi Manager",,"Unit","2520000","Pembelian","2017-12-31","DISKOMINSA","Intra","Kursi Manager / Eselon IV -- Pengadaan Meubelair BAST No. 023/BA/KPA-SEKRETARIAT/2017 Tgl. 03/07/201","0",,"0000-00-00",,NULL
"1.3.2.05.03.03.006","Kursi Kerja Pejabat Eselon IV","0008",,"Kursi Manager",,"Unit","2520000","Pembelian","2017-12-31","DISKOMINSA","Intra","Kursi Manager / Eselon IV -- Pengadaan Meubelair BAST No. 023/BA/KPA-SEKRETARIAT/2017 Tgl. 03/07/201","0",,"0000-00-00",,NULL
"1.3.2.05.03.03.006","Kursi Kerja Pejabat Eselon IV","0009",,"Kursi Manager",,"Unit","2520000","Pembelian","2017-12-31","DISKOMINSA","Intra","Kursi Manager / Eselon IV -- Pengadaan Meubelair BAST No. 023/BA/KPA-SEKRETARIAT/2017 Tgl. 03/07/201","0",,"0000-00-00",,NULL
"1.3.2.05.03.03.006","Kursi Kerja Pejabat Eselon IV","0010",,"Kursi Manager",,"Unit","2520000","Pembelian","2017-12-31","DISKOMINSA","Intra","Kursi Manager / Eselon IV -- Pengadaan Meubelair BAST No. 023/BA/KPA-SEKRETARIAT/2017 Tgl. 03/07/201","0",,"0000-00-00",,NULL
"1.3.2.05.03.03.006","Kursi Kerja Pejabat Eselon IV","0011",,"Kursi Manager",,"Unit","2520000","Pembelian","2017-12-31","DISKOMINSA","Intra","Kursi Manager / Eselon IV -- Pengadaan Meubelair BAST No. 023/BA/KPA-SEKRETARIAT/2017 Tgl. 03/07/201","0",,"0000-00-00",,NULL
"1.3.2.05.03.03.006","Kursi Kerja Pejabat Eselon IV","0012",,"Kursi Manager",,"Unit","2520000","Pembelian","2017-12-31","DISKOMINSA","Intra","Kursi Manager / Eselon IV -- Pengadaan Meubelair BAST No. 023/BA/KPA-SEKRETARIAT/2017 Tgl. 03/07/201","0",,"0000-00-00",,NULL
"1.3.2.05.03.03.006","Kursi Kerja Pejabat Eselon IV","0013",,"Kursi Manager",,"Unit","2520000","Pembelian","2017-12-31","DISKOMINSA","Intra","Kursi Manager / Eselon IV -- Pengadaan Meubelair BAST No. 023/BA/KPA-SEKRETARIAT/2017 Tgl. 03/07/201","0",,"0000-00-00",,NULL
"1.3.2.05.03.03.006","Kursi Kerja Pejabat Eselon IV","0014",,"Kursi Manager",,"Unit","2520000","Pembelian","2017-12-31","DISKOMINSA","Intra","Kursi Manager / Eselon IV -- Pengadaan Meubelair BAST No. 023/BA/KPA-SEKRETARIAT/2017 Tgl. 03/07/201","0",,"0000-00-00",,NULL
"1.3.2.05.03.03.006","Kursi Kerja Pejabat Eselon IV","0015",,"Kursi Manager",,"Unit","2520000","Pembelian","2017-12-31","DISKOMINSA","Intra","Kursi Manager / Eselon IV -- Pengadaan Meubelair BAST No. 023/BA/KPA-SEKRETARIAT/2017 Tgl. 03/07/201","0",,"0000-00-00",,NULL
"1.3.2.05.03.03.006","Kursi Kerja Pejabat Eselon IV","0016",,"Kursi Manager",,"Unit","2520000","Pembelian","2017-12-31","DISKOMINSA","Intra","Kursi Manager / Eselon IV -- Pengadaan Meubelair BAST No. 023/BA/KPA-SEKRETARIAT/2017 Tgl. 03/07/201","0",,"0000-00-00",,NULL
"1.3.2.05.03.03.006","Kursi Kerja Pejabat Eselon IV","0017",,"Kursi Manager",,"Unit","2520000","Pembelian","2017-12-31","DISKOMINSA","Intra","Kursi Manager / Eselon IV -- Pengadaan Meubelair BAST No. 023/BA/KPA-SEKRETARIAT/2017 Tgl. 03/07/201","0",,"0000-00-00",,NULL
"1.3.2.05.03.03.006","Kursi Kerja Pejabat Eselon IV","0018",,"Kursi Manager",,"Unit","2520000","Pembelian","2017-12-31","DISKOMINSA","Intra","Kursi Manager / Eselon IV -- Pengadaan Meubelair BAST No. 023/BA/KPA-SEKRETARIAT/2017 Tgl. 03/07/201","0",,"0000-00-00",,NULL
"1.3.2.05.03.03.006","Kursi Kerja Pejabat Eselon IV","0019",,"Kursi Manager",,"Unit","2520000","Pembelian","2017-12-31","DISKOMINSA","Intra","Kursi Manager / Eselon IV -- Pengadaan Meubelair BAST No. 023/BA/KPA-SEKRETARIAT/2017 Tgl. 03/07/201","0",,"0000-00-00",,NULL
"1.3.2.05.03.03.006","Kursi Kerja Pejabat Eselon IV","0020",,"Kursi Manager",,"Unit","2520000","Pembelian","2017-12-31","DISKOMINSA","Intra","Kursi Manager / Eselon IV -- Pengadaan Meubelair BAST No. 023/BA/KPA-SEKRETARIAT/2017 Tgl. 03/07/201","0",,"0000-00-00",,NULL
"1.3.2.05.03.03.006","Kursi Kerja Pejabat Eselon IV","0021",,"Kursi Manager",,"Unit","2520000","Pembelian","2017-12-31","DISKOMINSA","Intra","Kursi Manager / Eselon IV -- Pengadaan Meubelair BAST No. 023/BA/KPA-SEKRETARIAT/2017 Tgl. 03/07/201","0",,"0000-00-00",,NULL
"1.3.2.05.03.03.006","Kursi Kerja Pejabat Eselon IV","0022",,"Kursi Manager",,"Unit","2520000","Pembelian","2017-12-31","DISKOMINSA","Intra","Kursi Manager / Eselon IV -- Pengadaan Meubelair BAST No. 023/BA/KPA-SEKRETARIAT/2017 Tgl. 03/07/201","0",,"0000-00-00",,NULL
"1.3.2.05.03.03.006","Kursi Kerja Pejabat Eselon IV","0023",,"Kursi Manager",,"Unit","2520000","Pembelian","2017-12-31","DISKOMINSA","Intra","Kursi Manager / Eselon IV -- Pengadaan Meubelair BAST No. 023/BA/KPA-SEKRETARIAT/2017 Tgl. 03/07/201","0",,"0000-00-00",,NULL
"1.3.2.05.03.03.006","Kursi Kerja Pejabat Eselon IV","0024",,"Kursi Manager",,"Unit","2520000","Pembelian","2017-12-31","DISKOMINSA","Intra","Kursi Manager / Eselon IV -- Pengadaan Meubelair BAST No. 023/BA/KPA-SEKRETARIAT/2017 Tgl. 03/07/201","0",,"0000-00-00",,NULL
"1.3.2.05.03.03.008","Kursi Kerja Pegawai Non  Struktural","0001","Kursi Kerja Pegawai","Chitose",,"Unit","1100000","Pembelian","2022-11-18","DISKOMINSA","Intra","Pengadaan Kursi Chitos","0",,"0000-00-00",,NULL
"1.3.2.05.03.03.008","Kursi Kerja Pegawai Non  Struktural","0002","Kursi Kerja Pegawai","Chitose",,"Unit","1100000","Pembelian","2022-11-18","DISKOMINSA","Intra","Pengadaan Kursi Chitos","0",,"0000-00-00",,NULL
"1.3.2.05.03.03.008","Kursi Kerja Pegawai Non  Struktural","0003","Kursi Kerja Pegawai","Chitose",,"Unit","1100000","Pembelian","2022-11-18","DISKOMINSA","Intra","Pengadaan Kursi Chitos","0",,"0000-00-00",,NULL
"1.3.2.05.03.03.008","Kursi Kerja Pegawai Non  Struktural","0004","Kursi Kerja Pegawai","Chitose",,"Unit","1100000","Pembelian","2022-11-18","DISKOMINSA","Intra","Pengadaan Kursi Chitos","0",,"0000-00-00",,NULL
"1.3.2.05.03.03.008","Kursi Kerja Pegawai Non  Struktural","0005","Kursi Kerja Pegawai","Chitose",,"Unit","1100000","Pembelian","2022-11-18","DISKOMINSA","Intra","Pengadaan Kursi Chitos","0",,"0000-00-00",,NULL
"1.3.2.05.03.03.008","Kursi Kerja Pegawai Non  Struktural","0006","Kursi Kerja Pegawai","Chitose",,"Unit","1100000","Pembelian","2022-11-18","DISKOMINSA","Intra","Pengadaan Kursi Chitos","0",,"0000-00-00",,NULL
"1.3.2.05.03.03.008","Kursi Kerja Pegawai Non  Struktural","0007","Kursi Kerja Pegawai","Chitose",,"Unit","1100000","Pembelian","2022-11-18","DISKOMINSA","Intra","Pengadaan Kursi Chitos","0",,"0000-00-00",,NULL
"1.3.2.05.03.03.008","Kursi Kerja Pegawai Non  Struktural","0008","Kursi Kerja Pegawai","Chitose",,"Unit","1100000","Pembelian","2022-11-18","DISKOMINSA","Intra","Pengadaan Kursi Chitos","0",,"0000-00-00",,NULL
"1.3.2.05.03.03.008","Kursi Kerja Pegawai Non  Struktural","0009","Kursi Kerja Pegawai","Chitose",,"Unit","1100000","Pembelian","2022-11-18","DISKOMINSA","Intra","Pengadaan Kursi Chitos","0",,"0000-00-00",,NULL
"1.3.2.05.03.03.008","Kursi Kerja Pegawai Non  Struktural","0010","Kursi Kerja Pegawai","Chitose",,"Unit","1100000","Pembelian","2022-11-18","DISKOMINSA","Intra","Pengadaan Kursi Chitos","0",,"0000-00-00",,NULL
"1.3.2.05.03.03.008","Kursi Kerja Pegawai Non  Struktural","0011","Kursi Kerja Pegawai","Chitose",,"Unit","1100000","Pembelian","2022-11-18","DISKOMINSA","Intra","Pengadaan Kursi Chitos","0",,"0000-00-00",,NULL
"1.3.2.05.03.03.008","Kursi Kerja Pegawai Non  Struktural","0012","Kursi Kerja Pegawai","Chitose",,"Unit","1100000","Pembelian","2022-11-18","DISKOMINSA","Intra","Pengadaan Kursi Chitos","0",,"0000-00-00",,NULL
"1.3.2.05.03.03.008","Kursi Kerja Pegawai Non  Struktural","0013","Kursi Kerja Pegawai","Chitose",,"Unit","1100000","Pembelian","2022-11-18","DISKOMINSA","Intra","Pengadaan Kursi Chitos","0",,"0000-00-00",,NULL
"1.3.2.05.03.03.008","Kursi Kerja Pegawai Non  Struktural","0014","Kursi Kerja Pegawai","Chitose",,"Unit","1100000","Pembelian","2022-11-18","DISKOMINSA","Intra","Pengadaan Kursi Chitos","0",,"0000-00-00",,NULL
"1.3.2.05.03.03.008","Kursi Kerja Pegawai Non  Struktural","0015","Kursi Kerja Pegawai","Chitose",,"Unit","1100000","Pembelian","2022-11-18","DISKOMINSA","Intra","Pengadaan Kursi Chitos","0",,"0000-00-00",,NULL
"1.3.2.05.03.03.008","Kursi Kerja Pegawai Non  Struktural","0016","Kursi Kerja Pegawai","Chitose",,"Unit","1100000","Pembelian","2022-11-18","DISKOMINSA","Intra","Pengadaan Kursi Chitos","0",,"0000-00-00",,NULL
"1.3.2.05.03.03.008","Kursi Kerja Pegawai Non  Struktural","0017","Kursi Kerja Pegawai","Chitose",,"Unit","1100000","Pembelian","2022-11-18","DISKOMINSA","Intra","Pengadaan Kursi Chitos","0",,"0000-00-00",,NULL
"1.3.2.05.03.03.008","Kursi Kerja Pegawai Non  Struktural","0018","Kursi Kerja Pegawai","Chitose",,"Unit","1100000","Pembelian","2022-11-18","DISKOMINSA","Intra","Pengadaan Kursi Chitos","0",,"0000-00-00",,NULL
"1.3.2.05.03.03.008","Kursi Kerja Pegawai Non  Struktural","0019","Kursi Kerja Pegawai","Chitose",,"Unit","1100000","Pembelian","2022-11-18","DISKOMINSA","Intra","Pengadaan Kursi Chitos","0",,"0000-00-00",,NULL
"1.3.2.05.03.03.008","Kursi Kerja Pegawai Non  Struktural","0020","Kursi Kerja Pegawai","Chitose",,"Unit","1100000","Pembelian","2022-11-18","DISKOMINSA","Intra","Pengadaan Kursi Chitos","0",,"0000-00-00",,NULL
"1.3.2.05.03.03.008","Kursi Kerja Pegawai Non  Struktural","0021","Kursi Kerja Pegawai","Chitose",,"Unit","1100000","Pembelian","2022-11-18","DISKOMINSA","Intra","Pengadaan Kursi Chitos","0",,"0000-00-00",,NULL
"1.3.2.05.03.03.008","Kursi Kerja Pegawai Non  Struktural","0022","Kursi Kerja Pegawai","Chitose",,"Unit","1100000","Pembelian","2022-11-18","DISKOMINSA","Intra","Pengadaan Kursi Chitos","0",,"0000-00-00",,NULL
"1.3.2.05.03.03.008","Kursi Kerja Pegawai Non  Struktural","0023","Kursi Kerja Pegawai","Chitose",,"Unit","1100000","Pembelian","2022-11-18","DISKOMINSA","Intra","Pengadaan Kursi Chitos","0",,"0000-00-00",,NULL
"1.3.2.05.03.03.008","Kursi Kerja Pegawai Non  Struktural","0024","Kursi Kerja Pegawai","Chitose",,"Unit","1100000","Pembelian","2022-11-18","DISKOMINSA","Intra","Pengadaan Kursi Chitos","0",,"0000-00-00",,NULL
"1.3.2.05.03.03.008","Kursi Kerja Pegawai Non  Struktural","0025","Kursi Kerja Pegawai","Chitose",,"Unit","1100000","Pembelian","2022-11-18","DISKOMINSA","Intra","Pengadaan Kursi Chitos","0",,"0000-00-00",,NULL
"1.3.2.05.03.03.008","Kursi Kerja Pegawai Non  Struktural","0026","Kursi Kerja Pegawai","Chitose",,"Unit","1100000","Pembelian","2022-11-18","DISKOMINSA","Intra","Pengadaan Kursi Chitos","0",,"0000-00-00",,NULL
"1.3.2.05.03.03.008","Kursi Kerja Pegawai Non  Struktural","0027","Kursi Kerja Pegawai","Chitose",,"Unit","1100000","Pembelian","2022-11-18","DISKOMINSA","Intra","Pengadaan Kursi Chitos","0",,"0000-00-00",,NULL
"1.3.2.05.03.03.008","Kursi Kerja Pegawai Non  Struktural","0028","Kursi Kerja Pegawai","Chitose",,"Unit","1100000","Pembelian","2022-11-18","DISKOMINSA","Intra","Pengadaan Kursi Chitos","0",,"0000-00-00",,NULL
"1.3.2.05.03.03.008","Kursi Kerja Pegawai Non  Struktural","0029","Kursi Kerja Pegawai","Chitose",,"Unit","1100000","Pembelian","2022-11-18","DISKOMINSA","Intra","Pengadaan Kursi Chitos","0",,"0000-00-00",,NULL
"1.3.2.05.03.03.008","Kursi Kerja Pegawai Non  Struktural","0030","Kursi Kerja Pegawai","Chitose",,"Unit","1100000","Pembelian","2022-11-18","DISKOMINSA","Intra","Pengadaan Kursi Chitos","0",,"0000-00-00",,NULL
"1.3.2.05.03.04.003","Kursi Rapat Ruangan Rapat Pejabat
Eselon  II","0001","Kursi Rapat Ruang Kadis","Informa Council Working C",,"Unit","3396583","Pembelian","1905-07-14","DISKOMINSA","Intra","Pengadaan Kursi Rapat","0",,"0000-00-00",,NULL
"1.3.2.05.03.04.003","Kursi Rapat Ruangan Rapat Pejabat
Eselon  II","0002","Kursi Rapat Ruang Kadis","Informa Council Working C",,"Unit","3396583","Pembelian","1905-07-14","DISKOMINSA","Intra","Pengadaan Kursi Rapat","0",,"0000-00-00",,NULL
"1.3.2.05.03.04.003","Kursi Rapat Ruangan Rapat Pejabat
Eselon  II","0003","Kursi Rapat Ruang Kadis","Informa Council Working C",,"Unit","3396583","Pembelian","1905-07-14","DISKOMINSA","Intra","Pengadaan Kursi Rapat","0",,"0000-00-00",,NULL
"1.3.2.05.03.04.003","Kursi Rapat Ruangan Rapat Pejabat
Eselon  II","0004","Kursi Rapat Ruang Kadis","Informa Council Working C",,"Unit","3396583","Pembelian","1905-07-14","DISKOMINSA","Intra","Pengadaan Kursi Rapat","0",,"0000-00-00",,NULL
"1.3.2.05.03.04.003","Kursi Rapat Ruangan Rapat Pejabat
Eselon  II","0005","Kursi Rapat Ruang Kadis","Informa Council Working C",,"Unit","3396583","Pembelian","1905-07-14","DISKOMINSA","Intra","Pengadaan Kursi Rapat","0",,"0000-00-00",,NULL
"1.3.2.05.03.04.003","Kursi Rapat Ruangan Rapat Pejabat
Eselon  II","0006","Kursi Rapat Ruang Kadis","Informa Council Working C",,"Unit","3396583","Pembelian","1905-07-14","DISKOMINSA","Intra","Pengadaan Kursi Rapat","0",,"0000-00-00",,NULL
"1.3.2.05.03.04.003","Kursi Rapat Ruangan Rapat Pejabat
Eselon  II","0007","Kursi Rapat Ruang Kadis","Informa Council Working C",,"Unit","3396583","Pembelian","1905-07-14","DISKOMINSA","Intra","Pengadaan Kursi Rapat","0",,"0000-00-00",,NULL
"1.3.2.05.03.04.003","Kursi Rapat Ruangan Rapat Pejabat
Eselon  II","0008","Kursi Rapat Ruang Kadis","Informa Council Working C",,"Unit","3396583","Pembelian","1905-07-14","DISKOMINSA","Intra","Pengadaan Kursi Rapat","0",,"0000-00-00",,NULL
"1.3.2.05.03.04.003","Kursi Rapat Ruangan Rapat Pejabat
Eselon  II","0009","Kursi Rapat Ruang Kadis","Informa Council Working C",,"Unit","3396584","Pembelian","1905-07-14","DISKOMINSA","Intra","Pengadaan Kursi Rapat","0",,"0000-00-00",,NULL
"1.3.2.05.03.04.003","Kursi Rapat Ruangan Rapat Pejabat
Eselon  II","0010","Kursi Rapat Ruang Kadis","Informa Council Working C",,"Unit","3396584","Pembelian","1905-07-14","DISKOMINSA","Intra","Pengadaan Kursi Rapat","0",,"0000-00-00",,NULL
"1.3.2.05.03.04.003","Kursi Rapat Ruangan Rapat Pejabat
Eselon  II","0011","Kursi Rapat Ruang Kadis","Informa Council Working C",,"Unit","3396584","Pembelian","1905-07-14","DISKOMINSA","Intra","Pengadaan Kursi Rapat","0",,"0000-00-00",,NULL
"1.3.2.05.03.04.003","Kursi Rapat Ruangan Rapat Pejabat
Eselon  II","0012","Kursi Rapat Ruang Kadis","Informa Council Working C",,"Unit","3396584","Pembelian","1905-07-14","DISKOMINSA","Intra","Pengadaan Kursi Rapat","0",,"0000-00-00",,NULL
"1.3.2.05.03.07.004","Lemari Buku Untuk Perpustakaan
","0001",,,,"Unit","7730000","Pembelian","2015-12-31","DISKOMINSA","Intra","Lemari Arsip LKBN Antara","0",,"0000-00-00",,NULL
"1.3.2.05.03.07.004","Lemari Buku Untuk Perpustakaan
","0002",,"Informa",,"Unit","15000000","Pembelian","2017-12-31","DISKOMINSA","Intra","Lemari buku/arsip ruang Kadis -- Pengadaan Meubelair Kantor BAST No. 047.a/BA/KPA-SEKRETARIAT/2017 T","0",,"0000-00-00",,NULL
"1.3.2.06.01.01.002","Audio Mixing Portable
","0001",,"Tempahan",,"Unit","19998000","Pembelian","2014-12-31","DISKOMINSA","Intra","Meja Mixing Recording - UPTD Seuramo","0",,"0000-00-00",,NULL
"1.3.2.06.01.01.002","Audio Mixing Portable
","0002",,"Yamaha / TF3",,"Unit","45116200","Pembelian","2017-12-31","DISKOMINSA","Intra","Mixer 24 ch -- Pengadaan Alat Sound System : Mixer 24 ch, Vocal Effect, Speaker (UPTD Seuramoe) BAST","0",,"0000-00-00",,NULL
"1.3.2.06.01.01.002","Audio Mixing Portable
","0003",,"Mixer Pro FX 12V2 Mackie",,"Unit","13250050","Pembelian","2019-12-31","DISKOMINSA","Intra","Pengadaan Sound System untuk Senam dan Apel Upacara serta Public Speaker (SilPAMIGAS)","0",,"0000-00-00",,NULL
"1.3.2.06.01.01.002","Audio Mixing Portable
","0004","Soundcard portable","Behringer U-Phoria/UMC204",,"Unit","3052000","Pembelian","2022-05-09","DISKOMINSA","Intra","Pengadaan Kamera, SoundCard, Video Switcher Bid. TIK","0",,"0000-00-00",,NULL
"1.3.2.06.01.01.003","Audio Mixing Stationer
","0001",,"ALLEN & HEATH / ML 3000 4",,"Unit","133100000","Pembelian","2009-12-31","DISKOMINSA","Intra","Mixer 48 Channel","0",,"0000-00-00",,NULL
"1.3.2.06.01.01.003","Audio Mixing Stationer
","0002",,"Canon / 24 Channel",,"Unit","25850000","Pembelian","2014-12-31","DISKOMINSA","Intra","Mixer - UPTD Seuramo","0",,"0000-00-00",,NULL
"1.3.2.06.01.01.003","Audio Mixing Stationer
","0003",,"Canon / 24 Channel",,"Unit","25850000","Pembelian","2014-12-31","DISKOMINSA","Intra","Mixer - UPTD Seuramo","0",,"0000-00-00",,NULL
"1.3.2.06.01.01.005","Audio Amplifier","0001",,"Scarlet / 18i20",,"Unit","7975000","Pembelian","2014-12-31","DISKOMINSA","Intra","Sound Card Interface - UPTD Seuramo","0",,"0000-00-00",,NULL
"1.3.2.06.01.01.005","Audio Amplifier","0002",,"Stein Berg CI 2+",,"Unit","2549200","Pembelian","2016-12-31","DISKOMINSA","Intra","Aksesoris Pendukung R. Studio Multimedia UPTD Telematika BA: 10/05/BA-PP/2016 (Sound card)","0",,"0000-00-00",,NULL
"1.3.2.06.01.01.011","Audio Patch Panel","0001",,,,"Unit","1300000","Pembelian","2006-12-31","DISKOMINSA","Intra","Reklas dari TDF (2020), Modular Pacth Panel","0",,"0000-00-00",,NULL
"1.3.2.06.01.01.011","Audio Patch Panel","0002",,,,"Unit","1300000","Pembelian","2006-12-31","DISKOMINSA","Intra","Reklas dari TDF (2020), Modular Pacth Panel","0",,"0000-00-00",,NULL
"1.3.2.06.01.01.011","Audio Patch Panel","0003",,,,"Unit","1535000","Pembelian","2016-12-31","DISKOMINSA","Intra","Panel Switch Audio -- Fasilitas Pendukung Perangkat Mobil Komunikasi UPTD Telematika BA: 10/15.b/BA-","0",,"0000-00-00",,NULL
"1.3.2.06.01.01.013","Audio Tone Generator","0001",,"Radial Engineering PRO DI",,"Unit","2898000","Pembelian","2019-12-31","DISKOMINSA","Intra","Pengadaan Peralatan Pendukung Studio Rekaman (MIGAS ACEH)","0",,"0000-00-00",,NULL
"1.3.2.06.01.01.036","Microphone/Wireless MIC","0001",,,,"Unit","6000000","Pembelian","2007-12-31","DISKOMINSA","Intra","Reklas dari TDF (2020), Microphone Wireless Kancing","0",,"0000-00-00",,NULL
"1.3.2.06.01.01.036","Microphone/Wireless MIC","0002",,,,"Unit","6000000","Pembelian","2007-12-31","DISKOMINSA","Intra","Reklas dari TDF (2020), Microphone Wireless Kancing","0",,"0000-00-00",,NULL
"1.3.2.06.01.01.036","Microphone/Wireless MIC","0003",,,,"Unit","6000000","Pembelian","2007-12-31","DISKOMINSA","Intra","Reklas dari TDF (2020), Microphone Wireless Kancing","0",,"0000-00-00",,NULL
"1.3.2.06.01.01.036","Microphone/Wireless MIC","0004",,"TOA",,"Unit","2035000","Pembelian","2012-12-31","DISKOMINSA","Intra","Mic Wireless, Peralatan Penguatan Jaringan Mobil Monitoring","0",,"0000-00-00",,NULL
"1.3.2.06.01.01.036","Microphone/Wireless MIC","0005",,"Shure / PGX 24",,"Unit","6930000","Pembelian","2014-12-31","DISKOMINSA","Intra","UPTD Seuramo","0",,"0000-00-00",,NULL
"1.3.2.06.01.01.036","Microphone/Wireless MIC","0006",,"Shure / PGX 24",,"Unit","6930000","Pembelian","2014-12-31","DISKOMINSA","Intra","UPTD Seuramo","0",,"0000-00-00",,NULL
"1.3.2.06.01.01.036","Microphone/Wireless MIC","0007",,"Rode / NT2-A",,"Unit","8129000","Pembelian","2016-12-31","DISKOMINSA","Intra","Aksesoris Pendukung R. Studio Multimedia UPTD Telematika BA: 10/05/BA-PP/2016 (Studio Microphone)","0",,"0000-00-00",,NULL
"1.3.2.06.01.01.036","Microphone/Wireless MIC","0008",,"TOA / ZW G810 Cu",,"Unit","10000000","Pembelian","2017-12-31","DISKOMINSA","Intra","Wireless Mic Belanja Modal Pengadaan Peralatan Studio Visual (KIA) BAST No. 178/KIA/PPTK/X/2017 Tgl.","0",,"0000-00-00",,NULL
"1.3.2.06.01.01.036","Microphone/Wireless MIC","0009",,"Soundgrace / SG 8030 Hand",,"Unit","11400000","Pembelian","2017-12-31","DISKOMINSA","Intra","Microphone Wireless Vocal + Instalasi -- Belanja Modal Pengadaan Peralatan Studio Visual (UPTD Seura","0",,"0000-00-00",,NULL
"1.3.2.06.01.01.036","Microphone/Wireless MIC","0010",,"Soundgrace / SG 8030 Hand",,"Unit","11400000","Pembelian","2017-12-31","DISKOMINSA","Intra","Microphone Wireless Vocal + Instalasi -- Belanja Modal Pengadaan Peralatan Studio Visual (UPTD Seura","0",,"0000-00-00",,NULL
"1.3.2.06.01.01.036","Microphone/Wireless MIC","0011",,"Saramonic UWMIC9 RX9-TX9",,"Unit","7061200","Pembelian","2018-12-31","DISKOMINSA","Intra","Pengadaan Microfon Audio Bid. E-Gov","0",,"0000-00-00",,NULL
"1.3.2.06.01.01.036","Microphone/Wireless MIC","0012",,"Boya PVM-1000L Condenser",,"Unit","1860200","Pembelian","2018-12-31","DISKOMINSA","Intra","Pengadaan Microfon Audio Bid. E-Gov","0",,"0000-00-00",,NULL
"1.3.2.06.01.01.036","Microphone/Wireless MIC","0013",,"Microphone Shure SM 58",,"Unit","3203750","Pembelian","2019-12-31","DISKOMINSA","Intra","Pengadaan Sound System untuk Senam dan Apel Upacara serta Public Speaker (SilPAMIGAS)","0",,"0000-00-00",,NULL
"1.3.2.06.01.01.036","Microphone/Wireless MIC","0014",,"Microphone Shure SM 58",,"Unit","3203750","Pembelian","2019-12-31","DISKOMINSA","Intra","Pengadaan Sound System untuk Senam dan Apel Upacara serta Public Speaker (SilPAMIGAS)","0",,"0000-00-00",,NULL
"1.3.2.06.01.01.036","Microphone/Wireless MIC","0015",,"Microphone Clip On Shure",,"Unit","12553750","Pembelian","2019-12-31","DISKOMINSA","Intra","Pengadaan Sound System untuk Senam dan Apel Upacara serta Public Speaker (SilPAMIGAS)","0",,"0000-00-00",,NULL
"1.3.2.06.01.01.036","Microphone/Wireless MIC","0016",,"MIC Wireless Shure SM58 L",,"Unit","2795500","Pembelian","2019-12-31","DISKOMINSA","Intra","Pengadaan Microphone Shure SM 58 (DAU)","0",,"0000-00-00",,NULL
"1.3.2.06.01.01.036","Microphone/Wireless MIC","0017",,"MIC Wireless Shure SM58 L",,"Unit","2795500","Pembelian","2019-12-31","DISKOMINSA","Intra","Pengadaan Microphone Shure SM 58 (DAU)","0",,"0000-00-00",,NULL
"1.3.2.06.01.01.036","Microphone/Wireless MIC","0018",,"MIC Wireless Shure SM58 L",,"Unit","2795500","Pembelian","2019-12-31","DISKOMINSA","Intra","Pengadaan Microphone Shure SM 58 (DAU)","0",,"0000-00-00",,NULL
"1.3.2.06.01.01.036","Microphone/Wireless MIC","0019",,"MIC Wireless Shure SM58 L",,"Unit","2795500","Pembelian","2019-12-31","DISKOMINSA","Intra","Pengadaan Microphone Shure SM 58 (DAU)","0",,"0000-00-00",,NULL
"1.3.2.06.01.01.036","Microphone/Wireless MIC","0020",,"Wireless Shure SLX14",,"Unit","16500000","Pembelian","2019-12-31","DISKOMINSA","Intra","pengadaan speaker aktif beserta perlengkapan lainnya (DAU)","0",,"0000-00-00",,NULL
"1.3.2.06.01.01.036","Microphone/Wireless MIC","0021",,"Clip on Shure WL 185",,"Unit","4290000","Pembelian","2019-12-31","DISKOMINSA","Intra","pengadaan speaker aktif beserta perlengkapan lainnya (DAU)","0",,"0000-00-00",,NULL
"1.3.2.06.01.01.036","Microphone/Wireless MIC","0022",,"Wireless Vokal Set Sennhe",,"Unit","3740000","Pembelian","2019-12-31","DISKOMINSA","Intra","pengadaan speaker aktif beserta perlengkapan lainnya (DAU)","0",,"0000-00-00",,NULL
"1.3.2.06.01.01.036","Microphone/Wireless MIC","0023",,"Mic Digital Wireless Sara",,"Unit","3740880","Pembelian","2020-12-31","DISKOMINSA","Intra","Pengadaan Perangkat Penunjang NOC (dana otsus)/Rp.43.924.760","0",,"0000-00-00",,NULL
"1.3.2.06.01.01.036","Microphone/Wireless MIC","0024",,"Mic Digital Wireless Sara",,"Unit","3740880","Pembelian","2020-12-31","DISKOMINSA","Intra","Pengadaan Perangkat Penunjang NOC (dana otsus)/Rp.43.924.760","0",,"0000-00-00",,NULL
"1.3.2.06.01.01.036","Microphone/Wireless MIC","0025","Wireless Vocal Set (2 Mic dan Receiver)","Sennheiser/SKM9000",,"Unit","1865500","Pembelian","2022-02-14","DISKOMINSA","Intra","Pengadaan Microphone Wireless Vocal","0",,"0000-00-00",,NULL
"1.3.2.06.01.01.036","Microphone/Wireless MIC","0026","Wireless Vocal Set (2 Mic dan Receiver)","Sennheiser/SKM9000",,"Unit","1865500","Pembelian","2022-02-14","DISKOMINSA","Intra","Pengadaan Microphone Wireless Vocal","0",,"0000-00-00",,NULL
"1.3.2.06.01.01.036","Microphone/Wireless MIC","0027","Microphone Wireless","Symetric SY-M-168",,"Unit","2920000","Pembelian","2022-12-07","DISKOMINSA","Intra","Pengadaan Mic Wireless Bid. TIK","0",,"0000-00-00",,NULL
"1.3.2.06.01.01.037","Microphone/Boom Stand","0001",,"SAMSON / BT-4 Telescopic",,"Unit","528000","Pembelian","2009-12-31","DISKOMINSA","Extra","Microphone Stand Type B","0",,"0000-00-00",,NULL
"1.3.2.06.01.01.037","Microphone/Boom Stand","0002",,"SAMSON / BT-4 Telescopic",,"Unit","528000","Pembelian","2009-12-31","DISKOMINSA","Extra","Microphone Stand Type B","0",,"0000-00-00",,NULL
"1.3.2.06.01.01.037","Microphone/Boom Stand","0003",,"SAMSON / BT-4 Telescopic",,"Unit","528000","Pembelian","2009-12-31","DISKOMINSA","Extra","Microphone Stand Type B","0",,"0000-00-00",,NULL
"1.3.2.06.01.01.037","Microphone/Boom Stand","0004",,"SAMSON / BT-4 Telescopic",,"Unit","528000","Pembelian","2009-12-31","DISKOMINSA","Extra","Microphone Stand Type B","0",,"0000-00-00",,NULL
"1.3.2.06.01.01.037","Microphone/Boom Stand","0005",,"SAMSON / BT-4 Telescopic",,"Unit","528000","Pembelian","2009-12-31","DISKOMINSA","Extra","Microphone Stand Type B","0",,"0000-00-00",,NULL
"1.3.2.06.01.01.037","Microphone/Boom Stand","0006",,"SAMSON / BT-4 Telescopic",,"Unit","528000","Pembelian","2009-12-31","DISKOMINSA","Extra","Microphone Stand Type B","0",,"0000-00-00",,NULL
"1.3.2.06.01.01.037","Microphone/Boom Stand","0007",,"SAMSON / BT-4 Telescopic",,"Unit","528000","Pembelian","2009-12-31","DISKOMINSA","Extra","Microphone Stand Type B","0",,"0000-00-00",,NULL
"1.3.2.06.01.01.037","Microphone/Boom Stand","0008",,"SAMSON / BT-4 Telescopic",,"Unit","528000","Pembelian","2009-12-31","DISKOMINSA","Extra","Microphone Stand Type B","0",,"0000-00-00",,NULL
"1.3.2.06.01.01.037","Microphone/Boom Stand","0009",,"SAMSON / BT-4 Telescopic",,"Unit","528000","Pembelian","2009-12-31","DISKOMINSA","Extra","Microphone Stand Type B","0",,"0000-00-00",,NULL
"1.3.2.06.01.01.037","Microphone/Boom Stand","0010",,"SAMSON / BT-4 Telescopic",,"Unit","528000","Pembelian","2009-12-31","DISKOMINSA","Extra","Microphone Stand Type B","0",,"0000-00-00",,NULL
"1.3.2.06.01.01.037","Microphone/Boom Stand","0011",,"SAMSON / BT-4 Telescopic",,"Unit","528000","Pembelian","2009-12-31","DISKOMINSA","Extra","Microphone Stand Type B","0",,"0000-00-00",,NULL
"1.3.2.06.01.01.037","Microphone/Boom Stand","0012",,"SAMSON / BT-4 Telescopic",,"Unit","528000","Pembelian","2009-12-31","DISKOMINSA","Extra","Microphone Stand Type B","0",,"0000-00-00",,NULL
"1.3.2.06.01.01.037","Microphone/Boom Stand","0013",,"Rosehsehr / SR 2008",,"Unit","698000","Pembelian","2014-12-31","DISKOMINSA","Extra","UPTD Seuramo","0",,"0000-00-00",,NULL
"1.3.2.06.01.01.037","Microphone/Boom Stand","0014",,"Rosehsehr / SR 2008",,"Unit","698000","Pembelian","2014-12-31","DISKOMINSA","Extra","UPTD Seuramo","0",,"0000-00-00",,NULL
"1.3.2.06.01.01.037","Microphone/Boom Stand","0015",,"Rosehsehr / SR 2008",,"Unit","698000","Pembelian","2014-12-31","DISKOMINSA","Extra","UPTD Seuramo","0",,"0000-00-00",,NULL
"1.3.2.06.01.01.037","Microphone/Boom Stand","0016",,"Rosehsehr / SR 2008",,"Unit","698000","Pembelian","2014-12-31","DISKOMINSA","Extra","UPTD Seuramo","0",,"0000-00-00",,NULL
"1.3.2.06.01.01.037","Microphone/Boom Stand","0017",,"Rosehsehr / SR 2008",,"Unit","698000","Pembelian","2014-12-31","DISKOMINSA","Extra","UPTD Seuramo","0",,"0000-00-00",,NULL
"1.3.2.06.01.01.037","Microphone/Boom Stand","0018",,"Jieyang Boompole 3 meter",,"Unit","1373200","Pembelian","2018-12-31","DISKOMINSA","Intra","Pengadaan Microfon Audio Bid. E-Gov","0",,"0000-00-00",,NULL
"1.3.2.06.01.01.037","Microphone/Boom Stand","0019","Condenser Mic Arm Stand","Condenser Microphone Susp",,"Unit","197500","Pembelian","2022-01-09","DISKOMINSA","Extra","Pengadaan Peralatan Podcast Studio Bid. PKP","0",,"0000-00-00",,NULL
"1.3.2.06.01.01.037","Microphone/Boom Stand","0020","Condenser Mic Arm Stand","Condenser Microphone Susp",,"Unit","197500","Pembelian","2022-01-09","DISKOMINSA","Extra","Pengadaan Peralatan Podcast Studio Bid. PKP","0",,"0000-00-00",,NULL
"1.3.2.06.01.01.037","Microphone/Boom Stand","0021","Condenser Mic Arm Stand","Condenser Microphone Susp",,"Unit","197500","Pembelian","2022-01-09","DISKOMINSA","Extra","Pengadaan Peralatan Podcast Studio Bid. PKP","0",,"0000-00-00",,NULL
"1.3.2.06.01.01.037","Microphone/Boom Stand","0022","Condenser Mic Arm Stand","Condenser Microphone Susp",,"Unit","197500","Pembelian","2022-01-09","DISKOMINSA","Extra","Pengadaan Peralatan Podcast Studio Bid. PKP","0",,"0000-00-00",,NULL
"1.3.2.06.01.01.037","Microphone/Boom Stand","0023","Microphone Shock Mount","Black Condenser Microphon",,"Unit","331250","Pembelian","2022-01-26","DISKOMINSA","Extra","Pengadaan Peralatan Podcast Studio Bid. PKP 4","0",,"0000-00-00",,NULL
"1.3.2.06.01.01.037","Microphone/Boom Stand","0024","Microphone Shock Mount","Black Condenser Microphon",,"Unit","331250","Pembelian","2022-01-26","DISKOMINSA","Extra","Pengadaan Peralatan Podcast Studio Bid. PKP 4","0",,"0000-00-00",,NULL
"1.3.2.06.01.01.037","Microphone/Boom Stand","0025","Microphone Shock Mount","Black Condenser Microphon",,"Unit","331250","Pembelian","2022-01-26","DISKOMINSA","Extra","Pengadaan Peralatan Podcast Studio Bid. PKP 4","0",,"0000-00-00",,NULL
"1.3.2.06.01.01.037","Microphone/Boom Stand","0026","Microphone Shock Mount","Black Condenser Microphon",,"Unit","331250","Pembelian","2022-01-26","DISKOMINSA","Extra","Pengadaan Peralatan Podcast Studio Bid. PKP 4","0",,"0000-00-00",,NULL
"1.3.2.06.01.01.037","Microphone/Boom Stand","0027","Vocal Studio Condenser Microphone","Maono AU-PM320 XLR Conden",,"Unit","1112500","Pembelian","2022-01-26","DISKOMINSA","Intra","Pengadaan Peralatan Podcast Studio Bid. PKP 5","0",,"0000-00-00",,NULL
"1.3.2.06.01.01.037","Microphone/Boom Stand","0028","Vocal Studio Condenser Microphone","Maono AU-PM320 XLR Conden",,"Unit","1112500","Pembelian","2022-01-26","DISKOMINSA","Intra","Pengadaan Peralatan Podcast Studio Bid. PKP 5","0",,"0000-00-00",,NULL
"1.3.2.06.01.01.037","Microphone/Boom Stand","0029","Vocal Studio Condenser Microphone","Maono AU-PM320 XLR Conden",,"Unit","1112500","Pembelian","2022-01-26","DISKOMINSA","Intra","Pengadaan Peralatan Podcast Studio Bid. PKP 5","0",,"0000-00-00",,NULL
"1.3.2.06.01.01.037","Microphone/Boom Stand","0030","Vocal Studio Condenser Microphone","Maono AU-PM320 XLR Conden",,"Unit","1112500","Pembelian","2022-01-26","DISKOMINSA","Intra","Pengadaan Peralatan Podcast Studio Bid. PKP 5","0",,"0000-00-00",,NULL
"1.3.2.06.01.01.042","Audio Master Control Unit","0001",,"Mackie/ ONYX 1620",,"Unit","19800000","Pembelian","2007-12-31","DISKOMINSA","Intra","Audio Mixer 16 chanel","0",,"0000-00-00",,NULL
"1.3.2.06.01.01.042","Audio Master Control Unit","0002",,,,"Unit","200992000","Pembelian","2008-12-31","DISKOMINSA","Intra","Digital Audio Work Stations","0",,"0000-00-00",,NULL
"1.3.2.06.01.01.042","Audio Master Control Unit","0003",,,,"Unit","204710000","Pembelian","2008-12-31","DISKOMINSA","Intra","Audio Prosesor","0",,"0000-00-00",,NULL
"1.3.2.06.01.01.042","Audio Master Control Unit","0004",,"Behringer FX 2000",,"Unit","4170100","Pembelian","2016-12-31","DISKOMINSA","Intra","Aksesoris Pendukung R. Studio Multimedia UPTD Telematika BA: 10/05/BA-PP/2016 (Vocal multi effect)","0",,"0000-00-00",,NULL
"1.3.2.06.01.01.042","Audio Master Control Unit","0005",,"Power Star",,"Unit","4147000","Pembelian","2016-12-31","DISKOMINSA","Intra","Aksesoris Pendukung R. Studio Multimedia UPTD Telematika BA: 10/05/BA-PP/2016 (Blue/Green Screen)","0",,"0000-00-00",,NULL
"1.3.2.06.01.01.048","Uninterruptible Power Supply (UPS)","0006",,"GP Akai / GP-30A",,"Unit","2200000","Pembelian","2016-12-31","DISKOMINSA","Intra","Radio Base 5 Lokasi UPTD Telematika BA : 10/04/BA-PP/2016 (Power Supply 5 Unit)","0",,"0000-00-00",,NULL
"1.3.2.06.01.01.048","Uninterruptible Power Supply (UPS)","0007",,"GP Akai / GP-30A",,"Unit","2200000","Pembelian","2016-12-31","DISKOMINSA","Intra","Radio Base 5 Lokasi UPTD Telematika BA : 10/04/BA-PP/2016 (Power Supply 5 Unit)","0",,"0000-00-00",,NULL
"1.3.2.06.01.01.048","Uninterruptible Power Supply (UPS)","0008",,"GP Akai / GP-30A",,"Unit","2200000","Pembelian","2016-12-31","DISKOMINSA","Intra","Radio Base 5 Lokasi UPTD Telematika BA : 10/04/BA-PP/2016 (Power Supply 5 Unit)","0",,"0000-00-00",,NULL
"1.3.2.06.01.01.048","Uninterruptible Power Supply (UPS)","0009",,"GP Akai / GP-30A",,"Unit","2200000","Pembelian","2016-12-31","DISKOMINSA","Intra","Radio Base 5 Lokasi UPTD Telematika BA : 10/04/BA-PP/2016 (Power Supply 5 Unit)","0",,"0000-00-00",,NULL
"1.3.2.06.01.01.048","Uninterruptible Power Supply (UPS)","0010",,"GP Akai / GP-30A",,"Unit","2200000","Pembelian","2016-12-31","DISKOMINSA","Intra","Radio Base 5 Lokasi UPTD Telematika BA : 10/04/BA-PP/2016 (Power Supply 5 Unit)","0",,"0000-00-00",,NULL
"1.3.2.06.01.01.055","Battery Charger (Peralatan Studio Audio)","0037",,"ICOM BP-265 / BP-265",,"Unit","885000","Pembelian","2015-12-31","DISKOMINSA","Extra","UPTD Telematika/BA: 10/19/BA-PP/2015 (Bateray HT)","0",,"0000-00-00",,NULL
"1.3.2.06.01.01.055","Battery Charger (Peralatan Studio Audio)","0038",,"ICOM BP-265 / BP-265",,"Unit","885000","Pembelian","2015-12-31","DISKOMINSA","Extra","UPTD Telematika/BA: 10/19/BA-PP/2015 (Bateray HT)","0",,"0000-00-00",,NULL
"1.3.2.06.01.01.055","Battery Charger (Peralatan Studio Audio)","0039",,"ICOM BP-265 / BP-265",,"Unit","885000","Pembelian","2015-12-31","DISKOMINSA","Extra","UPTD Telematika/BA: 10/19/BA-PP/2015 (Bateray HT)","0",,"0000-00-00",,NULL
"1.3.2.06.01.01.055","Battery Charger (Peralatan Studio Audio)","0040",,"ICOM BP-265 / BP-265",,"Unit","885000","Pembelian","2015-12-31","DISKOMINSA","Extra","UPTD Telematika/BA: 10/19/BA-PP/2015 (Bateray HT)","0",,"0000-00-00",,NULL
"1.3.2.06.01.01.055","Battery Charger (Peralatan Studio Audio)","0041",,"ICOM BP-265 / BP-265",,"Unit","885000","Pembelian","2015-12-31","DISKOMINSA","Extra","UPTD Telematika/BA: 10/19/BA-PP/2015 (Bateray HT)","0",,"0000-00-00",,NULL
"1.3.2.06.01.01.055","Battery Charger (Peralatan Studio Audio)","0042",,"ICOM BP-265 / BP-265",,"Unit","885000","Pembelian","2015-12-31","DISKOMINSA","Extra","UPTD Telematika/BA: 10/19/BA-PP/2015 (Bateray HT)","0",,"0000-00-00",,NULL
"1.3.2.06.01.01.055","Battery Charger (Peralatan Studio Audio)","0043",," I Com IC-V80 (BP-264) /",,"Unit","705375","Pembelian","2015-12-31","DISKOMINSA","Extra","UPTD Telematika/BA: 10/11/BA-PP/2015 (Baterai HT I Com IC-V80 (BP-264))","0",,"0000-00-00",,NULL
"1.3.2.06.01.01.055","Battery Charger (Peralatan Studio Audio)","0044",," I Com IC-V80 (BP-264) /",,"Unit","705375","Pembelian","2015-12-31","DISKOMINSA","Extra","UPTD Telematika/BA: 10/11/BA-PP/2015 (Baterai HT I Com IC-V80 (BP-264))","0",,"0000-00-00",,NULL
"1.3.2.06.01.01.055","Battery Charger (Peralatan Studio Audio)","0045",," I Com IC-V80 (BP-264) /",,"Unit","705375","Pembelian","2015-12-31","DISKOMINSA","Extra","UPTD Telematika/BA: 10/11/BA-PP/2015 (Baterai HT I Com IC-V80 (BP-264))","0",,"0000-00-00",,NULL
"1.3.2.06.01.01.055","Battery Charger (Peralatan Studio Audio)","0046",," I Com IC-V80 (BP-264) /",,"Unit","705375","Pembelian","2015-12-31","DISKOMINSA","Extra","UPTD Telematika/BA: 10/11/BA-PP/2015 (Baterai HT I Com IC-V80 (BP-264))","0",,"0000-00-00",,NULL
"1.3.2.06.01.01.055","Battery Charger (Peralatan Studio Audio)","0047",," I Com IC-V80 (BP-264) /",,"Unit","705375","Pembelian","2015-12-31","DISKOMINSA","Extra","UPTD Telematika/BA: 10/11/BA-PP/2015 (Baterai HT I Com IC-V80 (BP-264))","0",,"0000-00-00",,NULL
"1.3.2.06.01.01.055","Battery Charger (Peralatan Studio Audio)","0048",," I Com IC-V80 (BP-264) /",,"Unit","705375","Pembelian","2015-12-31","DISKOMINSA","Extra","UPTD Telematika/BA: 10/11/BA-PP/2015 (Baterai HT I Com IC-V80 (BP-264))","0",,"0000-00-00",,NULL
"1.3.2.06.01.01.055","Battery Charger (Peralatan Studio Audio)","0049",," I Com IC-V80 (BP-264) /",,"Unit","705375","Pembelian","2015-12-31","DISKOMINSA","Extra","UPTD Telematika/BA: 10/11/BA-PP/2015 (Baterai HT I Com IC-V80 (BP-264))","0",,"0000-00-00",,NULL
"1.3.2.06.01.01.055","Battery Charger (Peralatan Studio Audio)","0050",," I Com IC-V80 (BP-264) /",,"Unit","705375","Pembelian","2015-12-31","DISKOMINSA","Extra","UPTD Telematika/BA: 10/11/BA-PP/2015 (Baterai HT I Com IC-V80 (BP-264))","0",,"0000-00-00",,NULL
"1.3.2.06.01.01.055","Battery Charger (Peralatan Studio Audio)","0051",," I Com IC-V80 (BP-264) /",,"Unit","705375","Pembelian","2015-12-31","DISKOMINSA","Extra","UPTD Telematika/BA: 10/11/BA-PP/2015 (Baterai HT I Com IC-V80 (BP-264))","0",,"0000-00-00",,NULL
"1.3.2.06.01.01.055","Battery Charger (Peralatan Studio Audio)","0052",," I Com IC-V80 (BP-264) /",,"Unit","705375","Pembelian","2015-12-31","DISKOMINSA","Extra","UPTD Telematika/BA: 10/11/BA-PP/2015 (Baterai HT I Com IC-V80 (BP-264))","0",,"0000-00-00",,NULL
"1.3.2.06.01.01.055","Battery Charger (Peralatan Studio Audio)","0053",," I Com IC-V80 (BP-264) /",,"Unit","705375","Pembelian","2015-12-31","DISKOMINSA","Extra","UPTD Telematika/BA: 10/11/BA-PP/2015 (Baterai HT I Com IC-V80 (BP-264))","0",,"0000-00-00",,NULL
"1.3.2.06.01.01.055","Battery Charger (Peralatan Studio Audio)","0054",," I Com IC-V80 (BP-264) /",,"Unit","705375","Pembelian","2015-12-31","DISKOMINSA","Extra","UPTD Telematika/BA: 10/11/BA-PP/2015 (Baterai HT I Com IC-V80 (BP-264))","0",,"0000-00-00",,NULL
"1.3.2.06.01.01.055","Battery Charger (Peralatan Studio Audio)","0055",,"Weirwei Vev-V8 / Vev-V8",,"Unit","564300","Pembelian","2015-12-31","DISKOMINSA","Extra","UPTD Telematika/BA: 10/11/BA-PP/2015 (Baterai HT Weirwei Vev-V8)","0",,"0000-00-00",,NULL
"1.3.2.06.01.01.055","Battery Charger (Peralatan Studio Audio)","0056",,"Weirwei Vev-V8 / Vev-V8",,"Unit","564300","Pembelian","2015-12-31","DISKOMINSA","Extra","UPTD Telematika/BA: 10/11/BA-PP/2015 (Baterai HT Weirwei Vev-V8)","0",,"0000-00-00",,NULL
"1.3.2.06.01.01.055","Battery Charger (Peralatan Studio Audio)","0057",,"Weirwei Vev-V8 / Vev-V8",,"Unit","564300","Pembelian","2015-12-31","DISKOMINSA","Extra","UPTD Telematika/BA: 10/11/BA-PP/2015 (Baterai HT Weirwei Vev-V8)","0",,"0000-00-00",,NULL
"1.3.2.06.01.01.055","Battery Charger (Peralatan Studio Audio)","0058",,"Weirwei Vev-V8 / Vev-V8",,"Unit","564300","Pembelian","2015-12-31","DISKOMINSA","Extra","UPTD Telematika/BA: 10/11/BA-PP/2015 (Baterai HT Weirwei Vev-V8)","0",,"0000-00-00",,NULL
"1.3.2.06.01.01.055","Battery Charger (Peralatan Studio Audio)","0059",," I Com IC-V80 / Charger",,"Unit","733700","Pembelian","2015-12-31","DISKOMINSA","Extra","UPTD Telematika/BA: 10/11/BA-PP/2015 (Charger HT I Com IC-V80)","0",,"0000-00-00",,NULL
"1.3.2.06.01.01.055","Battery Charger (Peralatan Studio Audio)","0060",," I Com IC-V80 / Charger",,"Unit","733700","Pembelian","2015-12-31","DISKOMINSA","Extra","UPTD Telematika/BA: 10/11/BA-PP/2015 (Charger HT I Com IC-V80)","0",,"0000-00-00",,NULL
"1.3.2.06.01.01.055","Battery Charger (Peralatan Studio Audio)","0061",," I Com IC-V80 / Charger",,"Unit","733700","Pembelian","2015-12-31","DISKOMINSA","Extra","UPTD Telematika/BA: 10/11/BA-PP/2015 (Charger HT I Com IC-V80)","0",,"0000-00-00",,NULL
"1.3.2.06.01.01.055","Battery Charger (Peralatan Studio Audio)","0062",," I Com IC-V80 / Charger",,"Unit","733700","Pembelian","2015-12-31","DISKOMINSA","Extra","UPTD Telematika/BA: 10/11/BA-PP/2015 (Charger HT I Com IC-V80)","0",,"0000-00-00",,NULL
"1.3.2.06.01.01.055","Battery Charger (Peralatan Studio Audio)","0063",," I Com IC-V80 / Charger",,"Unit","733700","Pembelian","2015-12-31","DISKOMINSA","Extra","UPTD Telematika/BA: 10/11/BA-PP/2015 (Charger HT I Com IC-V80)","0",,"0000-00-00",,NULL
"1.3.2.06.01.01.055","Battery Charger (Peralatan Studio Audio)","0064",," I Com IC-V80 / Charger",,"Unit","733700","Pembelian","2015-12-31","DISKOMINSA","Extra","UPTD Telematika/BA: 10/11/BA-PP/2015 (Charger HT I Com IC-V80)","0",,"0000-00-00",,NULL
"1.3.2.06.01.01.055","Battery Charger (Peralatan Studio Audio)","0065",,"Weirwei Vev-V8 / Charger",,"Unit","594000","Pembelian","2015-12-31","DISKOMINSA","Extra","UPTD Telematika/BA: 10/11/BA-PP/2015 (Charger HT Weirwei Vev-V8)","0",,"0000-00-00",,NULL
"1.3.2.06.01.01.055","Battery Charger (Peralatan Studio Audio)","0066",,"Weirwei Vev-V8 / Charger",,"Unit","594000","Pembelian","2015-12-31","DISKOMINSA","Extra","UPTD Telematika/BA: 10/11/BA-PP/2015 (Charger HT Weirwei Vev-V8)","0",,"0000-00-00",,NULL
"1.3.2.06.01.01.059","Power Amplifier","0001",,"CROWN/Macrotech / MA-2402",,"Unit","29469000","Pembelian","2009-12-31","DISKOMINSA","Intra","Power amplifier 5kW","0",,"0000-00-00",,NULL
"1.3.2.06.01.01.059","Power Amplifier","0002",,"CROWN/Macrotech / MA-2402",,"Unit","29469000","Pembelian","2009-12-31","DISKOMINSA","Intra","Power amplifier 5kW","0",,"0000-00-00",,NULL
"1.3.2.06.01.01.059","Power Amplifier","0003",,"CROWN/Macrotech / MA-2402",,"Unit","29469000","Pembelian","2009-12-31","DISKOMINSA","Intra","Power amplifier 5kW","0",,"0000-00-00",,NULL
"1.3.2.06.01.01.059","Power Amplifier","0004",,"FRS",,"Unit","9900000","Pembelian","2012-12-31","DISKOMINSA","Intra","Power Amplifier","0",,"0000-00-00",,NULL
"1.3.2.06.01.01.059","Power Amplifier","0005",,"Outline / IT 7000",,"Unit","8525000","Pembelian","2014-12-31","DISKOMINSA","Intra","UPTD Seuramo","0",,"0000-00-00",,NULL
"1.3.2.06.01.01.059","Power Amplifier","0006",,"Outline / IT 7000",,"Unit","8525000","Pembelian","2014-12-31","DISKOMINSA","Intra","UPTD Seuramo","0",,"0000-00-00",,NULL
"1.3.2.06.01.01.059","Power Amplifier","0007","Headphone Amplifier","Behringer/Micromic MX 400",,"Unit","590000","Pembelian","2022-01-19","DISKOMINSA","Extra","Pengadaan Peralatan Podcast Studio Bid. PKP","0",,"0000-00-00",,NULL
"1.3.2.06.01.01.068","Wind Shield","0001",,"Rode WS6 Deluxe Windshiel",,"Unit","1318200","Pembelian","2018-12-31","DISKOMINSA","Intra","Pengadaan Microfon Audio Bid. E-Gov","0",,"0000-00-00",,NULL
"1.3.2.06.01.01.068","Wind Shield","0002","Pop Shield Microphone","TaffStudio Pop Shield Mic",,"Unit","46000","Pembelian","2022-01-26","DISKOMINSA","Extra","Pengadaan Peralatan Podcast Studio Bid. PKP 2","0",,"0000-00-00",,NULL
"1.3.2.06.01.01.068","Wind Shield","0003","Pop Shield Microphone","TaffStudio Pop Shield Mic",,"Unit","46000","Pembelian","2022-01-26","DISKOMINSA","Extra","Pengadaan Peralatan Podcast Studio Bid. PKP 2","0",,"0000-00-00",,NULL
"1.3.2.06.01.01.068","Wind Shield","0004","Pop Shield Microphone","TaffStudio Pop Shield Mic",,"Unit","46000","Pembelian","2022-01-26","DISKOMINSA","Extra","Pengadaan Peralatan Podcast Studio Bid. PKP 2","0",,"0000-00-00",,NULL
"1.3.2.06.01.01.068","Wind Shield","0005","Pop Shield Microphone","TaffStudio Pop Shield Mic",,"Unit","46000","Pembelian","2022-01-26","DISKOMINSA","Extra","Pengadaan Peralatan Podcast Studio Bid. PKP 2","0",,"0000-00-00",,NULL
"1.3.2.06.01.01.072","Audio Cassette Recorder","0001",,,,"Unit","127853000","Pembelian","2008-12-31","DISKOMINSA","Intra","Acsesoris Recording","0",,"0000-00-00",,NULL
"1.3.2.06.01.01.075","Digital Audio Tape Recorder","0001",,"Zoom H4n Pro With ACC Pac",,"Unit","8088200","Pembelian","2018-12-31","DISKOMINSA","Intra","Pengadaan Microfon Audio Bid. E-Gov","0",,"0000-00-00",,NULL
"1.3.2.06.01.01.078","Microphone Cable","0001",,"AKG WMS - 40",,"Unit","5995000","Pembelian","2014-12-31","DISKOMINSA","Intra","Mikrophone Converence - UPTD Seuramo","0",,"0000-00-00",,NULL
"1.3.2.06.01.01.078","Microphone Cable","0002",,"Shure / SM 58",,"Unit","1980000","Pembelian","2014-12-31","DISKOMINSA","Intra","UPTD Seuramo","0",,"0000-00-00",,NULL
"1.3.2.06.01.01.078","Microphone Cable","0003",,"Shure / SM 58",,"Unit","1980000","Pembelian","2014-12-31","DISKOMINSA","Intra","UPTD Seuramo","0",,"0000-00-00",,NULL
"1.3.2.06.01.01.078","Microphone Cable","0004",,"Shure / SM 58",,"Unit","1980000","Pembelian","2014-12-31","DISKOMINSA","Intra","UPTD Seuramo","0",,"0000-00-00",,NULL
"1.3.2.06.01.01.078","Microphone Cable","0005",,"Shure / SM 58",,"Unit","1980000","Pembelian","2014-12-31","DISKOMINSA","Intra","UPTD Seuramo","0",,"0000-00-00",,NULL
"1.3.2.06.01.01.078","Microphone Cable","0006",,"Shure / SM 58",,"Unit","1980000","Pembelian","2014-12-31","DISKOMINSA","Intra","UPTD Seuramo","0",,"0000-00-00",,NULL
"1.3.2.06.01.01.078","Microphone Cable","0007",,"Kanare",,"Unit","1804000","Pembelian","2014-12-31","DISKOMINSA","Intra","Kabel Mikrophone - UPTD Seuramo","0",,"0000-00-00",,NULL
"1.3.2.06.01.01.078","Microphone Cable","0008",,"Kanare",,"Unit","1804000","Pembelian","2014-12-31","DISKOMINSA","Intra","Kabel Mikrophone - UPTD Seuramo","0",,"0000-00-00",,NULL
"1.3.2.06.01.01.078","Microphone Cable","0009",,"Kanare",,"Unit","1804000","Pembelian","2014-12-31","DISKOMINSA","Intra","Kabel Mikrophone - UPTD Seuramo","0",,"0000-00-00",,NULL
"1.3.2.06.01.01.078","Microphone Cable","0010",,"Kanare",,"Unit","1804000","Pembelian","2014-12-31","DISKOMINSA","Intra","Kabel Mikrophone - UPTD Seuramo","0",,"0000-00-00",,NULL
"1.3.2.06.01.01.078","Microphone Cable","0011",,"Kanare",,"Unit","1804000","Pembelian","2014-12-31","DISKOMINSA","Intra","Kabel Mikrophone - UPTD Seuramo","0",,"0000-00-00",,NULL
"1.3.2.06.01.01.078","Microphone Cable","0012",,"VXT Snak Cable 24/8; 50 m",,"Unit","14990000","Pembelian","2019-12-31","DISKOMINSA","Intra","Pengadaan Snak Cable (DAU)","0",,"0000-00-00",,NULL
"1.3.2.06.01.01.087","Voice  Recorder","0001",,"Perangkat bukti rekam aud",,"Unit","5982818","Pembelian","2019-12-31","DISKOMINSA","Intra","Pengadaan Perangkat Bukti Rekam Audio bagi PPID untuk Persidangan (PPID Utama)","0",,"0000-00-00",,NULL
"1.3.2.06.01.01.087","Voice  Recorder","0002",,"Sony Stereo IC Recorder I",,"Unit","980375","Pembelian","2019-12-31","DISKOMINSA","Extra","Pengadaan Alat Perekam Suara (Redord) KIA","0",,"0000-00-00",,NULL
"1.3.2.06.01.01.087","Voice  Recorder","0003",,"Sony Stereo IC Recorder I",,"Unit","980375","Pembelian","2019-12-31","DISKOMINSA","Extra","Pengadaan Alat Perekam Suara (Redord) KIA","0",,"0000-00-00",,NULL
"1.3.2.06.01.01.087","Voice  Recorder","0004",,"Sony Stereo IC Recorder I",,"Unit","980375","Pembelian","2019-12-31","DISKOMINSA","Extra","Pengadaan Alat Perekam Suara (Redord) KIA","0",,"0000-00-00",,NULL
"1.3.2.06.01.01.087","Voice  Recorder","0005",,"Sony Stereo IC Recorder I",,"Unit","980375","Pembelian","2019-12-31","DISKOMINSA","Extra","Pengadaan Alat Perekam Suara (Redord) KIA","0",,"0000-00-00",,NULL
"1.3.2.06.01.01.087","Voice  Recorder","0006",,"Sony Stereo IC Recorder I",,"Unit","980375","Pembelian","2019-12-31","DISKOMINSA","Extra","Pengadaan Alat Perekam Suara (Redord) KIA","0",,"0000-00-00",,NULL
"1.3.2.06.01.01.087","Voice  Recorder","0007",,"Sony Stereo IC Recorder I",,"Unit","980375","Pembelian","2019-12-31","DISKOMINSA","Extra","Pengadaan Alat Perekam Suara (Redord) KIA","0",,"0000-00-00",,NULL
"1.3.2.06.01.01.087","Voice  Recorder","0008",,"Sony Stereo IC Recorder I",,"Unit","980375","Pembelian","2019-12-31","DISKOMINSA","Extra","Pengadaan Alat Perekam Suara (Redord) KIA","0",,"0000-00-00",,NULL
"1.3.2.06.01.01.087","Voice  Recorder","0009",,"Sony Stereo IC Recorder I",,"Unit","980375","Pembelian","2019-12-31","DISKOMINSA","Extra","Pengadaan Alat Perekam Suara (Redord) KIA","0",,"0000-00-00",,NULL
"1.3.2.06.01.01.087","Voice  Recorder","0010","Recording Soundcard","Miditech Audiolink III",,"Unit","1525000","Pembelian","2022-01-26","DISKOMINSA","Intra","Pengadaan Peralatan Podcast Studio Bid. PKP 3","0",,"0000-00-00",,NULL
"1.3.2.06.01.01.090","Digital LED Running Text","0001","RGB Outdoor Running Text","RGB Outdoor Running Text",,"Unit","32967000","Pembelian","2022-12-12","DISKOMINSA","Intra","Pengadaan Running Text Gedung Induk Diskominsa","0",,"0000-00-00",,NULL
"1.3.2.06.01.01.096","Speaker Control
","0001",,"Yamaha / Rev 100",,"Unit","8143200","Pembelian","2017-12-31","DISKOMINSA","Intra","Vocal Effect -- Pengadaan Alat Sound System : Mixer 24 ch, Vocal Effect, Speaker (UPTD Seuramoe) BAS","0",,"0000-00-00",,NULL
"1.3.2.06.01.01.096","Speaker Control
","0002",,"Yamaha / Rev 100",,"Unit","8143200","Pembelian","2017-12-31","DISKOMINSA","Intra","Vocal Effect -- Pengadaan Alat Sound System : Mixer 24 ch, Vocal Effect, Speaker (UPTD Seuramoe) BAS","0",,"0000-00-00",,NULL
"1.3.2.06.01.01.096","Speaker Control
","0003",,"Yamaha / Rev 100",,"Unit","8143200","Pembelian","2017-12-31","DISKOMINSA","Intra","Vocal Effect -- Pengadaan Alat Sound System : Mixer 24 ch, Vocal Effect, Speaker (UPTD Seuramoe) BAS","0",,"0000-00-00",,NULL
"1.3.2.06.01.01.096","Speaker Control
","0004",,"Yamaha / NY64-D",,"Unit","11103200","Pembelian","2017-12-31","DISKOMINSA","Intra","Sound Card Interface -- Pengadaan Alat Sound System : Mixer 24 ch, Vocal Effect, Speaker (UPTD Seura","0",,"0000-00-00",,NULL
"1.3.2.06.01.01.098","Box Hardcase","0001",,"Hard Case Mixer Pro FX12",,"Unit","4235000","Pembelian","2019-12-31","DISKOMINSA","Intra","pengadaan speaker aktif beserta perlengkapan lainnya (DAU)","0",,"0000-00-00",,NULL
"1.3.2.06.01.01.098","Box Hardcase","0002",,"Hard Case Mixer Yamaha TF",,"Unit","6641250","Pembelian","2019-12-31","DISKOMINSA","Intra","Pengadaan Hard Case Yamaha TF 3","0",,"0000-00-00",,NULL
"1.3.2.06.01.02.002","Off Air TV Monitor","0001",,"SAMSUNG",,"Unit","5250000","Pembelian","2011-12-31","DISKOMINSA","Intra","TV Monitor","0",,"0000-00-00",,NULL
"1.3.2.06.01.02.002","Off Air TV Monitor","0002",,"SAMSUNG",,"Unit","5250000","Pembelian","2011-12-31","DISKOMINSA","Intra","TV Monitor","0",,"0000-00-00",,NULL
"1.3.2.06.01.02.002","Off Air TV Monitor","0003",,"Apple",,"Unit","6853000","Pembelian","2016-12-31","DISKOMINSA","Intra","Aksesoris Pendukung R. Studio Multimedia UPTD Telematika BA: 10/05/BA-PP/2016 (TV Box)","0",,"0000-00-00",,NULL
"1.3.2.06.01.02.011","Video  Distribution  Amplifier","0001",,"CVW Swift 800 Wireless Vi",,"Unit","15729405","Pembelian","2019-12-31","DISKOMINSA","Intra","Pengadaan Wireless Link dan Pemancar TV Analog (PAA)","0",,"0000-00-00",,NULL
"1.3.2.06.01.02.011","Video  Distribution  Amplifier","0002",,"Digital Wireless Systems",,"Unit","6217185","Pembelian","2019-12-31","DISKOMINSA","Intra","Pengadaan Wireless Link dan Pemancar TV Analog (PAA)","0",,"0000-00-00",,NULL
"1.3.2.06.01.02.015","Video  Mixer","0001",,"ATEN UC9020 StreamLive HD",,"Unit","34848000","Pembelian","2020-12-31","DISKOMINSA","Intra","Pengadaan Perangkat Pendukung Video Conference (dana otsus)/Rp.49.540.000","0",,"0000-00-00",,NULL
"1.3.2.06.01.02.016","Video  Switcher","0001",,"DataVideo SE-650 Digital",,"Unit","23043410","Pembelian","2019-12-31","DISKOMINSA","Intra","Pengadaan Wireless Link dan Pemancar TV Analog (PAA)","0",,"0000-00-00",,NULL
"1.3.2.06.01.02.016","Video  Switcher","0002","Video switcher portable","Blackmagicdesign ATEM Min",,"Unit","14319000","Pembelian","2022-05-09","DISKOMINSA","Intra","Pengadaan Kamera, SoundCard, Video Switcher Bid. TIK","0",,"0000-00-00",,NULL
"1.3.2.06.01.02.045","Tripod Camera","0003",,"DATALITE",,"Unit","990000","Pembelian","2011-12-31","DISKOMINSA","Extra","Projector Tripot Screen","0",,"0000-00-00",,NULL
"1.3.2.06.01.02.045","Tripod Camera","0004",,,,"Unit","1253000","Pembelian","2013-12-31","DISKOMINSA","Intra","Tripod, Sarana Komunikasi Gate Way","0",,"0000-00-00",,NULL
"1.3.2.06.01.02.045","Tripod Camera","0005",,"Libec",,"Unit","76975000","Pembelian","2014-12-31","DISKOMINSA","Intra","Crane Camera - UPTD Telematika","0",,"0000-00-00",,NULL
"1.3.2.06.01.02.045","Tripod Camera","0006",,"Libec",,"Unit","8772500","Pembelian","2016-12-31","DISKOMINSA","Intra","Aksesoris Pendukung R. Studio Multimedia UPTD Telematika BA: 10/05/BA-PP/2016 (Tripod)","0",,"0000-00-00",,NULL
"1.3.2.06.01.02.045","Tripod Camera","0007",,"Tripod Buffalo",,"Unit","2965000","Pembelian","2019-12-31","DISKOMINSA","Intra","Pengadaan Kamera (Aksesoris Lengkap) (E-Gov) (PAA)","0",,"0000-00-00",,NULL
"1.3.2.06.01.02.045","Tripod Camera","0008",,"Takara Hydro B18 Tripod",,"Unit","2640000","Pembelian","2021-12-31","DISKOMINSA","Intra","Pengadaan Sarana dan Prasarana Ruang Server Pemerintah Aceh","0",,"0000-00-00",,NULL
"1.3.2.06.01.02.045","Tripod Camera","0009","Gimbal Stabilizer","Zhiyun-Tech WEEBILL-2 3 A",,"Unit","18723000","Pembelian","2022-06-06","DISKOMINSA","Intra","Pengadaan Gimbal Stabilizer Bid. PKP","0",,"0000-00-00",,NULL
"1.3.2.06.01.02.055","Lighting Stand Tripod","0001",,,,"Unit","1386000","Pembelian","2012-12-31","DISKOMINSA","Intra","Tri Port Lampu Sorot, Peralatan Penguatan Jaringan Mobil Monitoring","0",,"0000-00-00",,NULL
"1.3.2.06.01.02.055","Lighting Stand Tripod","0002",,,,"Unit","1386000","Pembelian","2012-12-31","DISKOMINSA","Intra","Tri Port Lampu Sorot, Peralatan Penguatan Jaringan Mobil Monitoring","0",,"0000-00-00",,NULL
"1.3.2.06.01.02.061","Lensa Kamera","0001",,"Nikon / Lensa",,"Unit","11350000","Pembelian","2012-12-31","DISKOMINSA","Intra","Lensa Tustel","0",,"0000-00-00",,NULL
"1.3.2.06.01.02.061","Lensa Kamera","0002",,"Nikon / Lensa",,"Unit","11350000","Pembelian","2012-12-31","DISKOMINSA","Intra","Lensa Tustel","0",,"0000-00-00",,NULL
"1.3.2.06.01.02.061","Lensa Kamera","0003",,"Nikon / AF-SDX NIKKOR",,"Unit","15350400","Pembelian","2013-12-31","DISKOMINSA","Intra","Lensa Camera","0",,"0000-00-00",,NULL
"1.3.2.06.01.02.061","Lensa Kamera","0004",,"Nikon / AF",,"Unit","22414600","Pembelian","2013-12-31","DISKOMINSA","Intra","Lensa Tele Zoom","0",,"0000-00-00",,NULL
"1.3.2.06.01.02.061","Lensa Kamera","0005",,"Nikon",,"Unit","19470000","Pembelian","2014-12-31","DISKOMINSA","Intra","Telezoom Kamera - UPTD Seramo","0",,"0000-00-00",,NULL
"1.3.2.06.01.02.061","Lensa Kamera","0006",,"Lensa Kamera AF/S 50mm f/",,"Unit","11175500","Pembelian","2017-12-31","DISKOMINSA","Intra","Lensa Kamera -- Belanja Modal Pengadaan Peralatan Peliputan (Bid. PKP) BAST No. 202/PKP/PPTK/XI/2017","0",,"0000-00-00",,NULL
"1.3.2.06.01.02.061","Lensa Kamera","0007",,"Lensa Kamera AF-S Nikon 7",,"Unit","42725500","Pembelian","2017-12-31","DISKOMINSA","Intra","Lensa Kamera -- Belanja Modal Pengadaan Peralatan Peliputan (Bid. PKP) BAST No. 202/PKP/PPTK/XI/2017","0",,"0000-00-00",,NULL
"1.3.2.06.01.02.061","Lensa Kamera","0008",,"Lensa kamera AF/S 14-24 m",,"Unit","30475500","Pembelian","2017-12-31","DISKOMINSA","Intra","Lensa Kamera -- Belanja Modal Pengadaan Peralatan Peliputan (Bid. PKP) BAST No. 202/PKP/PPTK/XI/2017","0",,"0000-00-00",,NULL
"1.3.2.06.01.02.061","Lensa Kamera","0009",,"Lensa Kamera EF 50 mm f/1",,"Unit","7450500","Pembelian","2017-12-31","DISKOMINSA","Intra","Lensa Kamera -- Belanja Modal Pengadaan Peralatan Peliputan (Bid. PKP) BAST No. 202/PKP/PPTK/XI/2017","0",,"0000-00-00",,NULL
"1.3.2.06.01.02.061","Lensa Kamera","0010",,"Lensa EF 24-105 mm f/4.0",,"Unit","20450500","Pembelian","2017-12-31","DISKOMINSA","Intra","Lensa Kamera -- Belanja Modal Pengadaan Peralatan Peliputan (Bid. PKP) BAST No. 202/PKP/PPTK/XI/2017","0",,"0000-00-00",,NULL
"1.3.2.06.01.02.061","Lensa Kamera","0011",,"Nikon Lensa Kamera Nikkor",,"Unit","28686000","Pembelian","2019-12-31","DISKOMINSA","Intra","Pengadaan Lensa Camera (PKP) (DBH)","0",,"0000-00-00",,NULL
"1.3.2.06.01.02.061","Lensa Kamera","0012","Lensa Kamera","Nikon AF-S Nikor 35mm f/1",,"Unit","11000000","Pembelian","2022-02-02","DISKOMINSA","Intra","Pengadaan peralatan studio video dan film (adaptor charger handycam, adaptor daya kamera, adaptor ka","0",,"0000-00-00",,NULL
"1.3.2.06.01.02.061","Lensa Kamera","0013","Lensa Kamera Video","Sigma for Sony E 24-70mm",,"Unit","22000000","Pembelian","2022-02-02","DISKOMINSA","Intra","Pengadaan peralatan studio video dan film (adaptor charger handycam, adaptor daya kamera, adaptor ka","0",,"0000-00-00",,NULL
"1.3.2.06.01.02.064","Changing Bag","0001",,"Kalibre Trolley Bag 18"" B",,"Unit","1260000","Pembelian","2020-12-31","DISKOMINSA","Intra","Pengadaan Trolley Bag (dana otsus)/Rp.1.260.000","0",,"0000-00-00",,NULL
"1.3.2.06.01.02.071","Camera Adaptor","0001","Adaptor Charger Handycam","Adaptor Sony PXW-X70 Prof",,"Unit","460000","Pembelian","2022-02-02","DISKOMINSA","Extra","Pengadaan peralatan studio video dan film (adaptor charger handycam, adaptor daya kamera, adaptor ka","0",,"0000-00-00",,NULL
"1.3.2.06.01.02.071","Camera Adaptor","0002","Adaptor Daya Kamera","Kabel Power Baterai V-Mou",,"Unit","655000","Pembelian","2022-02-02","DISKOMINSA","Extra","Pengadaan peralatan studio video dan film (adaptor charger handycam, adaptor daya kamera, adaptor ka","0",,"0000-00-00",,NULL
"1.3.2.06.01.02.116","Head Set","0001",,"SRH 940",,"Unit","2750000","Pembelian","2012-12-31","DISKOMINSA","Intra","Headphone","0",,"0000-00-00",,NULL
"1.3.2.06.01.02.116","Head Set","0002",,,,"Unit","687500","Pembelian","2014-12-31","DISKOMINSA","Extra","Headset (AVF) - UPTD Telematika","0",,"0000-00-00",,NULL
"1.3.2.06.01.02.116","Head Set","0003",,,,"Unit","687500","Pembelian","2014-12-31","DISKOMINSA","Extra","Headset (AVF) - UPTD Telematika","0",,"0000-00-00",,NULL
"1.3.2.06.01.02.116","Head Set","0004",,,,"Unit","687500","Pembelian","2014-12-31","DISKOMINSA","Extra","Headset (AVF) - UPTD Telematika","0",,"0000-00-00",,NULL
"1.3.2.06.01.02.116","Head Set","0005",,,,"Unit","687500","Pembelian","2014-12-31","DISKOMINSA","Extra","Headset (AVF) - UPTD Telematika","0",,"0000-00-00",,NULL
"1.3.2.06.01.02.116","Head Set","0006",,,,"Unit","687500","Pembelian","2014-12-31","DISKOMINSA","Extra","Headset (AVF) - UPTD Telematika","0",,"0000-00-00",,NULL
"1.3.2.06.01.02.116","Head Set","0007",,,,"Unit","687500","Pembelian","2014-12-31","DISKOMINSA","Extra","Headset (AVF) - UPTD Telematika","0",,"0000-00-00",,NULL
"1.3.2.06.01.02.116","Head Set","0008",,"Headphone Sennheiser HD 3",,"Unit","9702000","Pembelian","2019-12-31","DISKOMINSA","Intra","Pengadaan Peralatan Pendukung Studio Rekaman (MIGAS ACEH)","0",,"0000-00-00",,NULL
"1.3.2.06.01.02.116","Head Set","0009",,"Headset Gaming MSI DS502",,"Unit","1133000","Pembelian","2020-12-31","DISKOMINSA","Intra","Pengadaan Perangkat Penunjang NOC (dana otsus)/Rp.43.924.760","0",,"0000-00-00",,NULL
"1.3.2.06.01.02.116","Head Set","0010",,"Headset Gaming MSI DS502",,"Unit","1133000","Pembelian","2020-12-31","DISKOMINSA","Intra","Pengadaan Perangkat Penunjang NOC (dana otsus)/Rp.43.924.760","0",,"0000-00-00",,NULL
"1.3.2.06.01.02.116","Head Set","0011",,"Headset Gaming MSI DS502",,"Unit","1133000","Pembelian","2020-12-31","DISKOMINSA","Intra","Pengadaan Perangkat Penunjang NOC (dana otsus)/Rp.43.924.760","0",,"0000-00-00",,NULL
"1.3.2.06.01.02.116","Head Set","0012",,"Headset Gaming MSI DS502",,"Unit","1133000","Pembelian","2020-12-31","DISKOMINSA","Intra","Pengadaan Perangkat Penunjang NOC (dana otsus)/Rp.43.924.760","0",,"0000-00-00",,NULL
"1.3.2.06.01.02.116","Head Set","0013",,"Headset Gaming MSI DS502",,"Unit","1133000","Pembelian","2020-12-31","DISKOMINSA","Intra","Pengadaan Perangkat Penunjang NOC (dana otsus)/Rp.43.924.760","0",,"0000-00-00",,NULL
"1.3.2.06.01.02.116","Head Set","0014",,"Headset Gaming MSI DS502",,"Unit","1133000","Pembelian","2020-12-31","DISKOMINSA","Intra","Pengadaan Perangkat Penunjang NOC (dana otsus)/Rp.43.924.760","0",,"0000-00-00",,NULL
"1.3.2.06.01.02.116","Head Set","0015",,"Headset Gaming MSI DS502",,"Unit","1133000","Pembelian","2020-12-31","DISKOMINSA","Intra","Pengadaan Perangkat Penunjang NOC (dana otsus)/Rp.43.924.760","0",,"0000-00-00",,NULL
"1.3.2.06.01.02.116","Head Set","0016",,"Headset Gaming MSI DS502",,"Unit","1133000","Pembelian","2020-12-31","DISKOMINSA","Intra","Pengadaan Perangkat Penunjang NOC (dana otsus)/Rp.43.924.760","0",,"0000-00-00",,NULL
"1.3.2.06.01.02.116","Head Set","0017",,"Headset Gaming MSI DS502",,"Unit","1133000","Pembelian","2020-12-31","DISKOMINSA","Intra","Pengadaan Perangkat Penunjang NOC (dana otsus)/Rp.43.924.760","0",,"0000-00-00",,NULL
"1.3.2.06.01.02.116","Head Set","0018",,"Headset Gaming MSI DS502",,"Unit","1133000","Pembelian","2020-12-31","DISKOMINSA","Intra","Pengadaan Perangkat Penunjang NOC (dana otsus)/Rp.43.924.760","0",,"0000-00-00",,NULL
"1.3.2.06.01.02.116","Head Set","0019",,"Headset Gaming MSI DS502",,"Unit","1133000","Pembelian","2020-12-31","DISKOMINSA","Intra","Pengadaan Perangkat Penunjang NOC (dana otsus)/Rp.43.924.760","0",,"0000-00-00",,NULL
"1.3.2.06.01.02.116","Head Set","0020",,"Headset Gaming MSI DS502",,"Unit","1133000","Pembelian","2020-12-31","DISKOMINSA","Intra","Pengadaan Perangkat Penunjang NOC (dana otsus)/Rp.43.924.760","0",,"0000-00-00",,NULL
"1.3.2.06.01.02.116","Head Set","0021",,"Headset Gaming MSI DS502",,"Unit","1133000","Pembelian","2020-12-31","DISKOMINSA","Intra","Pengadaan Perangkat Penunjang NOC (dana otsus)/Rp.43.924.760","0",,"0000-00-00",,NULL
"1.3.2.06.01.02.116","Head Set","0022",,"Headset Gaming MSI DS502",,"Unit","1133000","Pembelian","2020-12-31","DISKOMINSA","Intra","Pengadaan Perangkat Penunjang NOC (dana otsus)/Rp.43.924.760","0",,"0000-00-00",,NULL
"1.3.2.06.01.02.116","Head Set","0023",,"Headset Gaming MSI DS502",,"Unit","1133000","Pembelian","2020-12-31","DISKOMINSA","Intra","Pengadaan Perangkat Penunjang NOC (dana otsus)/Rp.43.924.760","0",,"0000-00-00",,NULL
"1.3.2.06.01.02.116","Head Set","0024","Headphone Flat Monitor","Headphone Flat Monitor/DS",,"Unit","541250","Pembelian","2022-01-19","DISKOMINSA","Extra","Pengadaan Peralatan Podcast Studio Bid. PKP","0",,"0000-00-00",,NULL
"1.3.2.06.01.02.116","Head Set","0025","Headphone Flat Monitor","Headphone Flat Monitor/DS",,"Unit","541250","Pembelian","2022-01-19","DISKOMINSA","Extra","Pengadaan Peralatan Podcast Studio Bid. PKP","0",,"0000-00-00",,NULL
"1.3.2.06.01.02.116","Head Set","0026","Headphone Flat Monitor","Headphone Flat Monitor/DS",,"Unit","541250","Pembelian","2022-01-19","DISKOMINSA","Extra","Pengadaan Peralatan Podcast Studio Bid. PKP","0",,"0000-00-00",,NULL
"1.3.2.06.01.02.116","Head Set","0027","Headphone Flat Monitor","Headphone Flat Monitor/DS",,"Unit","541250","Pembelian","2022-01-19","DISKOMINSA","Extra","Pengadaan Peralatan Podcast Studio Bid. PKP","0",,"0000-00-00",,NULL
"1.3.2.06.01.02.116","Head Set","0028","Mirrorless Digital Camera","Nikon Z7 II kit 24-70mm F",,"Unit","76175000","Pembelian","2022-03-24","DISKOMINSA","Intra","Pengadaan Kamera Foto Bid. PKP","0",,"0000-00-00",,NULL
"1.3.2.06.01.02.116","Head Set","0029","Kamera Mirorless (Body Camera, Lensa kit 16-50mm,","Sony/A6400",,"Unit","18992100","Pembelian","2022-04-13","DISKOMINSA","Intra","Pengadaan Alat Kerja Lapangan - kamera digital mirrorless bid. PLIP","0",,"0000-00-00",,NULL
"1.3.2.06.01.02.116","Head Set","0030","Kamera Mirorless","Sony/CX 7s",,"Unit","76582000","Pembelian","2022-04-25","DISKOMINSA","Intra","Pengadaan Kamera Video bid. PKP","0",,"0000-00-00",,NULL
"1.3.2.06.01.02.127","Tas Kamera","0001",,"Tas Kamera",,"Unit","797500","Pembelian","2016-12-31","DISKOMINSA","Extra","Aksesoris Pendukung R. Studio Multimedia UPTD Telematika BA : 10/05/BA-PP/2016 (Tas Kamera)","0",,"0000-00-00",,NULL
"1.3.2.06.01.02.128","Lampu Blitz  Kamera","0001",,"Flash Light 430 EX III",,"Unit","5685500","Pembelian","2017-12-31","DISKOMINSA","Intra","Flash Light Camera -- Belanja Modal Pengadaan Peralatan Peliputan (Bid. PKP) BAST No. 202/PKP/PPTK/X","0",,"0000-00-00",,NULL
"1.3.2.06.01.02.128","Lampu Blitz  Kamera","0002",,"Nikon SB-910 Speed Light",,"Unit","8964864","Pembelian","2019-12-31","DISKOMINSA","Intra","Pengadaan Speed Light Kamera pada Diskominsa","0",,"0000-00-00",,NULL
"1.3.2.06.01.02.128","Lampu Blitz  Kamera","0003",,"Speedlight Godox TT 560 I",,"Unit","970500","Pembelian","2019-12-31","DISKOMINSA","Extra","Pekerjaan Camera Foto (PKP) (DAU)","0",,"0000-00-00",,NULL
"1.3.2.06.01.02.129","Lensa Filter","0001","Autofocus Adaptor Kamera Video","S-AF4 Mount Adapter for S",,"Unit","855000","Pembelian","2022-02-02","DISKOMINSA","Extra","Pengadaan peralatan studio video dan film (adaptor charger handycam, adaptor daya kamera, adaptor ka","0",,"0000-00-00",,NULL
"1.3.2.06.01.02.143","Connectors","0001",,"REXSUS 4K HDMI Capture",,"Unit","3135000","Pembelian","2021-12-31","DISKOMINSA","Intra","Pengadaan Sarana dan Prasarana Ruang Server Pemerintah Aceh","0",,"0000-00-00",,NULL
"1.3.2.06.01.02.143","Connectors","0002",,"REXSUS 4K HDMI Capture",,"Unit","3135000","Pembelian","2021-12-31","DISKOMINSA","Intra","Pengadaan Sarana dan Prasarana Ruang Server Pemerintah Aceh","0",,"0000-00-00",,NULL
"1.3.2.06.01.02.143","Connectors","0003",,"REXSUS 4K HDMI Capture",,"Unit","3135000","Pembelian","2021-12-31","DISKOMINSA","Intra","Pengadaan Sarana dan Prasarana Ruang Server Pemerintah Aceh","0",,"0000-00-00",,NULL
"1.3.2.06.01.02.143","Connectors","0004",,"REXSUS 4K HDMI Capture",,"Unit","3135000","Pembelian","2021-12-31","DISKOMINSA","Intra","Pengadaan Sarana dan Prasarana Ruang Server Pemerintah Aceh","0",,"0000-00-00",,NULL
"1.3.2.06.01.02.143","Connectors","0005",,"NetLine HDMI Extender",,"Unit","1980000","Pembelian","2021-12-31","DISKOMINSA","Intra","Pengadaan Sarana dan Prasarana Ruang Server Pemerintah Aceh","0",,"0000-00-00",,NULL
"1.3.2.06.01.02.143","Connectors","0006",,"NetLine HDMI Extender",,"Unit","1980000","Pembelian","2021-12-31","DISKOMINSA","Intra","Pengadaan Sarana dan Prasarana Ruang Server Pemerintah Aceh","0",,"0000-00-00",,NULL
"1.3.2.06.01.02.143","Connectors","0007",,"Vention 1 in 8 out HDMI S",,"Unit","3019000","Pembelian","2021-12-31","DISKOMINSA","Intra","Pengadaan Sarana dan Prasarana Ruang Server Pemerintah Aceh","0",,"0000-00-00",,NULL
"1.3.2.06.01.02.156","Monopod","0001",,"Monopod",,"Unit","3525500","Pembelian","2017-12-31","DISKOMINSA","Intra","Monopod Camera -- Belanja Modal Pengadaan Peralatan Peliputan (Bid. PKP) BAST No. 202/PKP/PPTK/XI/20","0",,"0000-00-00",,NULL
"1.3.2.06.01.02.156","Monopod","0002",,"Monopod OWLDOLLY Mini Sta",,"Unit","3325500","Pembelian","2017-12-31","DISKOMINSA","Intra","Monopod Camera -- Belanja Modal Pengadaan Peralatan Peliputan (Bid. PKP) BAST No. 202/PKP/PPTK/XI/20","0",,"0000-00-00",,NULL
"1.3.2.06.01.02.156","Monopod","0003","Gimbal Kamera Digital/Action Cam","DJI Osmos Mobile 6",,"Unit","7776000","Pembelian","2022-11-07","DISKOMINSA","Intra","Pengadaan Gimbal Kamera Digital/Action Cam - Bid. PKP","0",,"0000-00-00",,NULL
"1.3.2.06.01.02.158","Computer Editing","0001",,"Matrox / RTX 100",,"Unit","6825500","Pembelian","2013-12-31","DISKOMINSA","Intra","Card Editing","0",,"0000-00-00",,NULL
"1.3.2.06.01.02.162","Video Splitter","0001",,"HD Videowall Controller Y",,"Unit","22744000","Pembelian","2019-12-31","DISKOMINSA","Intra","Pengadaan Perangkat Multimedia Penunjang NOC (MIGAS ACEH)","0",,"0000-00-00",,NULL
"1.3.2.06.01.02.162","Video Splitter","0002",,"3x3 HDMI Video-Wall Contr",,"Unit","16500000","Pembelian","2020-12-31","DISKOMINSA","Intra","Pengadaan Perangkat Penunjang NOC (dana otsus)/Rp.43.924.760","0",,"0000-00-00",,NULL
"1.3.2.06.01.02.163","Camera Conference","0001",,"Aver VC520 Pro",,"Unit","31680000","Pembelian","2020-12-31","DISKOMINSA","Intra","Pengadaan Perangkat Meeting Vicon (Covid-19) (dana otsus)/Rp.182.930.000","0",,"0000-00-00",,NULL
"1.3.2.06.01.02.163","Camera Conference","0002",,"Aver VC520 Pro",,"Unit","31680000","Pembelian","2020-12-31","DISKOMINSA","Intra","Pengadaan Perangkat Meeting Vicon (Covid-19) (dana otsus)/Rp.182.930.000","0",,"0000-00-00",,NULL
"1.3.2.06.01.02.163","Camera Conference","0003",,"Aver VC520 Pro",,"Unit","31680000","Pembelian","2020-12-31","DISKOMINSA","Intra","Pengadaan Perangkat Meeting Vicon (Covid-19) (dana otsus)/Rp.182.930.000","0",,"0000-00-00",,NULL
"1.3.2.06.01.02.163","Camera Conference","0004",,"Aver VC520 Pro",,"Unit","31680000","Pembelian","2020-12-31","DISKOMINSA","Intra","Pengadaan Perangkat Meeting Vicon (Covid-19) (dana otsus)/Rp.182.930.000","0",,"0000-00-00",,NULL
"1.3.2.06.01.02.163","Camera Conference","0005",,"Aver VC520 Pro",,"Unit","31680000","Pembelian","2020-12-31","DISKOMINSA","Intra","Pengadaan Perangkat Meeting Vicon (Covid-19) (dana otsus)/Rp.182.930.000","0",,"0000-00-00",,NULL
"1.3.2.06.01.02.163","Camera Conference","0006",,"Aver VC322",,"Unit","24530000","Pembelian","2020-12-31","DISKOMINSA","Intra","Pengadaan Perangkat Meeting Vicon (Covid-19) (dana otsus)/Rp.182.930.000","0",,"0000-00-00",,NULL
"1.3.2.06.01.02.163","Camera Conference","0007",,"Aver VC520 Pro",,"Unit","32725000","Pembelian","2021-12-31","DISKOMINSA","Intra","Belanja Modal Alat Studio Lainnya (kamera teleconference virtual meeting) (silpaotsus aceh)","0",,"0000-00-00",,NULL
"1.3.2.06.01.02.163","Camera Conference","0008","Camera Video Conference","Aver VC520 PRO 2",,"Unit","29112000","Pembelian","2022-11-28","DISKOMINSA","Intra","Pengadaan Camera Video Conference","0",,"0000-00-00",,NULL
"1.3.2.06.01.02.163","Camera Conference","0009","Camera Video Conference","Aver VC520 PRO 2",,"Unit","29112000","Pembelian","2022-11-28","DISKOMINSA","Intra","Pengadaan Camera Video Conference","0",,"0000-00-00",,NULL
"1.3.2.06.01.02.166","Unmanned Aerial Vehicle (Drone)","0001",,"Drone DJI Phantom 4",,"Unit","46640000","Pembelian","2016-12-31","DISKOMINSA","Intra","Drone DJI Phantom 4 + Tas Rp.4.015.000 + Baterai Rp.6.820.000 + Propeller Rp. 2.420.000 + Monitor sa","0",,"0000-00-00",,NULL
"1.3.2.06.01.02.166","Unmanned Aerial Vehicle (Drone)","0002",,"DJI Mavic Platinum",,"Unit","37369000","Pembelian","2017-12-31","DISKOMINSA","Intra","Drone DJI Mavic Platinum + aksesoris -- Belanja Modal Pengadaan Peralatan Studio Visual (UPTD Seuram","0",,"0000-00-00",,NULL
"1.3.2.06.01.04.052","Mesin Pembuat ID Card","0001","ID Card Printer","HID Fargo/DTC 1500",,"Unit","35530000","Pembelian","2022-03-07","DISKOMINSA","Intra","Pengadaan ID Card Printer","0",,"0000-00-00",,NULL
"1.3.2.06.01.05.023","Kompas Geologi","0001",,"Kompas",,"Unit","2387000","Pembelian","2016-12-31","DISKOMINSA","Intra","Fasilitas Pendukung Jaringan Komunikasi UPTD Telematika BA : 10/01/BA-PP/2016","0",,"0000-00-00",,NULL
"1.3.2.06.01.05.023","Kompas Geologi","0002",,"Kompas",,"Unit","2387000","Pembelian","2016-12-31","DISKOMINSA","Intra","Fasilitas Pendukung Jaringan Komunikasi UPTD Telematika BA : 10/01/BA-PP/2016","0",,"0000-00-00",,NULL
"1.3.2.06.01.05.025","Altimeter (Peralatan Studio
Pemetaan/peralatan Ukur Tanah)","0001",,"Altitude Meter",,"Unit","3982000","Pembelian","2016-12-31","DISKOMINSA","Intra","Fasilitas Pendukung Jaringan Komunikasi UPTD Telematika BA : 10/01/BA-PP/2016","0",,"0000-00-00",,NULL
"1.3.2.06.01.05.025","Altimeter (Peralatan Studio
Pemetaan/peralatan Ukur Tanah)","0002",,"Altitude Meter",,"Unit","3982000","Pembelian","2016-12-31","DISKOMINSA","Intra","Fasilitas Pendukung Jaringan Komunikasi UPTD Telematika BA : 10/01/BA-PP/2016","0",,"0000-00-00",,NULL
"1.3.2.06.01.05.035","Kompas (Peralatan Studio
Pemetaan/peralatan Ukur Tanah)","0001",,"Silva",,"Unit","635800","Pembelian","2008-12-31","DISKOMINSA","Extra","Reklas dari TDF (2020), Kompas","0",,"0000-00-00",,NULL
"1.3.2.06.01.05.035","Kompas (Peralatan Studio
Pemetaan/peralatan Ukur Tanah)","0002",,"Silva",,"Unit","635800","Pembelian","2008-12-31","DISKOMINSA","Extra","Reklas dari TDF (2020), Kompas","0",,"0000-00-00",,NULL
"1.3.2.06.01.05.035","Kompas (Peralatan Studio
Pemetaan/peralatan Ukur Tanah)","0003",,"Silva",,"Unit","635800","Pembelian","2008-12-31","DISKOMINSA","Extra","Reklas dari TDF (2020), Kompas","0",,"0000-00-00",,NULL
"1.3.2.06.01.05.035","Kompas (Peralatan Studio
Pemetaan/peralatan Ukur Tanah)","0004",,"Silva",,"Unit","635800","Pembelian","2008-12-31","DISKOMINSA","Extra","Reklas dari TDF (2020), Kompas","0",,"0000-00-00",,NULL
"1.3.2.06.01.05.035","Kompas (Peralatan Studio
Pemetaan/peralatan Ukur Tanah)","0005",,"Silva",,"Unit","635800","Pembelian","2008-12-31","DISKOMINSA","Extra","Reklas dari TDF (2020), Kompas","0",,"0000-00-00",,NULL
"1.3.2.06.01.05.035","Kompas (Peralatan Studio
Pemetaan/peralatan Ukur Tanah)","0006",,"Silva",,"Unit","635800","Pembelian","2008-12-31","DISKOMINSA","Extra","Reklas dari TDF (2020), Kompas","0",,"0000-00-00",,NULL
"1.3.2.06.02.01.001","Telephone (PABX)","0003",,"VOIP Yealink SIP-T21(P) E",,"Unit","2567230","Pembelian","2019-12-31","DISKOMINSA","Intra","Pengadaan dan Pemasangan Telepon VOIP (DAU)","0",,"0000-00-00",,NULL
"1.3.2.06.02.01.001","Telephone (PABX)","0004",,"VOIP Yealink SIP-T21(P) E",,"Unit","2567230","Pembelian","2019-12-31","DISKOMINSA","Intra","Pengadaan dan Pemasangan Telepon VOIP (DAU)","0",,"0000-00-00",,NULL
"1.3.2.06.02.01.001","Telephone (PABX)","0005",,"VOIP Yealink SIP-T21(P) E",,"Unit","2567230","Pembelian","2019-12-31","DISKOMINSA","Intra","Pengadaan dan Pemasangan Telepon VOIP (DAU)","0",,"0000-00-00",,NULL
"1.3.2.06.02.01.001","Telephone (PABX)","0006",,"VOIP Yealink SIP-T21(P) E",,"Unit","2567230","Pembelian","2019-12-31","DISKOMINSA","Intra","Pengadaan dan Pemasangan Telepon VOIP (DAU)","0",,"0000-00-00",,NULL
"1.3.2.06.02.01.001","Telephone (PABX)","0007",,"VOIP Yealink SIP-T21(P) E",,"Unit","2567230","Pembelian","2019-12-31","DISKOMINSA","Intra","Pengadaan dan Pemasangan Telepon VOIP (DAU)","0",,"0000-00-00",,NULL
"1.3.2.06.02.01.001","Telephone (PABX)","0008",,"VOIP Yealink SIP-T21(P) E",,"Unit","2567230","Pembelian","2019-12-31","DISKOMINSA","Intra","Pengadaan dan Pemasangan Telepon VOIP (DAU)","0",,"0000-00-00",,NULL
"1.3.2.06.02.01.001","Telephone (PABX)","0009",,"VOIP Yealink SIP-T21(P) E",,"Unit","2567230","Pembelian","2019-12-31","DISKOMINSA","Intra","Pengadaan dan Pemasangan Telepon VOIP (DAU)","0",,"0000-00-00",,NULL
"1.3.2.06.02.01.001","Telephone (PABX)","0010",,"VOIP Yealink SIP-T21(P) E",,"Unit","2567230","Pembelian","2019-12-31","DISKOMINSA","Intra","Pengadaan dan Pemasangan Telepon VOIP (DAU)","0",,"0000-00-00",,NULL
"1.3.2.06.02.01.001","Telephone (PABX)","0011",,"VOIP Yealink SIP-T21(P) E",,"Unit","2567230","Pembelian","2019-12-31","DISKOMINSA","Intra","Pengadaan dan Pemasangan Telepon VOIP (DAU)","0",,"0000-00-00",,NULL
"1.3.2.06.02.01.001","Telephone (PABX)","0012",,"VOIP Yealink SIP-T21(P) E",,"Unit","2567230","Pembelian","2019-12-31","DISKOMINSA","Intra","Pengadaan dan Pemasangan Telepon VOIP (DAU)","0",,"0000-00-00",,NULL
"1.3.2.06.02.01.001","Telephone (PABX)","0013",,"VOIP Yealink SIP-T21(P) E",,"Unit","2567230","Pembelian","2019-12-31","DISKOMINSA","Intra","Pengadaan dan Pemasangan Telepon VOIP (DAU)","0",,"0000-00-00",,NULL
"1.3.2.06.02.01.001","Telephone (PABX)","0014",,"VOIP Yealink SIP-T21(P) E",,"Unit","2567230","Pembelian","2019-12-31","DISKOMINSA","Intra","Pengadaan dan Pemasangan Telepon VOIP (DAU)","0",,"0000-00-00",,NULL
"1.3.2.06.02.01.001","Telephone (PABX)","0015",,"VOIP Yealink SIP-T21(P) E",,"Unit","2567240","Pembelian","2019-12-31","DISKOMINSA","Intra","Pengadaan dan Pemasangan Telepon VOIP (DAU)","0",,"0000-00-00",,NULL
"1.3.2.06.02.01.003","Pesawat Telephone","0040",,"IP Phone Unit / Yealink T",,"Unit","3597900","Pembelian","2017-12-31","DISKOMINSA","Intra","IP Phone Unit -- Pemeliharaan Jaringan BAST No. 032/BAST/PPTK-SEKRETARIAT/VIII/2017 Tgl. 28/08/2017","0",,"0000-00-00",,NULL
"1.3.2.06.02.01.003","Pesawat Telephone","0041",,"IP Phone Unit / Yealink T",,"Unit","3597900","Pembelian","2017-12-31","DISKOMINSA","Intra","IP Phone Unit -- Pemeliharaan Jaringan BAST No. 032/BAST/PPTK-SEKRETARIAT/VIII/2017 Tgl. 28/08/2017","0",,"0000-00-00",,NULL
"1.3.2.06.02.01.003","Pesawat Telephone","0042",,"IP Phone Unit / Yealink T",,"Unit","3597900","Pembelian","2017-12-31","DISKOMINSA","Intra","IP Phone Unit -- Pemeliharaan Jaringan BAST No. 032/BAST/PPTK-SEKRETARIAT/VIII/2017 Tgl. 28/08/2017","0",,"0000-00-00",,NULL
"1.3.2.06.02.01.003","Pesawat Telephone","0043",,"IP Phone Unit / Yealink T",,"Unit","3597900","Pembelian","2017-12-31","DISKOMINSA","Intra","IP Phone Unit -- Pemeliharaan Jaringan BAST No. 032/BAST/PPTK-SEKRETARIAT/VIII/2017 Tgl. 28/08/2017","0",,"0000-00-00",,NULL
"1.3.2.06.02.01.003","Pesawat Telephone","0044",,"IP Phone Unit / Yealink T",,"Unit","3597900","Pembelian","2017-12-31","DISKOMINSA","Intra","IP Phone Unit -- Pemeliharaan Jaringan BAST No. 032/BAST/PPTK-SEKRETARIAT/VIII/2017 Tgl. 28/08/2017","0",,"0000-00-00",,NULL
"1.3.2.06.02.01.003","Pesawat Telephone","0045",,"IP Phone Unit / Yealink T",,"Unit","3597900","Pembelian","2017-12-31","DISKOMINSA","Intra","IP Phone Unit -- Pemeliharaan Jaringan BAST No. 032/BAST/PPTK-SEKRETARIAT/VIII/2017 Tgl. 28/08/2017","0",,"0000-00-00",,NULL
"1.3.2.06.02.01.003","Pesawat Telephone","0046",,"IP Phone Unit / Yealink T",,"Unit","3597900","Pembelian","2017-12-31","DISKOMINSA","Intra","IP Phone Unit -- Pemeliharaan Jaringan BAST No. 032/BAST/PPTK-SEKRETARIAT/VIII/2017 Tgl. 28/08/2017","0",,"0000-00-00",,NULL
"1.3.2.06.02.01.003","Pesawat Telephone","0047",,"IP Phone Unit / Yealink T",,"Unit","3597900","Pembelian","2017-12-31","DISKOMINSA","Intra","IP Phone Unit -- Pemeliharaan Jaringan BAST No. 032/BAST/PPTK-SEKRETARIAT/VIII/2017 Tgl. 28/08/2017","0",,"0000-00-00",,NULL
"1.3.2.06.02.01.003","Pesawat Telephone","0048",,"IP Phone Unit / Yealink T",,"Unit","3597900","Pembelian","2017-12-31","DISKOMINSA","Intra","IP Phone Unit -- Pemeliharaan Jaringan BAST No. 032/BAST/PPTK-SEKRETARIAT/VIII/2017 Tgl. 28/08/2017","0",,"0000-00-00",,NULL
"1.3.2.06.02.01.003","Pesawat Telephone","0049",,"IP Phone Unit / Yealink T",,"Unit","3597900","Pembelian","2017-12-31","DISKOMINSA","Intra","IP Phone Unit -- Pemeliharaan Jaringan BAST No. 032/BAST/PPTK-SEKRETARIAT/VIII/2017 Tgl. 28/08/2017","0",,"0000-00-00",,NULL
"1.3.2.06.02.01.003","Pesawat Telephone","0050",,"IP Phone Unit / Yealink T",,"Unit","3597900","Pembelian","2017-12-31","DISKOMINSA","Intra","IP Phone Unit -- Pemeliharaan Jaringan BAST No. 032/BAST/PPTK-SEKRETARIAT/VIII/2017 Tgl. 28/08/2017","0",,"0000-00-00",,NULL
"1.3.2.06.02.01.003","Pesawat Telephone","0051",,"IP Phone Unit / Yealink T",,"Unit","3597900","Pembelian","2017-12-31","DISKOMINSA","Intra","IP Phone Unit -- Pemeliharaan Jaringan BAST No. 032/BAST/PPTK-SEKRETARIAT/VIII/2017 Tgl. 28/08/2017","0",,"0000-00-00",,NULL
"1.3.2.06.02.01.003","Pesawat Telephone","0052",,"IP Phone Unit / Yealink T",,"Unit","3597900","Pembelian","2017-12-31","DISKOMINSA","Intra","IP Phone Unit -- Pemeliharaan Jaringan BAST No. 032/BAST/PPTK-SEKRETARIAT/VIII/2017 Tgl. 28/08/2017","0",,"0000-00-00",,NULL
"1.3.2.06.02.01.003","Pesawat Telephone","0053",,"IP Phone Unit / Yealink T",,"Unit","3597900","Pembelian","2017-12-31","DISKOMINSA","Intra","IP Phone Unit -- Pemeliharaan Jaringan BAST No. 032/BAST/PPTK-SEKRETARIAT/VIII/2017 Tgl. 28/08/2017","0",,"0000-00-00",,NULL
"1.3.2.06.02.01.003","Pesawat Telephone","0054",,"Yeastar / S100",,"Unit","20000000","Pembelian","2017-12-31","DISKOMINSA","Intra","IP PABX Main Unit -- Pemeliharaan Jaringan BAST No. 032/BAST/PPTK-SEKRETARIAT/VIII/2017 Tgl. 28/08/2","0",,"0000-00-00",,NULL
"1.3.2.06.02.01.004","Telephone Mobile","0001","Apple iPhone Pro 128 GB Internal Memory","Apple iPhone Pro",,"Unit","25608000","Pembelian","2022-03-14","DISKOMINSA","Intra","Pengadaan iPhone (Tim SIAT Dev)","0",,"0000-00-00",,NULL
"1.3.2.06.02.01.004","Telephone Mobile","0002","Handphone Android","Xiaomi Redmi Note 10",,"Unit","3454000","Pembelian","2022-11-23","DISKOMINSA","Intra","Pengadaan Handphone - Bid. E-Gov","0",,"0000-00-00",,NULL
"1.3.2.06.02.01.006","Handy Talky (HT)","0001",,,,"Unit","6416700","Pembelian","2009-12-31","DISKOMINSA","Intra","HT","0",,"0000-00-00",,NULL
"1.3.2.06.02.01.006","Handy Talky (HT)","0002",,,,"Unit","6416700","Pembelian","2009-12-31","DISKOMINSA","Intra","HT","0",,"0000-00-00",,NULL
"1.3.2.06.02.01.006","Handy Talky (HT)","0003",,,,"Unit","6416700","Pembelian","2009-12-31","DISKOMINSA","Intra","HT","0",,"0000-00-00",,NULL
"1.3.2.06.02.01.006","Handy Talky (HT)","0004",,,,"Unit","6416700","Pembelian","2009-12-31","DISKOMINSA","Intra","HT","0",,"0000-00-00",,NULL
"1.3.2.06.02.01.006","Handy Talky (HT)","0005",,,,"Unit","6416700","Pembelian","2009-12-31","DISKOMINSA","Intra","HT","0",,"0000-00-00",,NULL
"1.3.2.06.02.01.006","Handy Talky (HT)","0006",,,,"Unit","6416700","Pembelian","2009-12-31","DISKOMINSA","Intra","HT","0",,"0000-00-00",,NULL
"1.3.2.06.02.01.006","Handy Talky (HT)","0007",,,,"Unit","6416700","Pembelian","2009-12-31","DISKOMINSA","Intra","HT","0",,"0000-00-00",,NULL
"1.3.2.06.02.01.006","Handy Talky (HT)","0008",,,,"Unit","6416700","Pembelian","2009-12-31","DISKOMINSA","Intra","HT","0",,"0000-00-00",,NULL
"1.3.2.06.02.01.006","Handy Talky (HT)","0009",,,,"Unit","6416700","Pembelian","2009-12-31","DISKOMINSA","Intra","HT","0",,"0000-00-00",,NULL
"1.3.2.06.02.01.006","Handy Talky (HT)","0010",,,,"Unit","6416700","Pembelian","2009-12-31","DISKOMINSA","Intra","HT","0",,"0000-00-00",,NULL
"1.3.2.06.02.01.006","Handy Talky (HT)","0011",,,,"Unit","6416700","Pembelian","2009-12-31","DISKOMINSA","Intra","HT","0",,"0000-00-00",,NULL
"1.3.2.06.02.01.006","Handy Talky (HT)","0012",,,,"Unit","6416300","Pembelian","2009-12-31","DISKOMINSA","Intra","HT","0",,"0000-00-00",,NULL
"1.3.2.06.02.01.006","Handy Talky (HT)","0013",,"ICOM / IC-V80",,"Unit","2029500","Pembelian","2011-12-31","DISKOMINSA","Intra","Radio HF/FM (Handy Talkie) Petugas Lapangan Jarkom","0",,"0000-00-00",,NULL
"1.3.2.06.02.01.006","Handy Talky (HT)","0014",,"ICOM / IC-V80",,"Unit","2029500","Pembelian","2011-12-31","DISKOMINSA","Intra","Radio HF/FM (Handy Talkie) Petugas Lapangan Jarkom","0",,"0000-00-00",,NULL
"1.3.2.06.02.01.006","Handy Talky (HT)","0015",,"ICOM / IC-V80",,"Unit","2029500","Pembelian","2011-12-31","DISKOMINSA","Intra","Radio HF/FM (Handy Talkie) Petugas Lapangan Jarkom","0",,"0000-00-00",,NULL
"1.3.2.06.02.01.006","Handy Talky (HT)","0016",,"ICOM / IC-V80",,"Unit","2029500","Pembelian","2011-12-31","DISKOMINSA","Intra","Radio HF/FM (Handy Talkie) Petugas Lapangan Jarkom","0",,"0000-00-00",,NULL
"1.3.2.06.02.01.006","Handy Talky (HT)","0017",,"ICOM / IC-V80",,"Unit","2029500","Pembelian","2011-12-31","DISKOMINSA","Intra","Radio HF/FM (Handy Talkie) Petugas Lapangan Jarkom","0",,"0000-00-00",,NULL
"1.3.2.06.02.01.006","Handy Talky (HT)","0018",,"ICOM / IC-V80",,"Unit","2029500","Pembelian","2011-12-31","DISKOMINSA","Intra","Radio HF/FM (Handy Talkie) Petugas Lapangan Jarkom","0",,"0000-00-00",,NULL
"1.3.2.06.02.01.006","Handy Talky (HT)","0019",,"ICOM / IC-V80",,"Unit","2029500","Pembelian","2011-12-31","DISKOMINSA","Intra","Radio HF/FM (Handy Talkie) Petugas Lapangan Jarkom","0",,"0000-00-00",,NULL
"1.3.2.06.02.01.006","Handy Talky (HT)","0020",,"ICOM / IC-V80",,"Unit","2029500","Pembelian","2011-12-31","DISKOMINSA","Intra","Radio HF/FM (Handy Talkie) Petugas Lapangan Jarkom","0",,"0000-00-00",,NULL
"1.3.2.06.02.01.006","Handy Talky (HT)","0021",,"ICOM / IC-V80",,"Unit","2029500","Pembelian","2011-12-31","DISKOMINSA","Intra","Radio HF/FM (Handy Talkie) Petugas Lapangan Jarkom","0",,"0000-00-00",,NULL
"1.3.2.06.02.01.006","Handy Talky (HT)","0022",,"ICOM / IC-V80",,"Unit","2029500","Pembelian","2011-12-31","DISKOMINSA","Intra","Radio HF/FM (Handy Talkie) Petugas Lapangan Jarkom","0",,"0000-00-00",,NULL
"1.3.2.06.02.01.006","Handy Talky (HT)","0023",,"ICOM / IC-V80",,"Unit","2029500","Pembelian","2011-12-31","DISKOMINSA","Intra","Radio HF/FM (Handy Talkie) Petugas Lapangan Jarkom","0",,"0000-00-00",,NULL
"1.3.2.06.02.01.006","Handy Talky (HT)","0024",,"ICOM / IC-V80",,"Unit","2029500","Pembelian","2011-12-31","DISKOMINSA","Intra","Radio HF/FM (Handy Talkie) Petugas Lapangan Jarkom","0",,"0000-00-00",,NULL
"1.3.2.06.02.01.006","Handy Talky (HT)","0025",,"Motorolla / GP338",,"Unit","4229000","Pembelian","2013-12-31","DISKOMINSA","Intra","HT. Subulussalam","0",,"0000-00-00",,NULL
"1.3.2.06.02.01.006","Handy Talky (HT)","0026",,"Motorolla / GP338",,"Unit","4229000","Pembelian","2013-12-31","DISKOMINSA","Intra","HT. Subulussalam","0",,"0000-00-00",,NULL
"1.3.2.06.02.01.006","Handy Talky (HT)","0027",,"Motorolla / GP338",,"Unit","4229000","Pembelian","2013-12-31","DISKOMINSA","Intra","HT. Subulussalam","0",,"0000-00-00",,NULL
"1.3.2.06.02.01.006","Handy Talky (HT)","0028",,"Motorolla / GP338",,"Unit","4229000","Pembelian","2013-12-31","DISKOMINSA","Intra","HT. Subulussalam","0",,"0000-00-00",,NULL
"1.3.2.06.02.01.006","Handy Talky (HT)","0029",,"Motorolla / GP338",,"Unit","4229000","Pembelian","2013-12-31","DISKOMINSA","Intra","HT. Subulussalam","0",,"0000-00-00",,NULL
"1.3.2.06.02.01.006","Handy Talky (HT)","0030",,"Motorolla / GP338",,"Unit","4229000","Pembelian","2013-12-31","DISKOMINSA","Intra","HT. Subulussalam","0",,"0000-00-00",,NULL
"1.3.2.06.02.01.006","Handy Talky (HT)","0031",,"Motorolla / GP338",,"Unit","4229000","Pembelian","2013-12-31","DISKOMINSA","Intra","Reklas dari TDF (2020), HT. Subulussalam","0",,"0000-00-00",,NULL
"1.3.2.06.02.01.006","Handy Talky (HT)","0032",,"Motorolla / GP338",,"Unit","4229000","Pembelian","2013-12-31","DISKOMINSA","Intra","Reklas dari TDF (2020), HT. Subulussalam","0",,"0000-00-00",,NULL
"1.3.2.06.02.01.006","Handy Talky (HT)","0033",,"Yaesu / Yaesu VX-6R",,"Unit","3410000","Pembelian","2015-12-31","DISKOMINSA","Intra","Postel/BA: 06/05/BA-PP/2015 (Radio HT)","0",,"0000-00-00",,NULL
"1.3.2.06.02.01.006","Handy Talky (HT)","0034",,"Yaesu / Yaesu VX-6R",,"Unit","3410000","Pembelian","2015-12-31","DISKOMINSA","Intra","Postel/BA: 06/05/BA-PP/2015 (Radio HT)","0",,"0000-00-00",,NULL
"1.3.2.06.02.01.006","Handy Talky (HT)","0035",,"WEIRWEI V8 PLUS / HT Oper",,"Unit","3750000","Pembelian","2015-12-31","DISKOMINSA","Intra","UPTD Telematika/BA: 10/19/BA-PP/2015 (HT Operasional )","0",,"0000-00-00",,NULL
"1.3.2.06.02.01.006","Handy Talky (HT)","0036",,"WEIRWEI V8 PLUS / HT Oper",,"Unit","3750000","Pembelian","2015-12-31","DISKOMINSA","Intra","UPTD Telematika/BA: 10/19/BA-PP/2015 (HT Operasional )","0",,"0000-00-00",,NULL
"1.3.2.06.02.01.006","Handy Talky (HT)","0037",,"WEIRWEI V8 PLUS / HT Oper",,"Unit","3750000","Pembelian","2015-12-31","DISKOMINSA","Intra","UPTD Telematika/BA: 10/19/BA-PP/2015 (HT Operasional )","0",,"0000-00-00",,NULL
"1.3.2.06.02.01.006","Handy Talky (HT)","0038",,"WEIRWEI V8 PLUS / HT Oper",,"Unit","3750000","Pembelian","2015-12-31","DISKOMINSA","Intra","UPTD Telematika/BA: 10/19/BA-PP/2015 (HT Operasional )","0",,"0000-00-00",,NULL
"1.3.2.06.02.01.006","Handy Talky (HT)","0039",,"WEIRWEI V8 PLUS / HT Oper",,"Unit","3750000","Pembelian","2015-12-31","DISKOMINSA","Intra","UPTD Telematika/BA: 10/19/BA-PP/2015 (HT Operasional )","0",,"0000-00-00",,NULL
"1.3.2.06.02.01.006","Handy Talky (HT)","0040",,"WEIRWEI V8 PLUS / HT Oper",,"Unit","3750000","Pembelian","2015-12-31","DISKOMINSA","Intra","UPTD Telematika/BA: 10/19/BA-PP/2015 (HT Operasional )","0",,"0000-00-00",,NULL
"1.3.2.06.02.01.006","Handy Talky (HT)","0041",,"Motorola",,"Unit","8447500","Pembelian","2015-12-31","DISKOMINSA","Intra","UPTD Telematika/BA: 10/18/BA-PP/2015 (HT Operasional UPTD Telematika)","0",,"0000-00-00",,NULL
"1.3.2.06.02.01.006","Handy Talky (HT)","0042",,"Motorola",,"Unit","8447500","Pembelian","2015-12-31","DISKOMINSA","Intra","UPTD Telematika/BA: 10/18/BA-PP/2015 (HT Operasional UPTD Telematika)","0",,"0000-00-00",,NULL
"1.3.2.06.02.01.006","Handy Talky (HT)","0043",,"Motorola",,"Unit","8447500","Pembelian","2015-12-31","DISKOMINSA","Intra","UPTD Telematika/BA: 10/18/BA-PP/2015 (HT Operasional UPTD Telematika)","0",,"0000-00-00",,NULL
"1.3.2.06.02.01.006","Handy Talky (HT)","0044",,"Motorola",,"Unit","8447500","Pembelian","2015-12-31","DISKOMINSA","Intra","UPTD Telematika/BA: 10/18/BA-PP/2015 (HT Operasional UPTD Telematika)","0",,"0000-00-00",,NULL
"1.3.2.06.02.01.006","Handy Talky (HT)","0045",,"Motorola",,"Unit","8447500","Pembelian","2015-12-31","DISKOMINSA","Intra","UPTD Telematika/BA: 10/18/BA-PP/2015 (HT Operasional UPTD Telematika)","0",,"0000-00-00",,NULL
"1.3.2.06.02.01.006","Handy Talky (HT)","0046",,"Motorola",,"Unit","8447500","Pembelian","2015-12-31","DISKOMINSA","Intra","UPTD Telematika/BA: 10/18/BA-PP/2015 (HT Operasional UPTD Telematika)","0",,"0000-00-00",,NULL
"1.3.2.06.02.01.006","Handy Talky (HT)","0047",,"Motorola",,"Unit","8447500","Pembelian","2015-12-31","DISKOMINSA","Intra","UPTD Telematika/BA: 10/18/BA-PP/2015 (HT Operasional UPTD Telematika)","0",,"0000-00-00",,NULL
"1.3.2.06.02.01.006","Handy Talky (HT)","0048",,"Motorola",,"Unit","8447500","Pembelian","2015-12-31","DISKOMINSA","Intra","UPTD Telematika/BA: 10/18/BA-PP/2015 (HT Operasional UPTD Telematika)","0",,"0000-00-00",,NULL
"1.3.2.06.02.01.006","Handy Talky (HT)","0049",,"HT Operasional",,"Unit","1540000","Pembelian","2016-12-31","DISKOMINSA","Intra","Radio Base 5 Lokasi UPTD Telematika BA : 10/04/BA-PP/2016 (HT Operasional)","0",,"0000-00-00",,NULL
"1.3.2.06.02.01.006","Handy Talky (HT)","0050",,"HT Operasional",,"Unit","1540000","Pembelian","2016-12-31","DISKOMINSA","Intra","Radio Base 5 Lokasi UPTD Telematika BA : 10/04/BA-PP/2016 (HT Operasional)","0",,"0000-00-00",,NULL
"1.3.2.06.02.01.006","Handy Talky (HT)","0051",,"HT Operasional",,"Unit","1540000","Pembelian","2016-12-31","DISKOMINSA","Intra","Radio Base 5 Lokasi UPTD Telematika BA : 10/04/BA-PP/2016 (HT Operasional)","0",,"0000-00-00",,NULL
"1.3.2.06.02.01.006","Handy Talky (HT)","0052",,"HT Operasional",,"Unit","1540000","Pembelian","2016-12-31","DISKOMINSA","Intra","Radio Base 5 Lokasi UPTD Telematika BA : 10/04/BA-PP/2016 (HT Operasional)","0",,"0000-00-00",,NULL
"1.3.2.06.02.01.006","Handy Talky (HT)","0053",,"HT Operasional",,"Unit","1540000","Pembelian","2016-12-31","DISKOMINSA","Intra","Radio Base 5 Lokasi UPTD Telematika BA : 10/04/BA-PP/2016 (HT Operasional)","0",,"0000-00-00",,NULL
"1.3.2.06.02.01.006","Handy Talky (HT)","0054",,"HT Operasional",,"Unit","1540000","Pembelian","2016-12-31","DISKOMINSA","Intra","Radio Base 5 Lokasi UPTD Telematika BA : 10/04/BA-PP/2016 (HT Operasional)","0",,"0000-00-00",,NULL
"1.3.2.06.02.01.006","Handy Talky (HT)","0055",,"HT Operasional",,"Unit","1540000","Pembelian","2016-12-31","DISKOMINSA","Intra","Radio Base 5 Lokasi UPTD Telematika BA : 10/04/BA-PP/2016 (HT Operasional)","0",,"0000-00-00",,NULL
"1.3.2.06.02.01.006","Handy Talky (HT)","0056",,"HT Operasional",,"Unit","1540000","Pembelian","2016-12-31","DISKOMINSA","Intra","Radio Base 5 Lokasi UPTD Telematika BA : 10/04/BA-PP/2016 (HT Operasional)","0",,"0000-00-00",,NULL
"1.3.2.06.02.01.006","Handy Talky (HT)","0057",,"HT Operasional",,"Unit","1540000","Pembelian","2016-12-31","DISKOMINSA","Intra","Radio Base 5 Lokasi UPTD Telematika BA : 10/04/BA-PP/2016 (HT Operasional)","0",,"0000-00-00",,NULL
"1.3.2.06.02.01.006","Handy Talky (HT)","0058",,"HT Operasional",,"Unit","1540000","Pembelian","2016-12-31","DISKOMINSA","Intra","Radio Base 5 Lokasi UPTD Telematika BA : 10/04/BA-PP/2016 (HT Operasional)","0",,"0000-00-00",,NULL
"1.3.2.06.02.01.006","Handy Talky (HT)","0059",,"HT Operasional",,"Unit","1540000","Pembelian","2016-12-31","DISKOMINSA","Intra","Radio Base 5 Lokasi UPTD Telematika BA : 10/04/BA-PP/2016 (HT Operasional)","0",,"0000-00-00",,NULL
"1.3.2.06.02.01.006","Handy Talky (HT)","0060",,"HT Operasional",,"Unit","1540000","Pembelian","2016-12-31","DISKOMINSA","Intra","Radio Base 5 Lokasi UPTD Telematika BA : 10/04/BA-PP/2016 (HT Operasional)","0",,"0000-00-00",,NULL
"1.3.2.06.02.01.006","Handy Talky (HT)","0061",,"HT Operasional",,"Unit","1540000","Pembelian","2016-12-31","DISKOMINSA","Intra","Radio Base 5 Lokasi UPTD Telematika BA : 10/04/BA-PP/2016 (HT Operasional)","0",,"0000-00-00",,NULL
"1.3.2.06.02.01.006","Handy Talky (HT)","0062",,"HT Operasional",,"Unit","1540000","Pembelian","2016-12-31","DISKOMINSA","Intra","Radio Base 5 Lokasi UPTD Telematika BA : 10/04/BA-PP/2016 (HT Operasional)","0",,"0000-00-00",,NULL
"1.3.2.06.02.01.006","Handy Talky (HT)","0063",,"HT Operasional",,"Unit","1540000","Pembelian","2016-12-31","DISKOMINSA","Intra","Radio Base 5 Lokasi UPTD Telematika BA : 10/04/BA-PP/2016 (HT Operasional)","0",,"0000-00-00",,NULL
"1.3.2.06.02.01.006","Handy Talky (HT)","0064",,"HT Operasional",,"Unit","1540000","Pembelian","2016-12-31","DISKOMINSA","Intra","Radio Base 5 Lokasi UPTD Telematika BA : 10/04/BA-PP/2016 (HT Operasional)","0",,"0000-00-00",,NULL
"1.3.2.06.02.01.006","Handy Talky (HT)","0065",,"HT Operasional",,"Unit","1540000","Pembelian","2016-12-31","DISKOMINSA","Intra","Radio Base 5 Lokasi UPTD Telematika BA : 10/04/BA-PP/2016 (HT Operasional)","0",,"0000-00-00",,NULL
"1.3.2.06.02.01.006","Handy Talky (HT)","0066",,"HT Operasional",,"Unit","1540000","Pembelian","2016-12-31","DISKOMINSA","Intra","Radio Base 5 Lokasi UPTD Telematika BA : 10/04/BA-PP/2016 (HT Operasional)","0",,"0000-00-00",,NULL
"1.3.2.05.01.05.002","CCTV - Camera Control Television System","0001",,"Avtech  / AVM428A",,"Unit","5766000","Pembelian","2015-12-31","DISKOMINSA","Intra","PSITT/BA: 07/11/BA-PP/2015(IP Camera)","0","RB","2026-01-04",,NULL
"1.3.2.06.02.01.006","Handy Talky (HT)","0068",,"HT Operasional",,"Unit","1540000","Pembelian","2016-12-31","DISKOMINSA","Intra","Radio Base 5 Lokasi UPTD Telematika BA : 10/04/BA-PP/2016 (HT Operasional)","0",,"0000-00-00",,NULL
"1.3.2.06.02.01.006","Handy Talky (HT)","0069",,"HT Operasional",,"Unit","1540000","Pembelian","2016-12-31","DISKOMINSA","Intra","Radio Base 5 Lokasi UPTD Telematika BA : 10/04/BA-PP/2016 (HT Operasional)","0",,"0000-00-00",,NULL
"1.3.2.06.02.01.006","Handy Talky (HT)","0070",,"HT Operasional",,"Unit","1540000","Pembelian","2016-12-31","DISKOMINSA","Intra","Radio Base 5 Lokasi UPTD Telematika BA : 10/04/BA-PP/2016 (HT Operasional)","0",,"0000-00-00",,NULL
"1.3.2.06.02.01.006","Handy Talky (HT)","0071",,"HT Operasional",,"Unit","1540000","Pembelian","2016-12-31","DISKOMINSA","Intra","Radio Base 5 Lokasi UPTD Telematika BA : 10/04/BA-PP/2016 (HT Operasional)","0",,"0000-00-00",,NULL
"1.3.2.06.02.01.006","Handy Talky (HT)","0072",,"HT Operasional",,"Unit","1540000","Pembelian","2016-12-31","DISKOMINSA","Intra","Radio Base 5 Lokasi UPTD Telematika BA : 10/04/BA-PP/2016 (HT Operasional)","0",,"0000-00-00",,NULL
"1.3.2.06.02.01.006","Handy Talky (HT)","0073",,"HT Operasional",,"Unit","1540000","Pembelian","2016-12-31","DISKOMINSA","Intra","Radio Base 5 Lokasi UPTD Telematika BA : 10/04/BA-PP/2016 (HT Operasional)","0",,"0000-00-00",,NULL
"1.3.2.06.02.01.006","Handy Talky (HT)","0079",,"Radio HT",,"Unit","3155500","Pembelian","2017-12-31","DISKOMINSA","Intra","Radio HT Banda Aceh -- Pengadaan Repeater VHF (Complit) Lokasi Pidie Jaya dan Banda Aceh (UPTD Telem","0",,"0000-00-00",,NULL
"1.3.2.06.02.01.006","Handy Talky (HT)","0080",,"Radio HT",,"Unit","3155500","Pembelian","2017-12-31","DISKOMINSA","Intra","Radio HT Banda Aceh -- Pengadaan Repeater VHF (Complit) Lokasi Pidie Jaya dan Banda Aceh (UPTD Telem","0",,"0000-00-00",,NULL
"1.3.2.06.02.01.006","Handy Talky (HT)","0081",,"Radio HT",,"Unit","3155500","Pembelian","2017-12-31","DISKOMINSA","Intra","Radio HT Banda Aceh -- Pengadaan Repeater VHF (Complit) Lokasi Pidie Jaya dan Banda Aceh (UPTD Telem","0",,"0000-00-00",,NULL
"1.3.2.06.02.01.006","Handy Talky (HT)","0082",,"Radio HT",,"Unit","3155500","Pembelian","2017-12-31","DISKOMINSA","Intra","Radio HT Banda Aceh -- Pengadaan Repeater VHF (Complit) Lokasi Pidie Jaya dan Banda Aceh (UPTD Telem","0",,"0000-00-00",,NULL
"1.3.2.06.02.01.006","Handy Talky (HT)","0083",,"Radio HT",,"Unit","3155500","Pembelian","2017-12-31","DISKOMINSA","Intra","Radio HT Banda Aceh -- Pengadaan Repeater VHF (Complit) Lokasi Pidie Jaya dan Banda Aceh (UPTD Telem","0",,"0000-00-00",,NULL
"1.3.2.06.02.01.006","Handy Talky (HT)","0084",,"iCom / IC-V88",,"Unit","2990000","Pembelian","2017-12-31","DISKOMINSA","Intra","Radio Handy Talky iCom -- Pengadaan Radio HF/FM Kominfo Provinsi Aceh BAST No. 28/BAST/TIK/XII/2017","0",,"0000-00-00",,NULL
"1.3.2.06.02.01.006","Handy Talky (HT)","0085",,"iCom / IC-V88",,"Unit","2990000","Pembelian","2017-12-31","DISKOMINSA","Intra","Radio Handy Talky iCom -- Pengadaan Radio HF/FM Kominfo Provinsi Aceh BAST No. 28/BAST/TIK/XII/2017","0",,"0000-00-00",,NULL
"1.3.2.06.02.01.006","Handy Talky (HT)","0086",,"iCom / IC-V88",,"Unit","2990000","Pembelian","2017-12-31","DISKOMINSA","Intra","Radio Handy Talky iCom -- Pengadaan Radio HF/FM Kominfo Provinsi Aceh BAST No. 28/BAST/TIK/XII/2017","0",,"0000-00-00",,NULL
"1.3.2.06.02.01.006","Handy Talky (HT)","0087",,"iCom / IC-V88",,"Unit","2990000","Pembelian","2017-12-31","DISKOMINSA","Intra","Radio Handy Talky iCom -- Pengadaan Radio HF/FM Kominfo Provinsi Aceh BAST No. 28/BAST/TIK/XII/2017","0",,"0000-00-00",,NULL
"1.3.2.06.02.01.006","Handy Talky (HT)","0088",,"iCom / IC-V88",,"Unit","2990000","Pembelian","2017-12-31","DISKOMINSA","Intra","Radio Handy Talky iCom -- Pengadaan Radio HF/FM Kominfo Provinsi Aceh BAST No. 28/BAST/TIK/XII/2017","0",,"0000-00-00",,NULL
"1.3.2.06.02.01.006","Handy Talky (HT)","0089",,"iCom / IC-V88",,"Unit","2990000","Pembelian","2017-12-31","DISKOMINSA","Intra","Radio Handy Talky iCom -- Pengadaan Radio HF/FM Kominfo Provinsi Aceh BAST No. 28/BAST/TIK/XII/2017","0",,"0000-00-00",,NULL
"1.3.2.06.02.01.006","Handy Talky (HT)","0090",,"iCom / IC-V88",,"Unit","2990000","Pembelian","2017-12-31","DISKOMINSA","Intra","Radio Handy Talky iCom -- Pengadaan Radio HF/FM Kominfo Provinsi Aceh BAST No. 28/BAST/TIK/XII/2017","0",,"0000-00-00",,NULL
"1.3.2.06.02.01.006","Handy Talky (HT)","0091",,"iCom / IC-V88",,"Unit","2990000","Pembelian","2017-12-31","DISKOMINSA","Intra","Radio Handy Talky iCom -- Pengadaan Radio HF/FM Kominfo Provinsi Aceh BAST No. 28/BAST/TIK/XII/2017","0",,"0000-00-00",,NULL
"1.3.2.06.02.01.006","Handy Talky (HT)","0092",,"iCom / IC-V88",,"Unit","2990000","Pembelian","2017-12-31","DISKOMINSA","Intra","Radio Handy Talky iCom -- Pengadaan Radio HF/FM Kominfo Provinsi Aceh BAST No. 28/BAST/TIK/XII/2017","0",,"0000-00-00",,NULL
"1.3.2.06.02.01.006","Handy Talky (HT)","0093",,"iCom / IC-V88",,"Unit","2990000","Pembelian","2017-12-31","DISKOMINSA","Intra","Radio Handy Talky iCom -- Pengadaan Radio HF/FM Kominfo Provinsi Aceh BAST No. 28/BAST/TIK/XII/2017","0",,"0000-00-00",,NULL
"1.3.2.06.02.01.006","Handy Talky (HT)","0094",,"iCom / IC-V88",,"Unit","2990000","Pembelian","2017-12-31","DISKOMINSA","Intra","Radio Handy Talky iCom -- Pengadaan Radio HF/FM Kominfo Provinsi Aceh BAST No. 28/BAST/TIK/XII/2017","0",,"0000-00-00",,NULL
"1.3.2.06.02.01.006","Handy Talky (HT)","0095",,"iCom / IC-V88",,"Unit","2990000","Pembelian","2017-12-31","DISKOMINSA","Intra","Radio Handy Talky iCom -- Pengadaan Radio HF/FM Kominfo Provinsi Aceh BAST No. 28/BAST/TIK/XII/2017","0",,"0000-00-00",,NULL
"1.3.2.06.02.01.006","Handy Talky (HT)","0096",,"iCom / IC-V88",,"Unit","2990000","Pembelian","2017-12-31","DISKOMINSA","Intra","Radio Handy Talky iCom -- Pengadaan Radio HF/FM Kominfo Provinsi Aceh BAST No. 28/BAST/TIK/XII/2017","0",,"0000-00-00",,NULL
"1.3.2.06.02.01.006","Handy Talky (HT)","0097",,"iCom / IC-V88",,"Unit","2990000","Pembelian","2017-12-31","DISKOMINSA","Intra","Radio Handy Talky iCom -- Pengadaan Radio HF/FM Kominfo Provinsi Aceh BAST No. 28/BAST/TIK/XII/2017","0",,"0000-00-00",,NULL
"1.3.2.06.02.01.006","Handy Talky (HT)","0098",,"iCom / IC-V88",,"Unit","2990000","Pembelian","2017-12-31","DISKOMINSA","Intra","Radio Handy Talky iCom -- Pengadaan Radio HF/FM Kominfo Provinsi Aceh BAST No. 28/BAST/TIK/XII/2017","0",,"0000-00-00",,NULL
"1.3.2.06.02.01.006","Handy Talky (HT)","0099",,"iCom / IC-V88",,"Unit","2990000","Pembelian","2017-12-31","DISKOMINSA","Intra","Radio Handy Talky iCom -- Pengadaan Radio HF/FM Kominfo Provinsi Aceh BAST No. 28/BAST/TIK/XII/2017","0",,"0000-00-00",,NULL
"1.3.2.06.02.01.006","Handy Talky (HT)","0100",,"iCom / IC-V88",,"Unit","2990000","Pembelian","2017-12-31","DISKOMINSA","Intra","Radio Handy Talky iCom -- Pengadaan Radio HF/FM Kominfo Provinsi Aceh BAST No. 28/BAST/TIK/XII/2017","0",,"0000-00-00",,NULL
"1.3.2.06.02.01.006","Handy Talky (HT)","0101",,"iCom / IC-V88",,"Unit","2990000","Pembelian","2017-12-31","DISKOMINSA","Intra","Radio Handy Talky iCom -- Pengadaan Radio HF/FM Kominfo Provinsi Aceh BAST No. 28/BAST/TIK/XII/2017","0",,"0000-00-00",,NULL
"1.3.2.06.02.01.006","Handy Talky (HT)","0102",,"iCom / IC-V88",,"Unit","2990000","Pembelian","2017-12-31","DISKOMINSA","Intra","Radio Handy Talky iCom -- Pengadaan Radio HF/FM Kominfo Provinsi Aceh BAST No. 28/BAST/TIK/XII/2017","0",,"0000-00-00",,NULL
"1.3.2.06.02.01.006","Handy Talky (HT)","0103",,"iCom / IC-V88",,"Unit","2990000","Pembelian","2017-12-31","DISKOMINSA","Intra","Radio Handy Talky iCom -- Pengadaan Radio HF/FM Kominfo Provinsi Aceh BAST No. 28/BAST/TIK/XII/2017","0",,"0000-00-00",,NULL
"1.3.2.06.02.01.006","Handy Talky (HT)","0104",,"Motorola",,"Unit","10743500","Pembelian","2018-12-31","DISKOMINSA","Intra","Pengadaan Radio HF/FM Kominfo Provinsi Aceh.","0",,"0000-00-00",,NULL
"1.3.2.06.02.01.006","Handy Talky (HT)","0105",,"Motorola",,"Unit","9880500","Pembelian","2018-12-31","DISKOMINSA","Intra","Pengadaan Radio HF/FM Kominfo Provinsi Aceh.","0",,"0000-00-00",,NULL
"1.3.2.06.02.01.006","Handy Talky (HT)","0106",,"Alat Komunikasi HT VHF Ru",,"Unit","3239500","Pembelian","2018-12-31","DISKOMINSA","Intra","Pengadaan Aksesoris Jaringan dan Listrik Data Center -- Bid. TIK","0",,"0000-00-00",,NULL
"1.3.2.06.02.01.006","Handy Talky (HT)","0107",,"Alat Komunikasi HT VHF Ru",,"Unit","3239500","Pembelian","2018-12-31","DISKOMINSA","Intra","Pengadaan Aksesoris Jaringan dan Listrik Data Center -- Bid. TIK","0",,"0000-00-00",,NULL
"1.3.2.06.02.01.006","Handy Talky (HT)","0108",,"Alat Komunikasi HT VHF Ru",,"Unit","3239500","Pembelian","2018-12-31","DISKOMINSA","Intra","Pengadaan Aksesoris Jaringan dan Listrik Data Center -- Bid. TIK","0",,"0000-00-00",,NULL
"1.3.2.06.02.01.006","Handy Talky (HT)","0109",,"Alat Komunikasi HT VHF Ru",,"Unit","3239500","Pembelian","2018-12-31","DISKOMINSA","Intra","Pengadaan Aksesoris Jaringan dan Listrik Data Center -- Bid. TIK","0",,"0000-00-00",,NULL
"1.3.2.06.02.01.006","Handy Talky (HT)","0110",,"Alat Komunikasi HT VHF Ru",,"Unit","3239500","Pembelian","2018-12-31","DISKOMINSA","Intra","Pengadaan Aksesoris Jaringan dan Listrik Data Center -- Bid. TIK","0",,"0000-00-00",,NULL
"1.3.2.06.02.01.006","Handy Talky (HT)","0111",,"Alat Komunikasi HT VHF Ru",,"Unit","3239500","Pembelian","2018-12-31","DISKOMINSA","Intra","Pengadaan Aksesoris Jaringan dan Listrik Data Center -- Bid. TIK","0",,"0000-00-00",,NULL
"1.3.2.06.02.01.006","Handy Talky (HT)","0112",,"Radio HT VHF Icom IC-V88",,"Unit","2499200","Pembelian","2019-12-31","DISKOMINSA","Intra","Pengadaan dan Konfigurasi Radio HT VHF (DAU)","0",,"0000-00-00",,NULL
"1.3.2.06.02.01.006","Handy Talky (HT)","0113",,"Radio HT VHF Icom IC-V88",,"Unit","2499200","Pembelian","2019-12-31","DISKOMINSA","Intra","Pengadaan dan Konfigurasi Radio HT VHF (DAU)","0",,"0000-00-00",,NULL
"1.3.2.06.02.01.006","Handy Talky (HT)","0114",,"Radio HT VHF Icom IC-V88",,"Unit","2499200","Pembelian","2019-12-31","DISKOMINSA","Intra","Pengadaan dan Konfigurasi Radio HT VHF (DAU)","0",,"0000-00-00",,NULL
"1.3.2.06.02.01.006","Handy Talky (HT)","0115",,"Radio HT VHF Icom IC-V88",,"Unit","2499200","Pembelian","2019-12-31","DISKOMINSA","Intra","Pengadaan dan Konfigurasi Radio HT VHF (DAU)","0",,"0000-00-00",,NULL
"1.3.2.06.02.01.006","Handy Talky (HT)","0116",,"Radio HT VHF Icom IC-V88",,"Unit","2499200","Pembelian","2019-12-31","DISKOMINSA","Intra","Pengadaan dan Konfigurasi Radio HT VHF (DAU)","0",,"0000-00-00",,NULL
"1.3.2.06.02.01.006","Handy Talky (HT)","0117",,"Radio HT VHF Icom IC-V88",,"Unit","2499200","Pembelian","2019-12-31","DISKOMINSA","Intra","Pengadaan dan Konfigurasi Radio HT VHF (DAU)","0",,"0000-00-00",,NULL
"1.3.2.06.02.01.006","Handy Talky (HT)","0118",,"Radio HT VHF Icom IC-V88",,"Unit","2499200","Pembelian","2019-12-31","DISKOMINSA","Intra","Pengadaan dan Konfigurasi Radio HT VHF (DAU)","0",,"0000-00-00",,NULL
"1.3.2.06.02.01.006","Handy Talky (HT)","0119",,"Radio HT VHF Icom IC-V88",,"Unit","2499200","Pembelian","2019-12-31","DISKOMINSA","Intra","Pengadaan dan Konfigurasi Radio HT VHF (DAU)","0",,"0000-00-00",,NULL
"1.3.2.06.02.01.006","Handy Talky (HT)","0120",,"Radio HT VHF Icom IC-V88",,"Unit","2499200","Pembelian","2019-12-31","DISKOMINSA","Intra","Pengadaan dan Konfigurasi Radio HT VHF (DAU)","0",,"0000-00-00",,NULL
"1.3.2.06.02.01.006","Handy Talky (HT)","0121",,"Radio HT VHF Icom IC-V88",,"Unit","2499200","Pembelian","2019-12-31","DISKOMINSA","Intra","Pengadaan dan Konfigurasi Radio HT VHF (DAU)","0",,"0000-00-00",,NULL
"1.3.2.06.02.01.006","Handy Talky (HT)","0122",,"Radio Handy Talkie Motoro",,"Unit","9906600","Pembelian","2021-12-31","DISKOMINSA","Intra","Pengadaan Radio Handy Talkie dan Aksesoris","0",,"0000-00-00",,NULL
"1.3.2.06.02.01.006","Handy Talky (HT)","0123",,"Radio Handy Talkie Motoro",,"Unit","9906600","Pembelian","2021-12-31","DISKOMINSA","Intra","Pengadaan Radio Handy Talkie dan Aksesoris","0",,"0000-00-00",,NULL
"1.3.2.06.02.01.006","Handy Talky (HT)","0124",,"Radio Handy Talkie Motoro",,"Unit","9906600","Pembelian","2021-12-31","DISKOMINSA","Intra","Pengadaan Radio Handy Talkie dan Aksesoris","0",,"0000-00-00",,NULL
"1.3.2.06.02.01.006","Handy Talky (HT)","0125",,"Radio Handy Talkie Motoro",,"Unit","9906600","Pembelian","2021-12-31","DISKOMINSA","Intra","Pengadaan Radio Handy Talkie dan Aksesoris","0",,"0000-00-00",,NULL
"1.3.2.06.02.01.006","Handy Talky (HT)","0126",,"Radio Handy Talkie Motoro",,"Unit","9906600","Pembelian","2021-12-31","DISKOMINSA","Intra","Pengadaan Radio Handy Talkie dan Aksesoris","0",,"0000-00-00",,NULL
"1.3.2.06.02.01.006","Handy Talky (HT)","0127",,"Radio Handy Talkie Motoro",,"Unit","9906600","Pembelian","2021-12-31","DISKOMINSA","Intra","Pengadaan Radio Handy Talkie dan Aksesoris","0",,"0000-00-00",,NULL
"1.3.2.06.02.01.006","Handy Talky (HT)","0128",,"Radio Handy Talkie Motoro",,"Unit","9906600","Pembelian","2021-12-31","DISKOMINSA","Intra","Pengadaan Radio Handy Talkie dan Aksesoris","0",,"0000-00-00",,NULL
"1.3.2.06.02.01.006","Handy Talky (HT)","0129",,"Radio Handy Talkie Motoro",,"Unit","9906600","Pembelian","2021-12-31","DISKOMINSA","Intra","Pengadaan Radio Handy Talkie dan Aksesoris","0",,"0000-00-00",,NULL
"1.3.2.06.02.01.006","Handy Talky (HT)","0130",,"Radio Handy Talkie Motoro",,"Unit","9906600","Pembelian","2021-12-31","DISKOMINSA","Intra","Pengadaan Radio Handy Talkie dan Aksesoris","0",,"0000-00-00",,NULL
"1.3.2.06.02.01.006","Handy Talky (HT)","0131",,"Motorola / CP1660",,"Unit","3093560","Pembelian","2015-12-31","DISKOMINSA","Intra","Postel/Transceiver Comunication VHF/UHF Sarana Pendukung Kegiatan Interkoneksi di 23 Kabupaten/Kota","0",,"0000-00-00",,NULL
"1.3.2.06.02.01.006","Handy Talky (HT)","0132",,"Motorola / CP1660",,"Unit","3093544","Pembelian","2015-12-31","DISKOMINSA","Intra","Postel/Transceiver Comunication VHF/UHF Sarana Pendukung Kegiatan Interkoneksi di 23 Kabupaten/Kota","0",,"0000-00-00",,NULL
"1.3.2.06.02.01.006","Handy Talky (HT)","0133",,"Motorola / CP1660",,"Unit","3093544","Pembelian","2015-12-31","DISKOMINSA","Intra","Postel/Transceiver Comunication VHF/UHF Sarana Pendukung Kegiatan Interkoneksi di 23 Kabupaten/Kota","0",,"0000-00-00",,NULL
"1.3.2.06.02.01.006","Handy Talky (HT)","0134",,"Motorola / CP1660",,"Unit","3093344","Pembelian","2015-12-31","DISKOMINSA","Intra","Postel/Transceiver Comunication VHF/UHF Sarana Pendukung Kegiatan Interkoneksi di 23 Kabupaten/Kota","0",,"0000-00-00",,NULL
"1.3.2.06.02.01.006","Handy Talky (HT)","0135",,"Motorola / CP1660",,"Unit","3093344","Pembelian","2015-12-31","DISKOMINSA","Intra","Postel/Transceiver Comunication VHF/UHF Sarana Pendukung Kegiatan Interkoneksi di 23 Kabupaten/Kota","0",,"0000-00-00",,NULL
"1.3.2.06.02.01.006","Handy Talky (HT)","0136",,"Motorola / CP1660",,"Unit","3093344","Pembelian","2015-12-31","DISKOMINSA","Intra","Postel/Transceiver Comunication VHF/UHF Sarana Pendukung Kegiatan Interkoneksi di 23 Kabupaten/Kota","0",,"0000-00-00",,NULL
"1.3.2.06.02.01.006","Handy Talky (HT)","0137",,"Motorola / CP1660",,"Unit","3093344","Pembelian","2015-12-31","DISKOMINSA","Intra","Postel/Transceiver Comunication VHF/UHF Sarana Pendukung Kegiatan Interkoneksi di 23 Kabupaten/Kota","0",,"0000-00-00",,NULL
"1.3.2.06.02.01.006","Handy Talky (HT)","0138",,"Motorola / CP1660",,"Unit","3093344","Pembelian","2015-12-31","DISKOMINSA","Intra","Postel/Transceiver Comunication VHF/UHF Sarana Pendukung Kegiatan Interkoneksi di 23 Kabupaten/Kota","0",,"0000-00-00",,NULL
"1.3.2.06.02.01.006","Handy Talky (HT)","0139",,"Motorola / CP1660",,"Unit","3093344","Pembelian","2015-12-31","DISKOMINSA","Intra","Postel/Transceiver Comunication VHF/UHF Sarana Pendukung Kegiatan Interkoneksi di 23 Kabupaten/Kota","0",,"0000-00-00",,NULL
"1.3.2.06.02.01.006","Handy Talky (HT)","0140",,"Motorola / CP1660",,"Unit","3093344","Pembelian","2015-12-31","DISKOMINSA","Intra","Postel/Transceiver Comunication VHF/UHF Sarana Pendukung Kegiatan Interkoneksi di 23 Kabupaten/Kota","0",,"0000-00-00",,NULL
"1.3.2.06.02.01.006","Handy Talky (HT)","0141",,"Motorola / CP1660",,"Unit","3093344","Pembelian","2015-12-31","DISKOMINSA","Intra","Postel/Transceiver Comunication VHF/UHF Sarana Pendukung Kegiatan Interkoneksi di 23 Kabupaten/Kota","0",,"0000-00-00",,NULL
"1.3.2.06.02.01.006","Handy Talky (HT)","0142",,"Motorola / CP1660",,"Unit","3093344","Pembelian","2015-12-31","DISKOMINSA","Intra","Postel/Transceiver Comunication VHF/UHF Sarana Pendukung Kegiatan Interkoneksi di 23 Kabupaten/Kota","0",,"0000-00-00",,NULL
"1.3.2.06.02.01.006","Handy Talky (HT)","0143",,"Motorola / CP1660",,"Unit","3093344","Pembelian","2015-12-31","DISKOMINSA","Intra","Postel/Transceiver Comunication VHF/UHF Sarana Pendukung Kegiatan Interkoneksi di 23 Kabupaten/Kota","0",,"0000-00-00",,NULL
"1.3.2.06.02.01.006","Handy Talky (HT)","0144",,"Motorola / CP1660",,"Unit","3093344","Pembelian","2015-12-31","DISKOMINSA","Intra","Postel/Transceiver Comunication VHF/UHF Sarana Pendukung Kegiatan Interkoneksi di 23 Kabupaten/Kota","0",,"0000-00-00",,NULL
"1.3.2.06.02.01.006","Handy Talky (HT)","0145",,"Motorola / CP1660",,"Unit","3093344","Pembelian","2015-12-31","DISKOMINSA","Intra","Postel/Transceiver Comunication VHF/UHF Sarana Pendukung Kegiatan Interkoneksi di 23 Kabupaten/Kota","0",,"0000-00-00",,NULL
"1.3.2.06.02.01.006","Handy Talky (HT)","0146",,"Motorola / CP1660",,"Unit","3093344","Pembelian","2015-12-31","DISKOMINSA","Intra","Postel/Transceiver Comunication VHF/UHF Sarana Pendukung Kegiatan Interkoneksi di 23 Kabupaten/Kota","0",,"0000-00-00",,NULL
"1.3.2.06.02.01.006","Handy Talky (HT)","0147",,"Motorola / CP1660",,"Unit","3093344","Pembelian","2015-12-31","DISKOMINSA","Intra","Postel/Transceiver Comunication VHF/UHF Sarana Pendukung Kegiatan Interkoneksi di 23 Kabupaten/Kota","0",,"0000-00-00",,NULL
"1.3.2.06.02.01.006","Handy Talky (HT)","0148",,"Motorola / CP1660",,"Unit","3093344","Pembelian","2015-12-31","DISKOMINSA","Intra","Postel/Transceiver Comunication VHF/UHF Sarana Pendukung Kegiatan Interkoneksi di 23 Kabupaten/Kota","0",,"0000-00-00",,NULL
"1.3.2.06.02.01.006","Handy Talky (HT)","0149",,"Motorola / CP1660",,"Unit","3093344","Pembelian","2015-12-31","DISKOMINSA","Intra","Postel/Transceiver Comunication VHF/UHF Sarana Pendukung Kegiatan Interkoneksi di 23 Kabupaten/Kota","0",,"0000-00-00",,NULL
"1.3.2.06.02.01.006","Handy Talky (HT)","0150",,"Motorola / CP1660",,"Unit","3093344","Pembelian","2015-12-31","DISKOMINSA","Intra","Postel/Transceiver Comunication VHF/UHF Sarana Pendukung Kegiatan Interkoneksi di 23 Kabupaten/Kota","0",,"0000-00-00",,NULL
"1.3.2.06.02.01.006","Handy Talky (HT)","0151",,"Motorola / CP1660",,"Unit","3093344","Pembelian","2015-12-31","DISKOMINSA","Intra","Postel/Transceiver Comunication VHF/UHF Sarana Pendukung Kegiatan Interkoneksi di 23 Kabupaten/Kota","0",,"0000-00-00",,NULL
"1.3.2.06.02.01.006","Handy Talky (HT)","0152",,"Motorola / CP1660",,"Unit","3093344","Pembelian","2015-12-31","DISKOMINSA","Intra","Postel/Transceiver Comunication VHF/UHF Sarana Pendukung Kegiatan Interkoneksi di 23 Kabupaten/Kota","0",,"0000-00-00",,NULL
"1.3.2.06.02.01.006","Handy Talky (HT)","0153",,"Motorola / CP1660",,"Unit","3093344","Pembelian","2015-12-31","DISKOMINSA","Intra","Postel/Transceiver Comunication VHF/UHF Sarana Pendukung Kegiatan Interkoneksi di 23 Kabupaten/Kota","0",,"0000-00-00",,NULL
"1.3.2.06.02.01.006","Handy Talky (HT)","0154",,"Motorola / CP1660",,"Unit","3093344","Pembelian","2015-12-31","DISKOMINSA","Intra","Postel/Transceiver Comunication VHF/UHF Sarana Pendukung Kegiatan Interkoneksi di 23 Kabupaten/Kota","0",,"0000-00-00",,NULL
"1.3.2.06.02.01.006","Handy Talky (HT)","0155",,"Motorola / CP1660",,"Unit","3093344","Pembelian","2015-12-31","DISKOMINSA","Intra","Postel/Transceiver Comunication VHF/UHF Sarana Pendukung Kegiatan Interkoneksi di 23 Kabupaten/Kota","0",,"0000-00-00",,NULL
"1.3.2.06.02.01.006","Handy Talky (HT)","0156",,"Motorola / CP1660",,"Unit","3093344","Pembelian","2015-12-31","DISKOMINSA","Intra","Postel/Transceiver Comunication VHF/UHF Sarana Pendukung Kegiatan Interkoneksi di 23 Kabupaten/Kota","0",,"0000-00-00",,NULL
"1.3.2.06.02.01.006","Handy Talky (HT)","0157",,"Motorola / CP1660",,"Unit","3093344","Pembelian","2015-12-31","DISKOMINSA","Intra","Postel/Transceiver Comunication VHF/UHF Sarana Pendukung Kegiatan Interkoneksi di 23 Kabupaten/Kota","0",,"0000-00-00",,NULL
"1.3.2.06.02.01.010","Facsimile","0001",,"Panasonic / KX-MB2235CX",,"Unit","5000000","Pembelian","2017-12-31","DISKOMINSA","Intra","Belanja Mesin Faximile (Bidang Persandian)","0",,"0000-00-00",,NULL
"1.3.2.06.02.02.001","Unit Tranceiver Ssb Portable","0001",,"HF SSB Receiver / SSB",,"Unit","10243750","Pembelian","2015-12-31","DISKOMINSA","Intra","UPTD Telematika/BA: 10/17/BA-PP/2015 (Radio SSB Portable)","0",,"0000-00-00",,NULL
"1.3.2.06.02.02.001","Unit Tranceiver Ssb Portable","0002",,"HF SSB Receiver / SSB",,"Unit","10243750","Pembelian","2015-12-31","DISKOMINSA","Intra","UPTD Telematika/BA: 10/17/BA-PP/2015 (Radio SSB Portable)","0",,"0000-00-00",,NULL
"1.3.2.06.02.02.001","Unit Tranceiver Ssb Portable","0003",,"Radio rig base HF (SSB) i",,"Unit","10865125","Pembelian","2019-12-31","DISKOMINSA","Intra","Pengadaan Peralatan Pendukung Alat Komunikasi Mobil Box Jaringan (PAA)","0",,"0000-00-00",,NULL
"1.3.2.06.02.03.001","Unit Tranceiver HF Portable","0001",,"Automatic Tuner icom AT-1",,"Unit","6114125","Pembelian","2019-12-31","DISKOMINSA","Intra","Pengadaan Peralatan Pendukung Alat Komunikasi Mobil Box Jaringan (PAA)","0",,"0000-00-00",,NULL
"1.3.2.06.02.03.001","Unit Tranceiver HF Portable","0002",,"Duplexer (Konsesi Band) C",,"Unit","5147125","Pembelian","2019-12-31","DISKOMINSA","Intra","Pengadaan Peralatan Pendukung Alat Komunikasi Mobil Box Jaringan (PAA)","0",,"0000-00-00",,NULL
"1.3.2.06.02.03.003","Unit Tranceiver HF Stationery","0001",,"KENWOOD / TM-271 A",,"Unit","2200000","Pembelian","2011-12-31","DISKOMINSA","Intra","Radio Rig Mobil","0",,"0000-00-00",,NULL
"1.3.2.06.02.03.003","Unit Tranceiver HF Stationery","0002",,"KENWOOD / TM-271 A",,"Unit","2200000","Pembelian","2011-12-31","DISKOMINSA","Intra","Radio Rig Mobil","0",,"0000-00-00",,NULL
"1.3.2.06.02.03.003","Unit Tranceiver HF Stationery","0003",,"KENWOOD / TM-271 A",,"Unit","2200000","Pembelian","2011-12-31","DISKOMINSA","Intra","Radio Rig Mobil","0",,"0000-00-00",,NULL
"1.3.2.06.02.03.003","Unit Tranceiver HF Stationery","0004",,"KENWOOD / TM-271 A",,"Unit","2200000","Pembelian","2011-12-31","DISKOMINSA","Intra","Radio Rig Mobil","0",,"0000-00-00",,NULL
"1.3.2.06.02.03.003","Unit Tranceiver HF Stationery","0005",,"Radio Base HF",,"Unit","14300000","Pembelian","2015-12-31","DISKOMINSA","Intra","UPTD Telematika/BA: 10/19/BA-PP/2015 (Radio Base HF)","0",,"0000-00-00",,NULL
"1.3.2.06.02.03.003","Unit Tranceiver HF Stationery","0006",,"Radio Base HF",,"Unit","14300000","Pembelian","2015-12-31","DISKOMINSA","Intra","UPTD Telematika/BA: 10/19/BA-PP/2015 (Radio Base HF)","0",,"0000-00-00",,NULL
"1.3.2.06.02.03.003","Unit Tranceiver HF Stationery","0007",,"ICOM /  FM Tranceiver",,"Unit","24848000","Pembelian","2015-12-31","DISKOMINSA","Intra","UPTD Telematika/BA: 10/10/BA-PP/2015 (Radio Base 5Lokasi :Radio,Powersuplay,Batre Backup,Handy Tranc","0",,"0000-00-00",,NULL
"1.3.2.06.02.03.003","Unit Tranceiver HF Stationery","0008",,"ICOM /  FM Tranceiver",,"Unit","24848000","Pembelian","2015-12-31","DISKOMINSA","Intra","UPTD Telematika/BA: 10/10/BA-PP/2015 (Radio Base 5Lokasi :Radio,Powersuplay,Batre Backup,Handy Tranc","0",,"0000-00-00",,NULL
"1.3.2.06.02.03.003","Unit Tranceiver HF Stationery","0009",,"ICOM /  FM Tranceiver",,"Unit","24848000","Pembelian","2015-12-31","DISKOMINSA","Intra","UPTD Telematika/BA: 10/10/BA-PP/2015 (Radio Base 5Lokasi :Radio,Powersuplay,Batre Backup,Handy Tranc","0",,"0000-00-00",,NULL
"1.3.2.06.02.03.003","Unit Tranceiver HF Stationery","0010",,"ICOM /  FM Tranceiver",,"Unit","24848000","Pembelian","2015-12-31","DISKOMINSA","Intra","UPTD Telematika/BA: 10/10/BA-PP/2015 (Radio Base 5Lokasi :Radio,Powersuplay,Batre Backup,Handy Tranc","0",,"0000-00-00",,NULL
"1.3.2.06.02.03.003","Unit Tranceiver HF Stationery","0011",,"ICOM /  FM Tranceiver",,"Unit","24848000","Pembelian","2015-12-31","DISKOMINSA","Intra","UPTD Telematika/BA: 10/10/BA-PP/2015 (Radio Base 5Lokasi :Radio,Powersuplay,Batre Backup,Handy Tranc","0",,"0000-00-00",,NULL
"1.3.2.06.02.03.003","Unit Tranceiver HF Stationery","0012",,"Alinco",,"Unit","11704000","Pembelian","2016-12-31","DISKOMINSA","Intra","Radio Base 5 Lokasi UPTD Telematika BA : 10/04/BA-PP/2016 (Radio Base 5 Unit + Coaxial Cable RG-8 15","0",,"0000-00-00",,NULL
"1.3.2.06.02.03.003","Unit Tranceiver HF Stationery","0013",,"Alinco",,"Unit","11704000","Pembelian","2016-12-31","DISKOMINSA","Intra","Radio Base 5 Lokasi UPTD Telematika BA : 10/04/BA-PP/2016 (Radio Base 5 Unit + Coaxial Cable RG-8 15","0",,"0000-00-00",,NULL
"1.3.2.06.02.03.003","Unit Tranceiver HF Stationery","0014",,"Alinco",,"Unit","11704000","Pembelian","2016-12-31","DISKOMINSA","Intra","Radio Base 5 Lokasi UPTD Telematika BA : 10/04/BA-PP/2016 (Radio Base 5 Unit + Coaxial Cable RG-8 15","0",,"0000-00-00",,NULL
"1.3.2.06.02.03.003","Unit Tranceiver HF Stationery","0015",,"Alinco",,"Unit","11704000","Pembelian","2016-12-31","DISKOMINSA","Intra","Radio Base 5 Lokasi UPTD Telematika BA : 10/04/BA-PP/2016 (Radio Base 5 Unit + Coaxial Cable RG-8 15","0",,"0000-00-00",,NULL
"1.3.2.06.02.03.003","Unit Tranceiver HF Stationery","0016",,"Alinco",,"Unit","11704000","Pembelian","2016-12-31","DISKOMINSA","Intra","Radio Base 5 Lokasi UPTD Telematika BA : 10/04/BA-PP/2016 (Radio Base 5 Unit + Coaxial Cable RG-8 15","0",,"0000-00-00",,NULL
"1.3.2.06.02.03.003","Unit Tranceiver HF Stationery","0017",,"Motorola CDR500",,"Unit","43661500","Pembelian","2018-12-31","DISKOMINSA","Intra","Pengadaan Radio HF/FM Kominfo Provinsi Aceh.","0",,"0000-00-00",,NULL
"1.3.2.06.02.08.020","Radio Link","0001",,"Motorolla / 5700 SMG",,"Unit","8965000","Pembelian","2012-12-31","DISKOMINSA","Intra","Radio Link 5,8 Ghz untuk Clien Komplit","0",,"0000-00-00",,NULL
"1.3.2.06.02.08.020","Radio Link","0002",,"Motorolla / 5700 SMG",,"Unit","8965000","Pembelian","2012-12-31","DISKOMINSA","Intra","Radio Link 5,8 Ghz untuk Clien Komplit","0",,"0000-00-00",,NULL
"1.3.2.06.02.08.020","Radio Link","0003",,"Motorolla / 5700 SMG",,"Unit","8965000","Pembelian","2012-12-31","DISKOMINSA","Intra","Radio Link 5,8 Ghz untuk Clien Komplit","0",,"0000-00-00",,NULL
"1.3.2.06.02.08.020","Radio Link","0004",,"Motorolla / 5700 SMG",,"Unit","8965000","Pembelian","2012-12-31","DISKOMINSA","Intra","Radio Link 5,8 Ghz untuk Clien Komplit","0",,"0000-00-00",,NULL
"1.3.2.06.02.08.020","Radio Link","0005",,"Motorolla / 5700 SMG",,"Unit","8965000","Pembelian","2012-12-31","DISKOMINSA","Intra","Radio Link 5,8 Ghz untuk Clien Komplit","0",,"0000-00-00",,NULL
"1.3.2.06.02.08.020","Radio Link","0006",,"Motorolla / 5700 SMG",,"Unit","8965000","Pembelian","2012-12-31","DISKOMINSA","Intra","Radio Link 5,8 Ghz untuk Clien Komplit","0",,"0000-00-00",,NULL
"1.3.2.06.02.08.020","Radio Link","0007",,"Motorolla / 5700 SMG",,"Unit","8965000","Pembelian","2012-12-31","DISKOMINSA","Intra","Radio Link 5,8 Ghz untuk Clien Komplit","0",,"0000-00-00",,NULL
"1.3.2.06.02.08.020","Radio Link","0008",,"Motorolla / 5700 SMG",,"Unit","8965000","Pembelian","2012-12-31","DISKOMINSA","Intra","Radio Link 5,8 Ghz untuk Clien Komplit","0",,"0000-00-00",,NULL
"1.3.2.06.02.08.020","Radio Link","0010",,"Kenwood / TM 281A",,"Unit","5570000","Pembelian","2013-12-31","DISKOMINSA","Intra","Radio Link, Sarana Komunikasi Gate Way","0",,"0000-00-00",,NULL
"1.3.2.06.02.08.020","Radio Link","0011",,,,"Unit","55820000","Pembelian","2013-12-31","DISKOMINSA","Intra","Perangkat Radio Link to Piont","0",,"0000-00-00",,NULL
"1.3.2.06.02.08.020","Radio Link","0012",,,,"Unit","58850000","Pembelian","2013-12-31","DISKOMINSA","Intra","Radio Link AP untuk BTS","0",,"0000-00-00",,NULL
"1.3.2.06.02.08.020","Radio Link","0013",,,,"Unit","21890000","Pembelian","2013-12-31","DISKOMINSA","Intra","Radio Link Switcer","0",,"0000-00-00",,NULL
"1.3.2.06.02.08.020","Radio Link","0014",,,,"Unit","98660000","Pembelian","2013-12-31","DISKOMINSA","Intra","Koneksi Radio Link","0",,"0000-00-00",,NULL
"1.3.2.06.02.08.020","Radio Link","0015",,,,"Unit","291174000","Pembelian","2014-12-31","DISKOMINSA","Intra","Interkoneksi Radio Komunikasi Pemerintah Aceh - UPTD Telematika","0",,"0000-00-00",,NULL
"1.3.2.06.02.08.020","Radio Link","0016",,"Rocket / M5",,"Unit","16915000","Pembelian","2014-12-31","DISKOMINSA","Intra","Radio Link AP untuk BTS - UPTD Telematika","0",,"0000-00-00",,NULL
"1.3.2.06.02.08.020","Radio Link","0017",,"Rocket / M5",,"Unit","16915000","Pembelian","2014-12-31","DISKOMINSA","Intra","Radio Link AP untuk BTS - UPTD Telematika","0",,"0000-00-00",,NULL
"1.3.2.06.02.08.020","Radio Link","0018",,"Rocket / M5",,"Unit","16915000","Pembelian","2014-12-31","DISKOMINSA","Intra","Radio Link AP untuk BTS - UPTD Telematika","0",,"0000-00-00",,NULL
"1.3.2.06.02.08.020","Radio Link","0019",,"Rocket / M5",,"Unit","16915000","Pembelian","2014-12-31","DISKOMINSA","Intra","Radio Link AP untuk BTS - UPTD Telematika","0",,"0000-00-00",,NULL
"1.3.2.06.02.08.020","Radio Link","0020",,"Rocket / M5",,"Unit","16915000","Pembelian","2014-12-31","DISKOMINSA","Intra","Radio Link AP untuk BTS - UPTD Telematika","0",,"0000-00-00",,NULL
"1.3.2.06.02.08.020","Radio Link","0021",,"Rocket / M5",,"Unit","16915000","Pembelian","2014-12-31","DISKOMINSA","Intra","Radio Link AP untuk BTS - UPTD Telematika","0",,"0000-00-00",,NULL
"1.3.2.06.02.08.020","Radio Link","0022",,"Rocket / M5",,"Unit","16915000","Pembelian","2014-12-31","DISKOMINSA","Intra","Radio Link AP untuk BTS - UPTD Telematika","0",,"0000-00-00",,NULL
"1.3.2.06.02.08.020","Radio Link","0023",,"Rocket / M5",,"Unit","16915000","Pembelian","2014-12-31","DISKOMINSA","Intra","Radio Link AP untuk BTS - UPTD Telematika","0",,"0000-00-00",,NULL
"1.3.2.06.02.08.020","Radio Link","0024",,"Rocket / M5",,"Unit","16915000","Pembelian","2014-12-31","DISKOMINSA","Intra","Radio Link AP untuk BTS - UPTD Telematika","0",,"0000-00-00",,NULL
"1.3.2.06.02.08.020","Radio Link","0025",,"Rocket / M5",,"Unit","16915000","Pembelian","2014-12-31","DISKOMINSA","Intra","Radio Link AP untuk BTS - UPTD Telematika","0",,"0000-00-00",,NULL
"1.3.2.06.02.08.020","Radio Link","0026",,"Rocket / M5",,"Unit","9665000","Pembelian","2014-12-31","DISKOMINSA","Intra","Radio Link Point to Point - UPTD Telematika","0",,"0000-00-00",,NULL
"1.3.2.06.02.08.020","Radio Link","0027",,"Rocket / M5",,"Unit","9665000","Pembelian","2014-12-31","DISKOMINSA","Intra","Radio Link Point to Point - UPTD Telematika","0",,"0000-00-00",,NULL
"1.3.2.06.02.08.020","Radio Link","0028",,"Nano Bridge / NB-5G25",,"Unit","3065000","Pembelian","2014-12-31","DISKOMINSA","Intra","Radio Link 5,8 Ghz Client - UPTD Telematika","0",,"0000-00-00",,NULL
"1.3.2.06.02.08.020","Radio Link","0029",,"Nano Bridge / NB-5G25",,"Unit","3065000","Pembelian","2014-12-31","DISKOMINSA","Intra","Radio Link 5,8 Ghz Client - UPTD Telematika","0",,"0000-00-00",,NULL
"1.3.2.06.02.08.020","Radio Link","0030",,"Nano Bridge / NB-5G25",,"Unit","3065000","Pembelian","2014-12-31","DISKOMINSA","Intra","Radio Link 5,8 Ghz Client - UPTD Telematika","0",,"0000-00-00",,NULL
"1.3.2.06.02.08.020","Radio Link","0031",,"Nano Bridge / NB-5G25",,"Unit","3065000","Pembelian","2014-12-31","DISKOMINSA","Intra","Radio Link 5,8 Ghz Client - UPTD Telematika","0",,"0000-00-00",,NULL
"1.3.2.06.02.08.020","Radio Link","0032",,"Nano Bridge / NB-5G25",,"Unit","3065000","Pembelian","2014-12-31","DISKOMINSA","Intra","Radio Link 5,8 Ghz Client - UPTD Telematika","0",,"0000-00-00",,NULL
"1.3.2.06.02.08.020","Radio Link","0033",,"Nano Bridge / NB-5G25",,"Unit","3065000","Pembelian","2014-12-31","DISKOMINSA","Intra","Radio Link 5,8 Ghz Client - UPTD Telematika","0",,"0000-00-00",,NULL
"1.3.2.06.02.08.020","Radio Link","0034",,"Nano Bridge / NB-5G25",,"Unit","3065000","Pembelian","2014-12-31","DISKOMINSA","Intra","Radio Link 5,8 Ghz Client - UPTD Telematika","0",,"0000-00-00",,NULL
"1.3.2.06.02.08.020","Radio Link","0035",,"Nano Bridge / NB-5G25",,"Unit","3065000","Pembelian","2014-12-31","DISKOMINSA","Intra","Radio Link 5,8 Ghz Client - UPTD Telematika","0",,"0000-00-00",,NULL
"1.3.2.06.02.08.020","Radio Link","0036",,"Nano Bridge / NB-5G25",,"Unit","3065000","Pembelian","2014-12-31","DISKOMINSA","Intra","Radio Link 5,8 Ghz Client - UPTD Telematika","0",,"0000-00-00",,NULL
"1.3.2.06.02.08.020","Radio Link","0037",,"Nano Bridge / NB-5G25",,"Unit","3065000","Pembelian","2014-12-31","DISKOMINSA","Intra","Radio Link 5,8 Ghz Client - UPTD Telematika","0",,"0000-00-00",,NULL
"1.3.2.06.02.08.020","Radio Link","0038",,"Nano Bridge / NB-5G25",,"Unit","3065000","Pembelian","2014-12-31","DISKOMINSA","Intra","Radio Link 5,8 Ghz Client - UPTD Telematika","0",,"0000-00-00",,NULL
"1.3.2.06.02.08.020","Radio Link","0039",,"Nano Bridge / NB-5G25",,"Unit","3065000","Pembelian","2014-12-31","DISKOMINSA","Intra","Radio Link 5,8 Ghz Client - UPTD Telematika","0",,"0000-00-00",,NULL
"1.3.2.06.02.08.020","Radio Link","0040",,"Nano Bridge / NB-5G25",,"Unit","3065000","Pembelian","2014-12-31","DISKOMINSA","Intra","Radio Link 5,8 Ghz Client - UPTD Telematika","0",,"0000-00-00",,NULL
"1.3.2.06.02.08.020","Radio Link","0041",,"Nano Bridge / NB-5G25",,"Unit","3065000","Pembelian","2014-12-31","DISKOMINSA","Intra","Radio Link 5,8 Ghz Client - UPTD Telematika","0",,"0000-00-00",,NULL
"1.3.2.06.02.08.020","Radio Link","0042",,"Nano Bridge / NB-5G25",,"Unit","3065000","Pembelian","2014-12-31","DISKOMINSA","Intra","Radio Link 5,8 Ghz Client - UPTD Telematika","0",,"0000-00-00",,NULL
"1.3.2.06.02.08.020","Radio Link","0043",,"Nano Bridge / NB-5G25",,"Unit","3065000","Pembelian","2014-12-31","DISKOMINSA","Intra","Radio Link 5,8 Ghz Client - UPTD Telematika","0",,"0000-00-00",,NULL
"1.3.2.06.02.08.020","Radio Link","0044",,"Nano Bridge / NB-5G25",,"Unit","3065000","Pembelian","2014-12-31","DISKOMINSA","Intra","Radio Link 5,8 Ghz Client - UPTD Telematika","0",,"0000-00-00",,NULL
"1.3.2.06.02.08.020","Radio Link","0045",,"Nano Bridge / NB-5G25",,"Unit","3065000","Pembelian","2014-12-31","DISKOMINSA","Intra","Radio Link 5,8 Ghz Client - UPTD Telematika","0",,"0000-00-00",,NULL
"1.3.2.06.02.08.020","Radio Link","0046",,"Nano Bridge / NB-5G25",,"Unit","3065000","Pembelian","2014-12-31","DISKOMINSA","Intra","Radio Link 5,8 Ghz Client - UPTD Telematika","0",,"0000-00-00",,NULL
"1.3.2.06.02.08.020","Radio Link","0047",,"Nano Bridge / NB-5G25",,"Unit","3065000","Pembelian","2014-12-31","DISKOMINSA","Intra","Radio Link 5,8 Ghz Client - UPTD Telematika","0",,"0000-00-00",,NULL
"1.3.2.06.02.08.020","Radio Link","0048",,"Power Beam / Radio Link 5",,"Unit","3506255","Pembelian","2015-12-31","DISKOMINSA","Intra","UPTD Telematika/BA: 10/08/BA-PP/2015 (Radio Link 5,8 GHz (Client/SKPA))","0",,"0000-00-00",,NULL
"1.3.2.06.02.08.020","Radio Link","0049",,"Power Beam / Radio Link 5",,"Unit","3506255","Pembelian","2015-12-31","DISKOMINSA","Intra","UPTD Telematika/BA: 10/08/BA-PP/2015 (Radio Link 5,8 GHz (Client/SKPA))","0",,"0000-00-00",,NULL
"1.3.2.06.02.08.020","Radio Link","0050",,"Power Beam / Radio Link 5",,"Unit","3506255","Pembelian","2015-12-31","DISKOMINSA","Intra","UPTD Telematika/BA: 10/08/BA-PP/2015 (Radio Link 5,8 GHz (Client/SKPA))","0",,"0000-00-00",,NULL
"1.3.2.06.02.08.020","Radio Link","0051",,"Power Beam / Radio Link 5",,"Unit","3506255","Pembelian","2015-12-31","DISKOMINSA","Intra","UPTD Telematika/BA: 10/08/BA-PP/2015 (Radio Link 5,8 GHz (Client/SKPA))","0",,"0000-00-00",,NULL
"1.3.2.06.02.08.020","Radio Link","0052",,"Power Beam / Radio Link 5",,"Unit","3506255","Pembelian","2015-12-31","DISKOMINSA","Intra","UPTD Telematika/BA: 10/08/BA-PP/2015 (Radio Link 5,8 GHz (Client/SKPA))","0",,"0000-00-00",,NULL
"1.3.2.06.02.08.020","Radio Link","0053",,"Power Beam / Radio Link 5",,"Unit","3506255","Pembelian","2015-12-31","DISKOMINSA","Intra","UPTD Telematika/BA: 10/08/BA-PP/2015 (Radio Link 5,8 GHz (Client/SKPA))","0",,"0000-00-00",,NULL
"1.3.2.06.02.08.020","Radio Link","0054",,"Power Beam / Radio Link 5",,"Unit","3506255","Pembelian","2015-12-31","DISKOMINSA","Intra","UPTD Telematika/BA: 10/08/BA-PP/2015 (Radio Link 5,8 GHz (Client/SKPA))","0",,"0000-00-00",,NULL
"1.3.2.06.02.08.020","Radio Link","0055",,"Power Beam / Radio Link 5",,"Unit","3506255","Pembelian","2015-12-31","DISKOMINSA","Intra","UPTD Telematika/BA: 10/08/BA-PP/2015 (Radio Link 5,8 GHz (Client/SKPA))","0",,"0000-00-00",,NULL
"1.3.2.06.02.08.020","Radio Link","0056",,"Power Beam / Radio Link 5",,"Unit","3506255","Pembelian","2015-12-31","DISKOMINSA","Intra","UPTD Telematika/BA: 10/08/BA-PP/2015 (Radio Link 5,8 GHz (Client/SKPA))","0",,"0000-00-00",,NULL
"1.3.2.06.02.08.020","Radio Link","0057",,"Power Beam / Radio Link 5",,"Unit","3506255","Pembelian","2015-12-31","DISKOMINSA","Intra","UPTD Telematika/BA: 10/08/BA-PP/2015 (Radio Link 5,8 GHz (Client/SKPA))","0",,"0000-00-00",,NULL
"1.3.2.06.02.08.020","Radio Link","0058",,"Power Beam / Radio Link 5",,"Unit","3506255","Pembelian","2015-12-31","DISKOMINSA","Intra","UPTD Telematika/BA: 10/08/BA-PP/2015 (Radio Link 5,8 GHz (Client/SKPA))","0",,"0000-00-00",,NULL
"1.3.2.06.02.08.020","Radio Link","0059",,"Power Beam / Radio Link 5",,"Unit","3506255","Pembelian","2015-12-31","DISKOMINSA","Intra","UPTD Telematika/BA: 10/08/BA-PP/2015 (Radio Link 5,8 GHz (Client/SKPA))","0",,"0000-00-00",,NULL
"1.3.2.06.02.08.020","Radio Link","0060",,"Power Beam / Radio Link 5",,"Unit","3506255","Pembelian","2015-12-31","DISKOMINSA","Intra","UPTD Telematika/BA: 10/08/BA-PP/2015 (Radio Link 5,8 GHz (Client/SKPA))","0",,"0000-00-00",,NULL
"1.3.2.06.02.08.020","Radio Link","0061",,"Power Beam / Radio Link 5",,"Unit","3506255","Pembelian","2015-12-31","DISKOMINSA","Intra","UPTD Telematika/BA: 10/08/BA-PP/2015 (Radio Link 5,8 GHz (Client/SKPA))","0",,"0000-00-00",,NULL
"1.3.2.06.02.08.020","Radio Link","0062",,"Power Beam / Radio Link 5",,"Unit","3506255","Pembelian","2015-12-31","DISKOMINSA","Intra","UPTD Telematika/BA: 10/08/BA-PP/2015 (Radio Link 5,8 GHz (Client/SKPA))","0",,"0000-00-00",,NULL
"1.3.2.06.02.08.020","Radio Link","0063",,"Power Beam / Radio Link 5",,"Unit","3506255","Pembelian","2015-12-31","DISKOMINSA","Intra","UPTD Telematika/BA: 10/08/BA-PP/2015 (Radio Link 5,8 GHz (Client/SKPA))","0",,"0000-00-00",,NULL
"1.3.2.06.02.08.020","Radio Link","0064",,"Power Beam / Radio Link 5",,"Unit","3506255","Pembelian","2015-12-31","DISKOMINSA","Intra","UPTD Telematika/BA: 10/08/BA-PP/2015 (Radio Link 5,8 GHz (Client/SKPA))","0",,"0000-00-00",,NULL
"1.3.2.06.02.08.020","Radio Link","0065",,"Power Beam / Radio Link 5",,"Unit","3506255","Pembelian","2015-12-31","DISKOMINSA","Intra","UPTD Telematika/BA: 10/08/BA-PP/2015 (Radio Link 5,8 GHz (Client/SKPA))","0",,"0000-00-00",,NULL
"1.3.2.06.02.08.020","Radio Link","0066",,"Power Beam / Radio Link 5",,"Unit","3506255","Pembelian","2015-12-31","DISKOMINSA","Intra","UPTD Telematika/BA: 10/08/BA-PP/2015 (Radio Link 5,8 GHz (Client/SKPA))","0",,"0000-00-00",,NULL
"1.3.2.05.01.05.002","CCTV - Camera Control Television System","0001",,"Avtech  / AVM428A",,"Unit","5766000","Pembelian","2015-12-31","DISKOMINSA","Intra","PSITT/BA: 07/11/BA-PP/2015(IP Camera)","0","RB","2026-01-04",,NULL
"1.3.2.06.02.08.020","Radio Link","0068",,"Rocket M2 / Radio Link AP",,"Unit","2731660","Pembelian","2015-12-31","DISKOMINSA","Intra","UPTD Telematika/BA: 10/08/BA-PP/2015 (Radio Link AP 2,4 Ghz)","0",,"0000-00-00",,NULL
"1.3.2.06.02.08.020","Radio Link","0069",,"Rocket M2 / Radio Link AP",,"Unit","2731660","Pembelian","2015-12-31","DISKOMINSA","Intra","UPTD Telematika/BA: 10/08/BA-PP/2015 (Radio Link AP 2,4 Ghz)","0",,"0000-00-00",,NULL
"1.3.2.06.02.08.020","Radio Link","0070",,"Rocket M2 / Radio Link AP",,"Unit","2731660","Pembelian","2015-12-31","DISKOMINSA","Intra","UPTD Telematika/BA: 10/08/BA-PP/2015 (Radio Link AP 2,4 Ghz)","0",,"0000-00-00",,NULL
"1.3.2.06.02.08.020","Radio Link","0071",,"Rocket M2 / Radio Link AP",,"Unit","2731660","Pembelian","2015-12-31","DISKOMINSA","Intra","UPTD Telematika/BA: 10/08/BA-PP/2015 (Radio Link AP 2,4 Ghz)","0",,"0000-00-00",,NULL
"1.3.2.06.02.08.020","Radio Link","0072",,"Rocket M2 / Radio Link AP",,"Unit","2731660","Pembelian","2015-12-31","DISKOMINSA","Intra","UPTD Telematika/BA: 10/08/BA-PP/2015 (Radio Link AP 2,4 Ghz)","0",,"0000-00-00",,NULL
"1.3.2.06.02.08.020","Radio Link","0073",,"Rocket M2 / Radio Link AP",,"Unit","2731660","Pembelian","2015-12-31","DISKOMINSA","Intra","UPTD Telematika/BA: 10/08/BA-PP/2015 (Radio Link AP 2,4 Ghz)","0",,"0000-00-00",,NULL
"1.3.2.06.02.08.020","Radio Link","0074",,"Rocket M2 / Radio Link AP",,"Unit","2731660","Pembelian","2015-12-31","DISKOMINSA","Intra","UPTD Telematika/BA: 10/08/BA-PP/2015 (Radio Link AP 2,4 Ghz)","0",,"0000-00-00",,NULL
"1.3.2.06.02.08.020","Radio Link","0075",,"Rocket M2 / Radio Link AP",,"Unit","2731660","Pembelian","2015-12-31","DISKOMINSA","Intra","UPTD Telematika/BA: 10/08/BA-PP/2015 (Radio Link AP 2,4 Ghz)","0",,"0000-00-00",,NULL
"1.3.2.06.02.08.020","Radio Link","0076",,"Rocket M2 / Radio Link AP",,"Unit","2731660","Pembelian","2015-12-31","DISKOMINSA","Intra","UPTD Telematika/BA: 10/08/BA-PP/2015 (Radio Link AP 2,4 Ghz)","0",,"0000-00-00",,NULL
"1.3.2.06.02.08.020","Radio Link","0077",,"Rocket M2 / Radio Link AP",,"Unit","2731660","Pembelian","2015-12-31","DISKOMINSA","Intra","UPTD Telematika/BA: 10/08/BA-PP/2015 (Radio Link AP 2,4 Ghz)","0",,"0000-00-00",,NULL
"1.3.2.06.02.08.020","Radio Link","0078",,"Rocket M2 / Radio Link AP",,"Unit","2731660","Pembelian","2015-12-31","DISKOMINSA","Intra","UPTD Telematika/BA: 10/08/BA-PP/2015 (Radio Link AP 2,4 Ghz)","0",,"0000-00-00",,NULL
"1.3.2.06.02.08.020","Radio Link","0079",,"Rocket M2 / Radio Link AP",,"Unit","2731660","Pembelian","2015-12-31","DISKOMINSA","Intra","UPTD Telematika/BA: 10/08/BA-PP/2015 (Radio Link AP 2,4 Ghz)","0",,"0000-00-00",,NULL
"1.3.2.06.02.08.020","Radio Link","0080",,"Rocket M2 / Radio Link AP",,"Unit","2731660","Pembelian","2015-12-31","DISKOMINSA","Intra","UPTD Telematika/BA: 10/08/BA-PP/2015 (Radio Link AP 2,4 Ghz)","0",,"0000-00-00",,NULL
"1.3.2.06.02.08.020","Radio Link","0081",,"Rocket M2 / Radio Link AP",,"Unit","2731660","Pembelian","2015-12-31","DISKOMINSA","Intra","UPTD Telematika/BA: 10/08/BA-PP/2015 (Radio Link AP 2,4 Ghz)","0",,"0000-00-00",,NULL
"1.3.2.06.02.08.020","Radio Link","0082",,"Rocket M2 / Radio Link AP",,"Unit","2731660","Pembelian","2015-12-31","DISKOMINSA","Intra","UPTD Telematika/BA: 10/08/BA-PP/2015 (Radio Link AP 2,4 Ghz)","0",,"0000-00-00",,NULL
"1.3.2.06.02.08.020","Radio Link","0083",,"Perangkat Radio Gateway",,"Unit","159230000","Pembelian","2015-12-31","DISKOMINSA","Intra","UPTD Telematika/BA: 10/16/BA-PP/2015 (Perangkat Monitoring Gateway dan Lanjutan Pembangunan Radio Ga","0",,"0000-00-00",,NULL
"1.3.2.06.02.08.020","Radio Link","0084",,"- / Radio PTP",,"Unit","388080000","Pembelian","2015-12-31","DISKOMINSA","Intra","UPTD Telematika (Radio PTP BTS Pendukung)","0",,"0000-00-00",,NULL
"1.3.2.06.02.08.020","Radio Link","0085",,"Ubiquiti",,"Unit","2518800","Pembelian","2016-12-31","DISKOMINSA","Intra","UPTD Telematika BA: 10/06/BA-PP/2016 (Radio Link 5,8 GHz Untuk Client/SKPA + Jasa Pemasangan)","0",,"0000-00-00",,NULL
"1.3.2.06.02.08.020","Radio Link","0086",,"Ubiquiti",,"Unit","2518800","Pembelian","2016-12-31","DISKOMINSA","Intra","UPTD Telematika BA: 10/06/BA-PP/2016 (Radio Link 5,8 GHz Untuk Client/SKPA + Jasa Pemasangan)","0",,"0000-00-00",,NULL
"1.3.2.06.02.08.020","Radio Link","0087",,"Ubiquiti",,"Unit","2518800","Pembelian","2016-12-31","DISKOMINSA","Intra","UPTD Telematika BA: 10/06/BA-PP/2016 (Radio Link 5,8 GHz Untuk Client/SKPA + Jasa Pemasangan)","0",,"0000-00-00",,NULL
"1.3.2.06.02.08.020","Radio Link","0088",,"Ubiquiti",,"Unit","2518800","Pembelian","2016-12-31","DISKOMINSA","Intra","UPTD Telematika BA: 10/06/BA-PP/2016 (Radio Link 5,8 GHz Untuk Client/SKPA + Jasa Pemasangan)","0",,"0000-00-00",,NULL
"1.3.2.06.02.08.020","Radio Link","0089",,"Ubiquiti",,"Unit","2518800","Pembelian","2016-12-31","DISKOMINSA","Intra","UPTD Telematika BA: 10/06/BA-PP/2016 (Radio Link 5,8 GHz Untuk Client/SKPA + Jasa Pemasangan)","0",,"0000-00-00",,NULL
"1.3.2.06.02.08.020","Radio Link","0090",,"Ubiquiti",,"Unit","2518800","Pembelian","2016-12-31","DISKOMINSA","Intra","UPTD Telematika BA: 10/06/BA-PP/2016 (Radio Link 5,8 GHz Untuk Client/SKPA + Jasa Pemasangan)","0",,"0000-00-00",,NULL
"1.3.2.06.02.08.020","Radio Link","0091",,"Ubiquiti",,"Unit","2518800","Pembelian","2016-12-31","DISKOMINSA","Intra","UPTD Telematika BA: 10/06/BA-PP/2016 (Radio Link 5,8 GHz Untuk Client/SKPA + Jasa Pemasangan)","0",,"0000-00-00",,NULL
"1.3.2.06.02.08.020","Radio Link","0092",,"Ubiquiti",,"Unit","2518800","Pembelian","2016-12-31","DISKOMINSA","Intra","UPTD Telematika BA: 10/06/BA-PP/2016 (Radio Link 5,8 GHz Untuk Client/SKPA + Jasa Pemasangan)","0",,"0000-00-00",,NULL
"1.3.2.06.02.08.020","Radio Link","0093",,"Ubiquiti",,"Unit","2518800","Pembelian","2016-12-31","DISKOMINSA","Intra","UPTD Telematika BA: 10/06/BA-PP/2016 (Radio Link 5,8 GHz Untuk Client/SKPA + Jasa Pemasangan)","0",,"0000-00-00",,NULL
"1.3.2.06.02.08.020","Radio Link","0094",,"Ubiquiti",,"Unit","2518800","Pembelian","2016-12-31","DISKOMINSA","Intra","UPTD Telematika BA: 10/06/BA-PP/2016 (Radio Link 5,8 GHz Untuk Client/SKPA + Jasa Pemasangan)","0",,"0000-00-00",,NULL
"1.3.2.06.02.08.020","Radio Link","0095",,"Ubiquiti",,"Unit","2518800","Pembelian","2016-12-31","DISKOMINSA","Intra","UPTD Telematika BA: 10/06/BA-PP/2016 (Radio Link 5,8 GHz Untuk Client/SKPA + Jasa Pemasangan)","0",,"0000-00-00",,NULL
"1.3.2.06.02.08.020","Radio Link","0096",,"Ubiquiti",,"Unit","2518800","Pembelian","2016-12-31","DISKOMINSA","Intra","UPTD Telematika BA: 10/06/BA-PP/2016 (Radio Link 5,8 GHz Untuk Client/SKPA + Jasa Pemasangan)","0",,"0000-00-00",,NULL
"1.3.2.06.02.08.020","Radio Link","0097",,"Ubiquiti",,"Unit","2518800","Pembelian","2016-12-31","DISKOMINSA","Intra","UPTD Telematika BA: 10/06/BA-PP/2016 (Radio Link 5,8 GHz Untuk Client/SKPA + Jasa Pemasangan)","0",,"0000-00-00",,NULL
"1.3.2.06.02.08.020","Radio Link","0098",,"Ubiquiti",,"Unit","2518800","Pembelian","2016-12-31","DISKOMINSA","Intra","UPTD Telematika BA: 10/06/BA-PP/2016 (Radio Link 5,8 GHz Untuk Client/SKPA + Jasa Pemasangan)","0",,"0000-00-00",,NULL
"1.3.2.06.02.08.020","Radio Link","0099",,"Ubiquiti",,"Unit","2518800","Pembelian","2016-12-31","DISKOMINSA","Intra","UPTD Telematika BA: 10/06/BA-PP/2016 (Radio Link 5,8 GHz Untuk Client/SKPA + Jasa Pemasangan)","0",,"0000-00-00",,NULL
"1.3.2.06.02.08.020","Radio Link","0100",,"Ubiquiti",,"Unit","2518800","Pembelian","2016-12-31","DISKOMINSA","Intra","UPTD Telematika BA: 10/06/BA-PP/2016 (Radio Link 5,8 GHz Untuk Client/SKPA + Jasa Pemasangan)","0",,"0000-00-00",,NULL
"1.3.2.06.02.08.020","Radio Link","0101",,"Ubiquiti",,"Unit","2518800","Pembelian","2016-12-31","DISKOMINSA","Intra","UPTD Telematika BA: 10/06/BA-PP/2016 (Radio Link 5,8 GHz Untuk Client/SKPA + Jasa Pemasangan)","0",,"0000-00-00",,NULL
"1.3.2.06.02.08.020","Radio Link","0102",,"Ubiquiti",,"Unit","2518800","Pembelian","2016-12-31","DISKOMINSA","Intra","UPTD Telematika BA: 10/06/BA-PP/2016 (Radio Link 5,8 GHz Untuk Client/SKPA + Jasa Pemasangan)","0",,"0000-00-00",,NULL
"1.3.2.06.02.08.020","Radio Link","0103",,"Ubiquiti",,"Unit","2518800","Pembelian","2016-12-31","DISKOMINSA","Intra","UPTD Telematika BA: 10/06/BA-PP/2016 (Radio Link 5,8 GHz Untuk Client/SKPA + Jasa Pemasangan)","0",,"0000-00-00",,NULL
"1.3.2.06.02.08.020","Radio Link","0104",,"Ubiquiti",,"Unit","2518800","Pembelian","2016-12-31","DISKOMINSA","Intra","UPTD Telematika BA: 10/06/BA-PP/2016 (Radio Link 5,8 GHz Untuk Client/SKPA + Jasa Pemasangan)","0",,"0000-00-00",,NULL
"1.3.2.06.02.08.020","Radio Link","0105",,"Ubiquiti",,"Unit","2518800","Pembelian","2016-12-31","DISKOMINSA","Intra","UPTD Telematika BA: 10/06/BA-PP/2016 (Radio Link 5,8 GHz Untuk Client/SKPA + Jasa Pemasangan)","0",,"0000-00-00",,NULL
"1.3.2.06.02.08.020","Radio Link","0106",,"Ubiquiti",,"Unit","2518800","Pembelian","2016-12-31","DISKOMINSA","Intra","UPTD Telematika BA: 10/06/BA-PP/2016 (Radio Link 5,8 GHz Untuk Client/SKPA + Jasa Pemasangan)","0",,"0000-00-00",,NULL
"1.3.2.06.02.08.020","Radio Link","0107",,"Ubiquiti",,"Unit","2518800","Pembelian","2016-12-31","DISKOMINSA","Intra","UPTD Telematika BA: 10/06/BA-PP/2016 (Radio Link 5,8 GHz Untuk Client/SKPA + Jasa Pemasangan)","0",,"0000-00-00",,NULL
"1.3.2.06.02.08.020","Radio Link","0108",,"Ubiquiti",,"Unit","2518800","Pembelian","2016-12-31","DISKOMINSA","Intra","UPTD Telematika BA: 10/06/BA-PP/2016 (Radio Link 5,8 GHz Untuk Client/SKPA + Jasa Pemasangan)","0",,"0000-00-00",,NULL
"1.3.2.06.02.08.020","Radio Link","0109",,"Ubiquiti",,"Unit","2518800","Pembelian","2016-12-31","DISKOMINSA","Intra","UPTD Telematika BA: 10/06/BA-PP/2016 (Radio Link 5,8 GHz Untuk Client/SKPA + Jasa Pemasangan)","0",,"0000-00-00",,NULL
"1.3.2.06.02.08.020","Radio Link","0110",,,,"Unit","23705000","Pembelian","2016-12-31","DISKOMINSA","Intra","Radio PTP BTS (Radio link PtP 5,8 GHz, Mounting, Ongkos Pasang) -- UPTD Telematika BA: 10/19/BA-PP/2","0",,"0000-00-00",,NULL
"1.3.2.06.02.08.020","Radio Link","0111",,,,"Unit","23705000","Pembelian","2016-12-31","DISKOMINSA","Intra","Radio PTP BTS (Radio link PtP 5,8 GHz, Mounting, Ongkos Pasang) -- UPTD Telematika BA: 10/19/BA-PP/2","0",,"0000-00-00",,NULL
"1.3.2.06.02.08.020","Radio Link","0112",,,,"Unit","23705000","Pembelian","2016-12-31","DISKOMINSA","Intra","Radio PTP BTS (Radio link PtP 5,8 GHz, Mounting, Ongkos Pasang) -- UPTD Telematika BA: 10/19/BA-PP/2","0",,"0000-00-00",,NULL
"1.3.2.06.02.08.020","Radio Link","0113",,,,"Unit","23705000","Pembelian","2016-12-31","DISKOMINSA","Intra","Radio PTP BTS (Radio link PtP 5,8 GHz, Mounting, Ongkos Pasang) -- UPTD Telematika BA: 10/19/BA-PP/2","0",,"0000-00-00",,NULL
"1.3.2.06.02.08.020","Radio Link","0114",,,,"Unit","23705000","Pembelian","2016-12-31","DISKOMINSA","Intra","Radio PTP BTS (Radio link PtP 5,8 GHz, Mounting, Ongkos Pasang) -- UPTD Telematika BA: 10/19/BA-PP/2","0",,"0000-00-00",,NULL
"1.3.2.06.02.08.020","Radio Link","0115",,,,"Unit","23705000","Pembelian","2016-12-31","DISKOMINSA","Intra","Radio PTP BTS (Radio link PtP 5,8 GHz, Mounting, Ongkos Pasang) -- UPTD Telematika BA: 10/19/BA-PP/2","0",,"0000-00-00",,NULL
"1.3.2.06.02.08.020","Radio Link","0116",,,,"Unit","23705000","Pembelian","2016-12-31","DISKOMINSA","Intra","Radio PTP BTS (Radio link PtP 5,8 GHz, Mounting, Ongkos Pasang) -- UPTD Telematika BA: 10/19/BA-PP/2","0",,"0000-00-00",,NULL
"1.3.2.06.02.08.020","Radio Link","0117",,,,"Unit","23705000","Pembelian","2016-12-31","DISKOMINSA","Intra","Radio PTP BTS (Radio link PtP 5,8 GHz, Mounting, Ongkos Pasang) -- UPTD Telematika BA: 10/19/BA-PP/2","0",,"0000-00-00",,NULL
"1.3.2.06.02.08.020","Radio Link","0118",,"Ubiquiti",,"Unit","12705000","Pembelian","2017-12-31","DISKOMINSA","Intra","Radio Link Access Point 2,4 GHz (Ubiquiti Rocket M2); Antena Access Point 2,4 GHz (Ubiquiti AirMax A","0",,"0000-00-00",,NULL
"1.3.2.06.02.08.020","Radio Link","0119",,"Ubiquiti",,"Unit","12705000","Pembelian","2017-12-31","DISKOMINSA","Intra","Radio Link Access Point 2,4 GHz (Ubiquiti Rocket M2); Antena Access Point 2,4 GHz (Ubiquiti AirMax A","0",,"0000-00-00",,NULL
"1.3.2.06.02.08.020","Radio Link","0120",,"Ubiquiti",,"Unit","12705000","Pembelian","2017-12-31","DISKOMINSA","Intra","Radio Link Access Point 2,4 GHz (Ubiquiti Rocket M2); Antena Access Point 2,4 GHz (Ubiquiti AirMax A","0",,"0000-00-00",,NULL
"1.3.2.06.02.08.020","Radio Link","0121",,"Ubiquiti",,"Unit","12705000","Pembelian","2017-12-31","DISKOMINSA","Intra","Radio Link Access Point 2,4 GHz (Ubiquiti Rocket M2); Antena Access Point 2,4 GHz (Ubiquiti AirMax A","0",,"0000-00-00",,NULL
"1.3.2.06.02.08.020","Radio Link","0122",,"Ubiquiti",,"Unit","12705000","Pembelian","2017-12-31","DISKOMINSA","Intra","Radio Link Access Point 2,4 GHz (Ubiquiti Rocket M2); Antena Access Point 2,4 GHz (Ubiquiti AirMax A","0",,"0000-00-00",,NULL
"1.3.2.06.02.08.020","Radio Link","0123",,"Ubiquiti",,"Unit","12705000","Pembelian","2017-12-31","DISKOMINSA","Intra","Radio Link Access Point 2,4 GHz (Ubiquiti Rocket M2); Antena Access Point 2,4 GHz (Ubiquiti AirMax A","0",,"0000-00-00",,NULL
"1.3.2.06.02.08.020","Radio Link","0124",,"Ubiquiti",,"Unit","12705000","Pembelian","2017-12-31","DISKOMINSA","Intra","Radio Link Access Point 2,4 GHz (Ubiquiti Rocket M2); Antena Access Point 2,4 GHz (Ubiquiti AirMax A","0",,"0000-00-00",,NULL
"1.3.2.06.02.08.020","Radio Link","0125",,"Ubiquiti",,"Unit","12705000","Pembelian","2017-12-31","DISKOMINSA","Intra","Radio Link Access Point 2,4 GHz (Ubiquiti Rocket M2); Antena Access Point 2,4 GHz (Ubiquiti AirMax A","0",,"0000-00-00",,NULL
"1.3.2.06.02.09.003","Controll Center","0001",,"Extron MLC 226 IP Series",,"Unit","15400000","Pembelian","2012-12-31","DISKOMINSA","Intra","Media Link Kontroler","0",,"0000-00-00",,NULL
"1.3.2.06.02.09.005","Network Monitoring System","0001",,"HD Video Wall Controller",,"Unit","14927000","Pembelian","2019-12-31","DISKOMINSA","Intra","Pengadaan Videowall Controller Monitoring Jaringan (TIK) (DAU)","0",,"0000-00-00",,NULL
"1.3.2.06.02.09.012","Repeater RX/TX","0002",,"MOTOROLLA / CDR 500",,"Unit","2200000","Pembelian","2011-12-31","DISKOMINSA","Intra","Repeater, Aceh Tengah (posisi di RAPI Aceh Tengah)","0",,"0000-00-00",,NULL
"1.3.2.06.02.09.012","Repeater RX/TX","0004",,"MOTORLLA",,"Unit","6435000","Pembelian","2011-12-31","DISKOMINSA","Intra","Refeater (Duplexer Cell Wive), Aceh Tengah","0",,"0000-00-00",,NULL
"1.3.2.06.02.09.012","Repeater RX/TX","0005",,"MOTOROLLA / CDR-500",,"Unit","2200000","Pembelian","2011-12-31","DISKOMINSA","Intra","Reklas dari TDF (2020), Repeater, Aceh Timur","0",,"0000-00-00",,NULL
"1.3.2.06.02.09.012","Repeater RX/TX","0006",,"MOTOROLLA",,"Unit","6050000","Pembelian","2011-12-31","DISKOMINSA","Intra","Reklas dari TDF (2020), Repeater (Duplexer Cell Wive), Aceh Timur","0",,"0000-00-00",,NULL
"1.3.2.06.02.09.012","Repeater RX/TX","0007",,"Motorolla / CDR 500",,"Unit","2200000","Pembelian","2011-12-31","DISKOMINSA","Intra","Reklas dari TDF (2020), Repeater, Peningkatan Kualitas Signal Fasilitas Radio Interkoneksi Lokasi Ko","0",,"0000-00-00",,NULL
"1.3.2.06.02.09.012","Repeater RX/TX","0008",,"Motorolla",,"Unit","5830000","Pembelian","2011-12-31","DISKOMINSA","Intra","Reklas dari TDF (2020), Repeater (Duplexer Cell Wive), Peningkatan Kualitas Signal Fasilitas Radio I","0",,"0000-00-00",,NULL
"1.3.2.06.02.09.012","Repeater RX/TX","0009",,"Motorolla / CDR 500",,"Unit","27940000","Pembelian","2012-12-31","DISKOMINSA","Intra","Repeater, Peningkatan Kualitas Signal Fasilitas Radio Interkoneksi Perhubungan Kota Banda Aceh","0",,"0000-00-00",,NULL
"1.3.2.06.02.09.012","Repeater RX/TX","0010",,"Motorolla / CDR 500",,"Unit","12980000","Pembelian","2012-12-31","DISKOMINSA","Intra","Repeater, Peningkatan Kualitas Signal Fasilitas Radio Interkoneksi Perhubungan Kota Banda Aceh","0",,"0000-00-00",,NULL
"1.3.2.06.02.09.012","Repeater RX/TX","0011",,"Motorolla / CDR 500",,"Unit","12925000","Pembelian","2012-12-31","DISKOMINSA","Intra","Repeater, Peningkatan Kualitas Signal Fasilitas Radio  Interkoneksi Kabupaten Nagan Raya","0",,"0000-00-00",,NULL
"1.3.2.06.02.09.012","Repeater RX/TX","0012",,"Motorolla / CDR 500",,"Unit","33055000","Pembelian","2012-12-31","DISKOMINSA","Intra","Repeater, Peningkatan Kualitas Signal Fasilitas Radio Link Interkoneksi Perhubungan Lokasi Saree","0",,"0000-00-00",,NULL
"1.3.2.06.02.09.012","Repeater RX/TX","0013",,"Outdoor",,"Unit","3523000","Pembelian","2013-12-31","DISKOMINSA","Intra","Reklas dari TDF (2020), Box Repeater. Subulussalam","0",,"0000-00-00",,NULL
"1.3.2.06.02.09.012","Repeater RX/TX","0014",,"Motorola  / CDR 500",,"Unit","30542000","Pembelian","2013-12-31","DISKOMINSA","Intra","Reklas dari TDF (2020), Repeater. Subulussalam","0",,"0000-00-00",,NULL
"1.3.2.06.02.09.012","Repeater RX/TX","0015",,"- / alat Komunikasi dan r",,"Unit","184760000","Pembelian","2015-12-31","DISKOMINSA","Intra","Postel/BA: 06/03/BA-PP/2015 (Alat Komunikasi dan Repeater Link untuk RAPI Aceh)","0",,"0000-00-00",,NULL
"1.3.2.06.02.09.012","Repeater RX/TX","0016",,"- / Fasilitas Interkoneks",,"Unit","174800000","Pembelian","2015-12-31","DISKOMINSA","Intra","Postel/BA: 06/04/BA-PP/2015 (Fasilitas Interkoneksi Komunikasi Radio di Kota Lhokseumawe)","0",,"0000-00-00",,NULL
"1.3.2.06.02.09.012","Repeater RX/TX","0019",,"- / Fasilitas Radio Base",,"Unit","11000000","Pembelian","2015-12-31","DISKOMINSA","Intra","Postel/BA: 06/09/BA-PP/2015 (Fasilitas Radio Base Internet (point to point))","0",,"0000-00-00",,NULL
"1.3.2.06.02.09.012","Repeater RX/TX","0020",,"ICOM AT-130 / Tuner HF au",,"Unit","3900000","Pembelian","2015-12-31","DISKOMINSA","Intra","UPTD Telematika/BA: 10/19/BA-PP/2015 (Tuner HF automatic)","0",,"0000-00-00",,NULL
"1.3.2.06.02.09.012","Repeater RX/TX","0021",,"NT-636 / Tuner HF Manual",,"Unit","3900000","Pembelian","2015-12-31","DISKOMINSA","Intra","UPTD Telematika/BA: 10/19/BA-PP/2015 (Tuner HF Manual)","0",,"0000-00-00",,NULL
"1.3.2.06.02.09.012","Repeater RX/TX","0022",,,,"Unit","57827000","Pembelian","2016-12-31","DISKOMINSA","Intra","Pengadaan Repeater Lokasi Dishub Abdya -- UPTD Telematika BA: 10/14/BA-PP/2016 (Repeater Rp.28.600.0","0",,"0000-00-00",,NULL
"1.3.2.06.02.09.012","Repeater RX/TX","0023",,,,"Unit","44623000","Pembelian","2016-12-31","DISKOMINSA","Intra","Pengadaan Repeater Lokasi Pelabuhan Labuhan Haji Aceh Selatan -- UPTD Telematika BA: 10/14/BA-PP/201","0",,"0000-00-00",,NULL
"1.3.2.06.02.09.012","Repeater RX/TX","0025",,"Duplexer",,"Unit","6355500","Pembelian","2017-12-31","DISKOMINSA","Intra","Duplexer Banda Aceh -- Pengadaan Repeater VHF (Complit) Lokasi Pidie Jaya dan Banda Aceh (UPTD Telem","0",,"0000-00-00",,NULL
"1.3.2.06.02.10.002","VSAT System for Remote Terminal","0001",,"Terminal VSAT dan Koneksi",,"Unit","2147483647","Hibah","2006-12-31","DISKOMINSA","Intra","Pengadaan Terminal VSAT dan Koneksi Internet (Tersebar di Prov. Aceh dan Nias) No. Kontrak S.0003/P.","0",,"0000-00-00",,NULL
"1.3.2.06.02.10.002","VSAT System for Remote Terminal","0002",,,,"Unit","1495780000","Pembelian","2008-12-31","DISKOMINSA","Intra","Accesories VSAT Lengkap Dngan Komponen nya.","0",,"0000-00-00",,NULL
"1.3.2.06.02.10.002","VSAT System for Remote Terminal","0003",,"Prodelin",,"Unit","412720000","Pembelian","2008-12-31","DISKOMINSA","Intra","Reklas dari TDF (2020), Perangkat VSAT","0",,"0000-00-00",,NULL
"1.3.2.06.03.07.001","Antene HF/SW Portable","0001",,"HF Portable / HF Portable",,"Unit","2158750","Pembelian","2015-12-31","DISKOMINSA","Intra","UPTD Telematika/BA: 10/17/BA-PP/2015 ( Antena Vertikal)","0",,"0000-00-00",,NULL
"1.3.2.06.03.07.001","Antene HF/SW Portable","0002",,"HF Portable / HF Portable",,"Unit","2158750","Pembelian","2015-12-31","DISKOMINSA","Intra","UPTD Telematika/BA: 10/17/BA-PP/2015 ( Antena Vertikal)","0",,"0000-00-00",,NULL
"1.3.2.06.03.07.001","Antene HF/SW Portable","0003",,"Antena Vertical HF Broadb",,"Unit","6707125","Pembelian","2019-12-31","DISKOMINSA","Intra","Pengadaan Peralatan Pendukung Alat Komunikasi Mobil Box Jaringan (PAA)","0",,"0000-00-00",,NULL
"1.3.2.06.03.07.002","Antene HF/SW Transportable","0010",,"Antenna Vertical",,"Unit","4735000","Pembelian","2015-12-31","DISKOMINSA","Intra","UPTD Telematika/BA: 10/19/BA-PP/2015 (Antenna Vertical)","0",,"0000-00-00",,NULL
"1.3.2.06.03.08.001","Antene VHF/FM Portable","0001",,"Kenwood",,"Unit","506000","Pembelian","2012-12-31","DISKOMINSA","Extra","Antenna VHF Mobile, Peralatan Penguatan Jaringan Mobil Monitoring","0",,"0000-00-00",,NULL
"1.3.2.06.03.08.001","Antene VHF/FM Portable","0002",,"Kenwood",,"Unit","506000","Pembelian","2012-12-31","DISKOMINSA","Extra","Antenna VHF Mobile, Peralatan Penguatan Jaringan Mobil Monitoring","0",,"0000-00-00",,NULL
"1.3.2.06.03.08.001","Antene VHF/FM Portable","0003",,"Kenwood",,"Unit","506000","Pembelian","2012-12-31","DISKOMINSA","Extra","Antenna VHF Mobile, Peralatan Penguatan Jaringan Mobil Monitoring","0",,"0000-00-00",,NULL
"1.3.2.06.03.08.001","Antene VHF/FM Portable","0004",,"Antena Sektoral 5 Ghz Ubi",,"Unit","3742600","Pembelian","2019-12-31","DISKOMINSA","Intra","Pengadaan Router dan Akses Point untuk Kebutuhan Interkoneksi E-Aceh (MIGAS ACEH)","0",,"0000-00-00",,NULL
"1.3.2.06.03.08.001","Antene VHF/FM Portable","0005",,"Antena Sektoral 5 Ghz Ubi",,"Unit","3742600","Pembelian","2019-12-31","DISKOMINSA","Intra","Pengadaan Router dan Akses Point untuk Kebutuhan Interkoneksi E-Aceh (MIGAS ACEH)","0",,"0000-00-00",,NULL
"1.3.2.06.03.08.003","Antene VHF/FM Stationary","0008",,"OMNI HUSTLER / G7",,"Unit","6138000","Pembelian","2011-12-31","DISKOMINSA","Intra","Antenna, Aceh Timur","0",,"0000-00-00",,NULL
"1.3.2.06.03.08.003","Antene VHF/FM Stationary","0009",,"YAGI / 13 ELEMEN",,"Unit","5500000","Pembelian","2011-12-31","DISKOMINSA","Intra","Antenna (Directional Cuscraft), Aceh Timur","0",,"0000-00-00",,NULL
"1.3.2.06.03.08.003","Antene VHF/FM Stationary","0010",,"Omni Hustler / G7",,"Unit","6138000","Pembelian","2011-12-31","DISKOMINSA","Intra","Antenna, Aceh Tengah","0",,"0000-00-00",,NULL
"1.3.2.06.03.08.003","Antene VHF/FM Stationary","0011",,"YAGi / 13 Elemen",,"Unit","5500000","Pembelian","2011-12-31","DISKOMINSA","Intra","Antenna (Directional Cuscraft), Aceh Tengah","0",,"0000-00-00",,NULL
"1.3.2.06.03.08.003","Antene VHF/FM Stationary","0012",,"DATA LINK / 15 dBi Gain",,"Unit","2090000","Pembelian","2011-12-31","DISKOMINSA","Intra","Antenna Omni","0",,"0000-00-00",,NULL
"1.3.2.06.03.08.003","Antene VHF/FM Stationary","0013",,"DATA LINK / 15 dBi Gain",,"Unit","2090000","Pembelian","2011-12-31","DISKOMINSA","Intra","Antenna Omni","0",,"0000-00-00",,NULL
"1.3.2.06.03.08.003","Antene VHF/FM Stationary","0014",,"OMNI HUSTLER / G7",,"Unit","6107000","Pembelian","2011-12-31","DISKOMINSA","Intra","Reklas dari TDF (2020), Antenna, Peningkatan Kualitas Signal Fasilitas Radio Interkoneksi Lokasi Kot","0",,"0000-00-00",,NULL
"1.3.2.06.03.08.003","Antene VHF/FM Stationary","0015",,"YAGI / 13 Elemen",,"Unit","5500000","Pembelian","2011-12-31","DISKOMINSA","Intra","Reklas dari TDF (2020), Antenna (Directional Cuscraft), Peningkatan Kualitas Signal Fasilitas Radio","0",,"0000-00-00",,NULL
"1.3.2.06.03.08.003","Antene VHF/FM Stationary","0016",,"Omni Directional / G7-150",,"Unit","7150000","Pembelian","2012-12-31","DISKOMINSA","Intra","Antenna","0",,"0000-00-00",,NULL
"1.3.2.06.03.08.003","Antene VHF/FM Stationary","0017",,"Omni Directional / G7-150",,"Unit","7150000","Pembelian","2012-12-31","DISKOMINSA","Intra","Antenna","0",,"0000-00-00",,NULL
"1.3.2.06.03.08.003","Antene VHF/FM Stationary","0018",,"OMNi Directional / G7-144",,"Unit","7150000","Pembelian","2012-12-31","DISKOMINSA","Intra","Antenna","0",,"0000-00-00",,NULL
"1.3.2.06.03.08.003","Antene VHF/FM Stationary","0019",,"OMNi Directional / G7-144",,"Unit","7150000","Pembelian","2012-12-31","DISKOMINSA","Intra","Antenna","0",,"0000-00-00",,NULL
"1.3.2.06.03.08.003","Antene VHF/FM Stationary","0020",,"OMNI Directional / HY-GAI",,"Unit","1320000","Pembelian","2012-12-31","DISKOMINSA","Intra","Antenna","0",,"0000-00-00",,NULL
"1.3.2.06.03.08.003","Antene VHF/FM Stationary","0021",,"OMNI Directional / HY-GAI",,"Unit","1320000","Pembelian","2012-12-31","DISKOMINSA","Intra","Antenna","0",,"0000-00-00",,NULL
"1.3.2.06.03.08.003","Antene VHF/FM Stationary","0022",,"OMNI HUSTLER / G7",,"Unit","7040000","Pembelian","2012-12-31","DISKOMINSA","Intra","Antenna, Peningkatan Kualitas Signal Fasilitas Radio Interkoneksi Perhubungan Kota Banda Aceh","0",,"0000-00-00",,NULL
"1.3.2.06.03.08.003","Antene VHF/FM Stationary","0023",,"OMNI HUSTLER / G7",,"Unit","7040000","Pembelian","2012-12-31","DISKOMINSA","Intra","Antenna, Peningkatan Kualitas Signal Fasilitas Radio Interkoneksi Perhubungan Kota Banda Aceh","0",,"0000-00-00",,NULL
"1.3.2.06.03.08.003","Antene VHF/FM Stationary","0024",,"OMNI HUSTLER / G7",,"Unit","29590000","Pembelian","2012-12-31","DISKOMINSA","Intra","Antenna, Peningkatan Kualitas Signal Fasilitas Radio Interkoneksi Kabupaten Aceh Besar","0",,"0000-00-00",,NULL
"1.3.2.06.03.08.003","Antene VHF/FM Stationary","0025",,"OMNI HUSTLER / G7",,"Unit","11770000","Pembelian","2012-12-31","DISKOMINSA","Intra","Antenna, Peningkatan Kualitas Signal Fasilitas Radio  Interkoneksi Kabupaten Nagan Raya","0",,"0000-00-00",,NULL
"1.3.2.06.03.08.003","Antene VHF/FM Stationary","0026",,"OMNI HUSTLER / G7",,"Unit","11770000","Pembelian","2012-12-31","DISKOMINSA","Intra","Antenna, Peningkatan Kualitas Signal Fasilitas Radio  Interkoneksi Kabupaten Nagan Raya","0",,"0000-00-00",,NULL
"1.3.2.06.03.08.003","Antene VHF/FM Stationary","0027",,,,"Unit","2090000","Pembelian","2012-12-31","DISKOMINSA","Intra","Wireelees Outdoor Komplit, Antenna Hyperlink","0",,"0000-00-00",,NULL
"1.3.2.06.03.08.003","Antene VHF/FM Stationary","0028",,,,"Unit","2090000","Pembelian","2012-12-31","DISKOMINSA","Intra","Wireelees Outdoor Komplit, Antenna Hyperlink","0",,"0000-00-00",,NULL
"1.3.2.06.03.08.003","Antene VHF/FM Stationary","0029",,,,"Unit","2090000","Pembelian","2012-12-31","DISKOMINSA","Intra","Wireelees Outdoor Komplit, Antenna Hyperlink","0",,"0000-00-00",,NULL
"1.3.2.06.03.08.003","Antene VHF/FM Stationary","0030",,,,"Unit","2090000","Pembelian","2012-12-31","DISKOMINSA","Intra","Wireelees Outdoor Komplit, Antenna Hyperlink","0",,"0000-00-00",,NULL
"1.3.2.06.03.08.003","Antene VHF/FM Stationary","0031",,,,"Unit","2090000","Pembelian","2012-12-31","DISKOMINSA","Intra","Wireelees Outdoor Komplit, Antenna Hyperlink","0",,"0000-00-00",,NULL
"1.3.2.06.03.08.003","Antene VHF/FM Stationary","0032",,,,"Unit","2090000","Pembelian","2012-12-31","DISKOMINSA","Intra","Wireelees Outdoor Komplit, Antenna Hyperlink","0",,"0000-00-00",,NULL
"1.3.2.06.03.08.003","Antene VHF/FM Stationary","0033",,,,"Unit","2090000","Pembelian","2012-12-31","DISKOMINSA","Intra","Wireelees Outdoor Komplit, Antenna Hyperlink","0",,"0000-00-00",,NULL
"1.3.2.06.03.08.003","Antene VHF/FM Stationary","0034",,,,"Unit","2090000","Pembelian","2012-12-31","DISKOMINSA","Intra","Wireelees Outdoor Komplit, Antenna Hyperlink","0",,"0000-00-00",,NULL
"1.3.2.06.03.08.003","Antene VHF/FM Stationary","0035",,"Kenwood / F-23",,"Unit","2277000","Pembelian","2012-12-31","DISKOMINSA","Intra","Antenna VHF F23, Peralatan Penguatan Jaringan Mobil Monitoring","0",,"0000-00-00",,NULL
"1.3.2.06.03.08.003","Antene VHF/FM Stationary","0036",,"Mounting Bracket",,"Unit","825000","Pembelian","2012-12-31","DISKOMINSA","Extra","Antenna","0",,"0000-00-00",,NULL
"1.3.2.06.03.08.003","Antene VHF/FM Stationary","0037",,"Mounting Bracket",,"Unit","825000","Pembelian","2012-12-31","DISKOMINSA","Extra","Antenna","0",,"0000-00-00",,NULL
"1.3.2.06.03.08.003","Antene VHF/FM Stationary","0038",,"Mounting Bracket",,"Unit","825000","Pembelian","2012-12-31","DISKOMINSA","Extra","Antenna","0",,"0000-00-00",,NULL
"1.3.2.06.03.08.003","Antene VHF/FM Stationary","0039",,"Mounting Bracket",,"Unit","825000","Pembelian","2012-12-31","DISKOMINSA","Extra","Antenna","0",,"0000-00-00",,NULL
"1.3.2.06.03.08.003","Antene VHF/FM Stationary","0040",,"Mounting Bracket",,"Unit","825000","Pembelian","2012-12-31","DISKOMINSA","Extra","Antenna","0",,"0000-00-00",,NULL
"1.3.2.06.03.08.003","Antene VHF/FM Stationary","0041",,"Mounting Bracket",,"Unit","825000","Pembelian","2012-12-31","DISKOMINSA","Extra","Antenna","0",,"0000-00-00",,NULL
"1.3.2.06.03.08.003","Antene VHF/FM Stationary","0042",,"Omni / 9 Dbi",,"Unit","561000","Pembelian","2012-12-31","DISKOMINSA","Extra","Omni Antenna, Perangkat Accessories Jaringan","0",,"0000-00-00",,NULL
"1.3.2.06.03.08.003","Antene VHF/FM Stationary","0043",,"Omni / 9 Dbi",,"Unit","561000","Pembelian","2012-12-31","DISKOMINSA","Extra","Omni Antenna, Perangkat Accessories Jaringan","0",,"0000-00-00",,NULL
"1.3.2.06.03.08.003","Antene VHF/FM Stationary","0044",,"Omni / 9 Dbi",,"Unit","561000","Pembelian","2012-12-31","DISKOMINSA","Extra","Omni Antenna, Perangkat Accessories Jaringan","0",,"0000-00-00",,NULL
"1.3.2.06.03.08.003","Antene VHF/FM Stationary","0045",,"Omni / 9 Dbi",,"Unit","561000","Pembelian","2012-12-31","DISKOMINSA","Extra","Omni Antenna, Perangkat Accessories Jaringan","0",,"0000-00-00",,NULL
"1.3.2.06.03.08.003","Antene VHF/FM Stationary","0046",,"Omni / 9 Dbi",,"Unit","561000","Pembelian","2012-12-31","DISKOMINSA","Extra","Omni Antenna, Perangkat Accessories Jaringan","0",,"0000-00-00",,NULL
"1.3.2.06.03.08.003","Antene VHF/FM Stationary","0047",,"Omni / 9 Dbi",,"Unit","561000","Pembelian","2012-12-31","DISKOMINSA","Extra","Omni Antenna, Perangkat Accessories Jaringan","0",,"0000-00-00",,NULL
"1.3.2.06.03.08.003","Antene VHF/FM Stationary","0049",,,,"Unit","1392000","Pembelian","2013-12-31","DISKOMINSA","Intra","Antena, Sarana Komunikasi Gate Way","0",,"0000-00-00",,NULL
"1.3.2.06.03.08.003","Antene VHF/FM Stationary","0050",,"Hustler / G7",,"Unit","4580000","Pembelian","2013-12-31","DISKOMINSA","Intra","Antena, Sarana Komunikasi Gate Way. RAPI Aceh","0",,"0000-00-00",,NULL
"1.3.2.06.03.08.003","Antene VHF/FM Stationary","0051",,"Hustler / G7",,"Unit","4580000","Pembelian","2013-12-31","DISKOMINSA","Intra","Antena, Sarana Komunikasi Gate Way. RAPI Aceh","0",,"0000-00-00",,NULL
"1.3.2.06.03.08.003","Antene VHF/FM Stationary","0052",,"VHF",,"Unit","4698000","Pembelian","2013-12-31","DISKOMINSA","Intra","Reklas dari TDF (2020), Antena. Subulussalam","0",,"0000-00-00",,NULL
"1.3.2.06.03.08.003","Antene VHF/FM Stationary","0053",,"Antena Rotary Dipole",,"Unit","2850000","Pembelian","2015-12-31","DISKOMINSA","Intra","UPTD Telematika/BA: 10/19/BA-PP/2015 (Antena Rotary Dipole)","0",,"0000-00-00",,NULL
"1.3.2.06.03.08.003","Antene VHF/FM Stationary","0054",,"Antenna Yagi VHF",,"Unit","5250000","Pembelian","2015-12-31","DISKOMINSA","Intra","UPTD Telematika/BA: 10/19/BA-PP/2015 (Antenna Yagi VHF)","0",,"0000-00-00",,NULL
"1.3.2.06.03.08.003","Antene VHF/FM Stationary","0055",,"Ubiquiti / Antena Sektora",,"Unit","3487000","Pembelian","2015-12-31","DISKOMINSA","Intra","UPTD Telematika/BA: 10/03/BA-PP/2015 (Antena Sektoral 5,8 Ghz)","0",,"0000-00-00",,NULL
"1.3.2.06.03.08.003","Antene VHF/FM Stationary","0056",,"Ubiquiti / Antena Sektora",,"Unit","3487000","Pembelian","2015-12-31","DISKOMINSA","Intra","UPTD Telematika/BA: 10/03/BA-PP/2015 (Antena Sektoral 5,8 Ghz)","0",,"0000-00-00",,NULL
"1.3.2.06.03.08.003","Antene VHF/FM Stationary","0057",,"Ubiquiti / Antena Sektora",,"Unit","3487000","Pembelian","2015-12-31","DISKOMINSA","Intra","UPTD Telematika/BA: 10/03/BA-PP/2015 (Antena Sektoral 5,8 Ghz)","0",,"0000-00-00",,NULL
"1.3.2.06.03.08.003","Antene VHF/FM Stationary","0058",,"Ubiquiti / Antena Sektora",,"Unit","3487000","Pembelian","2015-12-31","DISKOMINSA","Intra","UPTD Telematika/BA: 10/03/BA-PP/2015 (Antena Sektoral 5,8 Ghz)","0",,"0000-00-00",,NULL
"1.3.2.06.03.08.003","Antene VHF/FM Stationary","0059",,"Ubiquiti / Antena Sektora",,"Unit","3487000","Pembelian","2015-12-31","DISKOMINSA","Intra","UPTD Telematika/BA: 10/03/BA-PP/2015 (Antena Sektoral 5,8 Ghz)","0",,"0000-00-00",,NULL
"1.3.2.06.03.08.003","Antene VHF/FM Stationary","0060",,"Ubiquiti / Antena Sektora",,"Unit","3487000","Pembelian","2015-12-31","DISKOMINSA","Intra","UPTD Telematika/BA: 10/03/BA-PP/2015 (Antena Sektoral 5,8 Ghz)","0",,"0000-00-00",,NULL
"1.3.2.06.03.08.003","Antene VHF/FM Stationary","0061",,"Ubiquiti / Antena Sektora",,"Unit","3487000","Pembelian","2015-12-31","DISKOMINSA","Intra","UPTD Telematika/BA: 10/03/BA-PP/2015 (Antena Sektoral 5,8 Ghz)","0",,"0000-00-00",,NULL
"1.3.2.06.03.08.003","Antene VHF/FM Stationary","0062",,"Ubiquiti / Antena Sektora",,"Unit","3487000","Pembelian","2015-12-31","DISKOMINSA","Intra","UPTD Telematika/BA: 10/03/BA-PP/2015 (Antena Sektoral 5,8 Ghz)","0",,"0000-00-00",,NULL
"1.3.2.06.03.08.003","Antene VHF/FM Stationary","0063",,"Ubiquiti / Antena Sektora",,"Unit","3487000","Pembelian","2015-12-31","DISKOMINSA","Intra","UPTD Telematika/BA: 10/03/BA-PP/2015 (Antena Sektoral 5,8 Ghz)","0",,"0000-00-00",,NULL
"1.3.2.06.03.08.003","Antene VHF/FM Stationary","0064",,"Ubiquiti / Antena Sektora",,"Unit","3487000","Pembelian","2015-12-31","DISKOMINSA","Intra","UPTD Telematika/BA: 10/03/BA-PP/2015 (Antena Sektoral 5,8 Ghz)","0",,"0000-00-00",,NULL
"1.3.2.06.03.08.003","Antene VHF/FM Stationary","0065",,"Ubiquiti / Antena Sektora",,"Unit","3487000","Pembelian","2015-12-31","DISKOMINSA","Intra","UPTD Telematika/BA: 10/03/BA-PP/2015 (Antena Sektoral 5,8 Ghz)","0",,"0000-00-00",,NULL
"1.3.2.06.03.08.003","Antene VHF/FM Stationary","0066",,"Ubiquiti / Antena Sektora",,"Unit","3487000","Pembelian","2015-12-31","DISKOMINSA","Intra","UPTD Telematika/BA: 10/03/BA-PP/2015 (Antena Sektoral 5,8 Ghz)","0",,"0000-00-00",,NULL
"1.3.2.05.01.05.002","CCTV - Camera Control Television System","0001",,"Avtech  / AVM428A",,"Unit","5766000","Pembelian","2015-12-31","DISKOMINSA","Intra","PSITT/BA: 07/11/BA-PP/2015(IP Camera)","0","RB","2026-01-04",,NULL
"1.3.2.06.03.08.003","Antene VHF/FM Stationary","0068",,"Ubiquiti / Antena Sektora",,"Unit","3487000","Pembelian","2015-12-31","DISKOMINSA","Intra","UPTD Telematika/BA: 10/03/BA-PP/2015 (Antena Sektoral 5,8 Ghz)","0",,"0000-00-00",,NULL
"1.3.2.06.03.08.003","Antene VHF/FM Stationary","0069",,"Ubiquiti / Antena Sektora",,"Unit","3487000","Pembelian","2015-12-31","DISKOMINSA","Intra","UPTD Telematika/BA: 10/03/BA-PP/2015 (Antena Sektoral 5,8 Ghz)","0",,"0000-00-00",,NULL
"1.3.2.06.03.08.003","Antene VHF/FM Stationary","0070",,"Ubiquiti / Antena Sektora",,"Unit","3487000","Pembelian","2015-12-31","DISKOMINSA","Intra","UPTD Telematika/BA: 10/03/BA-PP/2015 (Antena Sektoral 5,8 Ghz)","0",,"0000-00-00",,NULL
"1.3.2.06.03.08.003","Antene VHF/FM Stationary","0071",,"Ubiquiti / Antena Sektora",,"Unit","3487000","Pembelian","2015-12-31","DISKOMINSA","Intra","UPTD Telematika/BA: 10/03/BA-PP/2015 (Antena Sektoral 5,8 Ghz)","0",,"0000-00-00",,NULL
"1.3.2.06.03.08.003","Antene VHF/FM Stationary","0072",,"Ubiquiti / Antena Sektora",,"Unit","3487000","Pembelian","2015-12-31","DISKOMINSA","Intra","UPTD Telematika/BA: 10/03/BA-PP/2015 (Antena Sektoral 5,8 Ghz)","0",,"0000-00-00",,NULL
"1.3.2.06.03.08.003","Antene VHF/FM Stationary","0073",,"Ubiquiti / Antena Sektora",,"Unit","3487000","Pembelian","2015-12-31","DISKOMINSA","Intra","UPTD Telematika/BA: 10/03/BA-PP/2015 (Antena Sektoral 5,8 Ghz)","0",,"0000-00-00",,NULL
"1.3.2.06.03.08.003","Antene VHF/FM Stationary","0074",,"Ubiquiti / Antena Sektora",,"Unit","3487000","Pembelian","2015-12-31","DISKOMINSA","Intra","UPTD Telematika/BA: 10/03/BA-PP/2015 (Antena Sektoral 5,8 Ghz)","0",,"0000-00-00",,NULL
"1.3.2.06.03.08.003","Antene VHF/FM Stationary","0075",,"Ubiquiti / Antena Sektora",,"Unit","3487000","Pembelian","2015-12-31","DISKOMINSA","Intra","UPTD Telematika/BA: 10/03/BA-PP/2015 (Antena Sektoral 5,8 Ghz)","0",,"0000-00-00",,NULL
"1.3.2.06.03.08.003","Antene VHF/FM Stationary","0076",,"Ubiquiti / Antena Sektora",,"Unit","3487000","Pembelian","2015-12-31","DISKOMINSA","Intra","UPTD Telematika/BA: 10/03/BA-PP/2015 (Antena Sektoral 5,8 Ghz)","0",,"0000-00-00",,NULL
"1.3.2.06.03.08.003","Antene VHF/FM Stationary","0077",,"Ubiquiti / Antena Sektora",,"Unit","3487000","Pembelian","2015-12-31","DISKOMINSA","Intra","UPTD Telematika/BA: 10/03/BA-PP/2015 (Antena Sektoral 5,8 Ghz)","0",,"0000-00-00",,NULL
"1.3.2.06.03.08.003","Antene VHF/FM Stationary","0078",,"Ubiquiti / Antena Sektora",,"Unit","3479800","Pembelian","2015-12-31","DISKOMINSA","Intra","UPTD Telematika/BA: 10/03/BA-PP/2015 (Antena Sektoral 2,4 Ghz)","0",,"0000-00-00",,NULL
"1.3.2.06.03.08.003","Antene VHF/FM Stationary","0079",,"Ubiquiti / Antena Sektora",,"Unit","3479800","Pembelian","2015-12-31","DISKOMINSA","Intra","UPTD Telematika/BA: 10/03/BA-PP/2015 (Antena Sektoral 2,4 Ghz)","0",,"0000-00-00",,NULL
"1.3.2.06.03.08.003","Antene VHF/FM Stationary","0080",,"Ubiquiti / Antena Sektora",,"Unit","3479800","Pembelian","2015-12-31","DISKOMINSA","Intra","UPTD Telematika/BA: 10/03/BA-PP/2015 (Antena Sektoral 2,4 Ghz)","0",,"0000-00-00",,NULL
"1.3.2.06.03.08.003","Antene VHF/FM Stationary","0081",,"Ubiquiti / Antena Sektora",,"Unit","3479800","Pembelian","2015-12-31","DISKOMINSA","Intra","UPTD Telematika/BA: 10/03/BA-PP/2015 (Antena Sektoral 2,4 Ghz)","0",,"0000-00-00",,NULL
"1.3.2.06.03.08.003","Antene VHF/FM Stationary","0082",,"Ubiquiti / Antena Sektora",,"Unit","3479800","Pembelian","2015-12-31","DISKOMINSA","Intra","UPTD Telematika/BA: 10/03/BA-PP/2015 (Antena Sektoral 2,4 Ghz)","0",,"0000-00-00",,NULL
"1.3.2.06.03.08.003","Antene VHF/FM Stationary","0083",,"Omni directional",,"Unit","1894000","Pembelian","2015-12-31","DISKOMINSA","Intra","UPTD Telematika/BA: 10/12/BA-PP/2015 (Antena Omni directional)","0",,"0000-00-00",,NULL
"1.3.2.06.03.08.003","Antene VHF/FM Stationary","0084",,"Omni directional",,"Unit","1894000","Pembelian","2015-12-31","DISKOMINSA","Intra","UPTD Telematika/BA: 10/12/BA-PP/2015 (Antena Omni directional)","0",,"0000-00-00",,NULL
"1.3.2.06.03.08.003","Antene VHF/FM Stationary","0085",,"Omni directional",,"Unit","1894000","Pembelian","2015-12-31","DISKOMINSA","Intra","UPTD Telematika/BA: 10/12/BA-PP/2015 (Antena Omni directional)","0",,"0000-00-00",,NULL
"1.3.2.06.03.08.003","Antene VHF/FM Stationary","0086",,"Omni / Antena Omni Direct",,"Unit","495000","Pembelian","2015-12-31","DISKOMINSA","Extra","Postel/BA: 06/05/BA-PP/2015 (Antena Omni Directional)","0",,"0000-00-00",,NULL
"1.3.2.06.03.08.003","Antene VHF/FM Stationary","0087",,"Omni / Antena Omni Direct",,"Unit","495000","Pembelian","2015-12-31","DISKOMINSA","Extra","Postel/BA: 06/05/BA-PP/2015 (Antena Omni Directional)","0",,"0000-00-00",,NULL
"1.3.2.06.03.08.003","Antene VHF/FM Stationary","0088",,"Omni / Antena Omni Direct",,"Unit","495000","Pembelian","2015-12-31","DISKOMINSA","Extra","Postel/BA: 06/05/BA-PP/2015 (Antena Omni Directional)","0",,"0000-00-00",,NULL
"1.3.2.06.03.08.003","Antene VHF/FM Stationary","0089",,"Omni / Antena Omni Direct",,"Unit","495000","Pembelian","2015-12-31","DISKOMINSA","Extra","Postel/BA: 06/05/BA-PP/2015 (Antena Omni Directional)","0",,"0000-00-00",,NULL
"1.3.2.06.03.08.003","Antene VHF/FM Stationary","0090",,"Omni / Antena Omni Direct",,"Unit","495000","Pembelian","2015-12-31","DISKOMINSA","Extra","Postel/BA: 06/05/BA-PP/2015 (Antena Omni Directional)","0",,"0000-00-00",,NULL
"1.3.2.06.03.08.003","Antene VHF/FM Stationary","0091",,"Antena Radio Base",,"Unit","1320000","Pembelian","2016-12-31","DISKOMINSA","Intra","Radio Base 5 Lokasi UPTD Telematika BA : 10/04/BA-PP/2016 (Antena Radio Base 5 Unit)","0",,"0000-00-00",,NULL
"1.3.2.06.03.08.003","Antene VHF/FM Stationary","0092",,"Antena Radio Base",,"Unit","1320000","Pembelian","2016-12-31","DISKOMINSA","Intra","Radio Base 5 Lokasi UPTD Telematika BA : 10/04/BA-PP/2016 (Antena Radio Base 5 Unit)","0",,"0000-00-00",,NULL
"1.3.2.06.03.08.003","Antene VHF/FM Stationary","0093",,"Antena Radio Base",,"Unit","1320000","Pembelian","2016-12-31","DISKOMINSA","Intra","Radio Base 5 Lokasi UPTD Telematika BA : 10/04/BA-PP/2016 (Antena Radio Base 5 Unit)","0",,"0000-00-00",,NULL
"1.3.2.06.03.08.003","Antene VHF/FM Stationary","0094",,"Antena Radio Base",,"Unit","1320000","Pembelian","2016-12-31","DISKOMINSA","Intra","Radio Base 5 Lokasi UPTD Telematika BA : 10/04/BA-PP/2016 (Antena Radio Base 5 Unit)","0",,"0000-00-00",,NULL
"1.3.2.06.03.08.003","Antene VHF/FM Stationary","0095",,"Antena Radio Base",,"Unit","1320000","Pembelian","2016-12-31","DISKOMINSA","Intra","Radio Base 5 Lokasi UPTD Telematika BA : 10/04/BA-PP/2016 (Antena Radio Base 5 Unit)","0",,"0000-00-00",,NULL
"1.3.2.06.03.08.003","Antene VHF/FM Stationary","0096",,,,"Unit","4730000","Pembelian","2016-12-31","DISKOMINSA","Intra","Omni Directional Antena Rp.4.290.000+ Mounting antena Rp. 440.000 -- Penyempurnaan Perangkat pada Ru","0",,"0000-00-00",,NULL
"1.3.2.06.03.08.003","Antene VHF/FM Stationary","0097",,"Antena",,"Unit","33024500","Pembelian","2018-12-31","DISKOMINSA","Intra","Pengadaan Radio HF/FM Kominfo Provinsi Aceh.","0",,"0000-00-00",,NULL
"1.3.2.06.03.09.003","Antene UHF  Stationary","0001",,"Rotator Antenna",,"Unit","3360000","Pembelian","2015-12-31","DISKOMINSA","Intra","UPTD Telematika/BA: 10/19/BA-PP/2015 (Rotator Antenna)","0",,"0000-00-00",,NULL
"1.3.2.06.03.09.003","Antene UHF  Stationary","0002",,"Antena Sektoral 2,4 GHz",,"Unit","3465000","Pembelian","2016-12-31","DISKOMINSA","Intra","Perangkat Antena Sektoral + Jasa Pemasangan UPTD Telematika BA : 10/02/BA-PP/2016","0",,"0000-00-00",,NULL
"1.3.2.06.03.09.003","Antene UHF  Stationary","0003",,"Antena Sektoral 2,4 GHz",,"Unit","3465000","Pembelian","2016-12-31","DISKOMINSA","Intra","Perangkat Antena Sektoral + Jasa Pemasangan UPTD Telematika BA : 10/02/BA-PP/2016","0",,"0000-00-00",,NULL
"1.3.2.06.03.09.003","Antene UHF  Stationary","0004",,"Antena Sektoral 2,4 GHz",,"Unit","3465000","Pembelian","2016-12-31","DISKOMINSA","Intra","Perangkat Antena Sektoral + Jasa Pemasangan UPTD Telematika BA : 10/02/BA-PP/2016","0",,"0000-00-00",,NULL
"1.3.2.06.03.09.003","Antene UHF  Stationary","0005",,"Antena Sektoral 2,4 GHz",,"Unit","3465000","Pembelian","2016-12-31","DISKOMINSA","Intra","Perangkat Antena Sektoral + Jasa Pemasangan UPTD Telematika BA : 10/02/BA-PP/2016","0",,"0000-00-00",,NULL
"1.3.2.06.03.09.003","Antene UHF  Stationary","0006",,"Antena Sektoral 2,4 GHz",,"Unit","3465000","Pembelian","2016-12-31","DISKOMINSA","Intra","Perangkat Antena Sektoral + Jasa Pemasangan UPTD Telematika BA : 10/02/BA-PP/2016","0",,"0000-00-00",,NULL
"1.3.2.06.03.09.003","Antene UHF  Stationary","0007",,"Antena Sektoral 2,4 GHz",,"Unit","3465000","Pembelian","2016-12-31","DISKOMINSA","Intra","Perangkat Antena Sektoral + Jasa Pemasangan UPTD Telematika BA : 10/02/BA-PP/2016","0",,"0000-00-00",,NULL
"1.3.2.06.03.09.003","Antene UHF  Stationary","0008",,"Antena Sektoral 2,4 GHz",,"Unit","3465000","Pembelian","2016-12-31","DISKOMINSA","Intra","Perangkat Antena Sektoral + Jasa Pemasangan UPTD Telematika BA : 10/02/BA-PP/2016","0",,"0000-00-00",,NULL
"1.3.2.06.03.09.003","Antene UHF  Stationary","0009",,"Antena Sektoral 2,4 GHz",,"Unit","3465000","Pembelian","2016-12-31","DISKOMINSA","Intra","Perangkat Antena Sektoral + Jasa Pemasangan UPTD Telematika BA : 10/02/BA-PP/2016","0",,"0000-00-00",,NULL
"1.3.2.06.03.09.003","Antene UHF  Stationary","0010",,"Antena Sektoral 2,4 GHz",,"Unit","3465000","Pembelian","2016-12-31","DISKOMINSA","Intra","Perangkat Antena Sektoral + Jasa Pemasangan UPTD Telematika BA : 10/02/BA-PP/2016","0",,"0000-00-00",,NULL
"1.3.2.06.03.09.003","Antene UHF  Stationary","0011",,"Antena Sektoral 2,4 GHz",,"Unit","3465000","Pembelian","2016-12-31","DISKOMINSA","Intra","Perangkat Antena Sektoral + Jasa Pemasangan UPTD Telematika BA : 10/02/BA-PP/2016","0",,"0000-00-00",,NULL
"1.3.2.06.03.09.003","Antene UHF  Stationary","0012",,"JTS Active UHF Directiona",,"Unit","6675000","Pembelian","2017-12-31","DISKOMINSA","Intra","UHF Directional Antena -- Belanja Modal Pengadaan Peralatan Studio Visual (UPTD Seuramoe) BAST No. 2","0",,"0000-00-00",,NULL
"1.3.2.06.03.09.003","Antene UHF  Stationary","0013",,"JTS Antena Distribution",,"Unit","8825000","Pembelian","2017-12-31","DISKOMINSA","Intra","UHF Antena Distribution -- Belanja Modal Pengadaan Peralatan Studio Visual (UPTD Seuramoe) BAST No.","0",,"0000-00-00",,NULL
"1.3.2.06.03.09.003","Antene UHF  Stationary","0015",,"Antena Repeater",,"Unit","6355500","Pembelian","2017-12-31","DISKOMINSA","Intra","Antena Repeater Banda Aceh -- Pengadaan Repeater VHF (Complit) Lokasi Pidie Jaya dan Banda Aceh (UPT","0",,"0000-00-00",,NULL
"1.3.2.06.03.09.003","Antene UHF  Stationary","0016",,"Antena Omni",,"Unit","6150000","Pembelian","2017-12-31","DISKOMINSA","Intra","Pengadaan Perangkat Jaringan Informasi Agribisnis untuk PENAS KTNA 2017","0",,"0000-00-00",,NULL
"1.3.2.06.03.09.003","Antene UHF  Stationary","0017",,"Antena Omni",,"Unit","6150000","Pembelian","2017-12-31","DISKOMINSA","Intra","Pengadaan Perangkat Jaringan Informasi Agribisnis untuk PENAS KTNA 2017","0",,"0000-00-00",,NULL
"1.3.2.06.03.10.003","Antene SHF  Stationary","0001",,,,"Unit","299805000","Pembelian","2013-12-31","DISKOMINSA","Intra","V-Sat C Band Data Centre","0",,"0000-00-00",,NULL
"1.3.2.06.03.10.005","Antena SSB","0001",,"Antenea Ope Dipole",,"Unit","972125","Pembelian","2019-12-31","DISKOMINSA","Extra","Pengadaan Peralatan Pendukung Alat Komunikasi Mobil Box Jaringan (PAA)","0",,"0000-00-00",,NULL
"1.3.2.06.03.20.001","Self  Supporting  Tower","0001",,"Stick Tower Tempahan / 4",,"Unit","2060300","Pembelian","2015-12-31","DISKOMINSA","Intra","UPTD Telematika/BA: 10/05/BA-PP/2015 (Stik Tower 4 (empat) sudut (1 Stik = 4m))","0",,"0000-00-00",,NULL
"1.3.2.06.03.20.001","Self  Supporting  Tower","0002",,"Stick Tower Tempahan / 4",,"Unit","2060300","Pembelian","2015-12-31","DISKOMINSA","Intra","UPTD Telematika/BA: 10/05/BA-PP/2015 (Stik Tower 4 (empat) sudut (1 Stik = 4m))","0",,"0000-00-00",,NULL
"1.3.2.06.03.20.001","Self  Supporting  Tower","0003",,"Stick Tower Tempahan / 4",,"Unit","2060300","Pembelian","2015-12-31","DISKOMINSA","Intra","UPTD Telematika/BA: 10/05/BA-PP/2015 (Stik Tower 4 (empat) sudut (1 Stik = 4m))","0",,"0000-00-00",,NULL
"1.3.2.06.03.20.001","Self  Supporting  Tower","0004",,"Stick Tower Tempahan / 4",,"Unit","2060300","Pembelian","2015-12-31","DISKOMINSA","Intra","UPTD Telematika/BA: 10/05/BA-PP/2015 (Stik Tower 4 (empat) sudut (1 Stik = 4m))","0",,"0000-00-00",,NULL
"1.3.2.06.03.20.001","Self  Supporting  Tower","0005",,"Stick Tower Tempahan / 4",,"Unit","2060300","Pembelian","2015-12-31","DISKOMINSA","Intra","UPTD Telematika/BA: 10/05/BA-PP/2015 (Stik Tower 4 (empat) sudut (1 Stik = 4m))","0",,"0000-00-00",,NULL
"1.3.2.06.03.20.001","Self  Supporting  Tower","0006",,"Stick Tower Tempahan / 4",,"Unit","2060300","Pembelian","2015-12-31","DISKOMINSA","Intra","UPTD Telematika/BA: 10/05/BA-PP/2015 (Stik Tower 4 (empat) sudut (1 Stik = 4m))","0",,"0000-00-00",,NULL
"1.3.2.06.03.20.001","Self  Supporting  Tower","0007",,"Stick Tower Tempahan / 4",,"Unit","2060300","Pembelian","2015-12-31","DISKOMINSA","Intra","UPTD Telematika/BA: 10/05/BA-PP/2015 (Stik Tower 4 (empat) sudut (1 Stik = 4m))","0",,"0000-00-00",,NULL
"1.3.2.06.03.20.001","Self  Supporting  Tower","0008",,"Stick Tower Tempahan / 4",,"Unit","2060300","Pembelian","2015-12-31","DISKOMINSA","Intra","UPTD Telematika/BA: 10/05/BA-PP/2015 (Stik Tower 4 (empat) sudut (1 Stik = 4m))","0",,"0000-00-00",,NULL
"1.3.2.06.03.20.001","Self  Supporting  Tower","0009",,"Stick Tower Tempahan / 4",,"Unit","2060300","Pembelian","2015-12-31","DISKOMINSA","Intra","UPTD Telematika/BA: 10/05/BA-PP/2015 (Stik Tower 4 (empat) sudut (1 Stik = 4m))","0",,"0000-00-00",,NULL
"1.3.2.06.03.20.001","Self  Supporting  Tower","0010",,"Stick Tower Tempahan / 4",,"Unit","2060300","Pembelian","2015-12-31","DISKOMINSA","Intra","UPTD Telematika/BA: 10/05/BA-PP/2015 (Stik Tower 4 (empat) sudut (1 Stik = 4m))","0",,"0000-00-00",,NULL
"1.3.2.06.03.20.001","Self  Supporting  Tower","0011",,"Stick Tower Tempahan / 4",,"Unit","2060300","Pembelian","2015-12-31","DISKOMINSA","Intra","UPTD Telematika/BA: 10/05/BA-PP/2015 (Stik Tower 4 (empat) sudut (1 Stik = 4m))","0",,"0000-00-00",,NULL
"1.3.2.06.03.20.001","Self  Supporting  Tower","0012",,"Stick Tower Tempahan / 4",,"Unit","2060300","Pembelian","2015-12-31","DISKOMINSA","Intra","UPTD Telematika/BA: 10/05/BA-PP/2015 (Stik Tower 4 (empat) sudut (1 Stik = 4m))","0",,"0000-00-00",,NULL
"1.3.2.06.03.20.001","Self  Supporting  Tower","0013",,"Stick Tower Tempahan / 4",,"Unit","2060300","Pembelian","2015-12-31","DISKOMINSA","Intra","UPTD Telematika/BA: 10/05/BA-PP/2015 (Stik Tower 4 (empat) sudut (1 Stik = 4m))","0",,"0000-00-00",,NULL
"1.3.2.06.03.20.001","Self  Supporting  Tower","0014",,"Stick Tower Tempahan / 4",,"Unit","2060300","Pembelian","2015-12-31","DISKOMINSA","Intra","UPTD Telematika/BA: 10/05/BA-PP/2015 (Stik Tower 4 (empat) sudut (1 Stik = 4m))","0",,"0000-00-00",,NULL
"1.3.2.06.03.20.001","Self  Supporting  Tower","0015",,"Stick Tower Tempahan / 4",,"Unit","2060300","Pembelian","2015-12-31","DISKOMINSA","Intra","UPTD Telematika/BA: 10/05/BA-PP/2015 (Stik Tower 4 (empat) sudut (1 Stik = 4m))","0",,"0000-00-00",,NULL
"1.3.2.06.03.20.001","Self  Supporting  Tower","0016",,"Stick Tower Tempahan / 4",,"Unit","2060300","Pembelian","2015-12-31","DISKOMINSA","Intra","UPTD Telematika/BA: 10/05/BA-PP/2015 (Stik Tower 4 (empat) sudut (1 Stik = 4m))","0",,"0000-00-00",,NULL
"1.3.2.06.03.20.001","Self  Supporting  Tower","0017",,"Stick Tower Tempahan / 4",,"Unit","2060300","Pembelian","2015-12-31","DISKOMINSA","Intra","UPTD Telematika/BA: 10/05/BA-PP/2015 (Stik Tower 4 (empat) sudut (1 Stik = 4m))","0",,"0000-00-00",,NULL
"1.3.2.06.03.20.001","Self  Supporting  Tower","0018",,"Stick Tower Tempahan / 4",,"Unit","2060300","Pembelian","2015-12-31","DISKOMINSA","Intra","UPTD Telematika/BA: 10/05/BA-PP/2015 (Stik Tower 4 (empat) sudut (1 Stik = 4m))","0",,"0000-00-00",,NULL
"1.3.2.06.03.20.001","Self  Supporting  Tower","0019",,"Stick Tower Tempahan / 4",,"Unit","2060300","Pembelian","2015-12-31","DISKOMINSA","Intra","UPTD Telematika/BA: 10/05/BA-PP/2015 (Stik Tower 4 (empat) sudut (1 Stik = 4m))","0",,"0000-00-00",,NULL
"1.3.2.06.03.20.001","Self  Supporting  Tower","0020",,"Stick Tower Tempahan / 4",,"Unit","2060300","Pembelian","2015-12-31","DISKOMINSA","Intra","UPTD Telematika/BA: 10/05/BA-PP/2015 (Stik Tower 4 (empat) sudut (1 Stik = 4m))","0",,"0000-00-00",,NULL
"1.3.2.06.03.20.001","Self  Supporting  Tower","0021",,"Stick Tower Tempahan / 3",,"Unit","1576300","Pembelian","2015-12-31","DISKOMINSA","Intra","UPTD Telematika/BA: 10/05/BA-PP/2015  Stik Tower 3 (tiga) Sudut (1 Stik = 4m)","0",,"0000-00-00",,NULL
"1.3.2.06.03.20.001","Self  Supporting  Tower","0022",,"Stick Tower Tempahan / 3",,"Unit","1576300","Pembelian","2015-12-31","DISKOMINSA","Intra","UPTD Telematika/BA: 10/05/BA-PP/2015  Stik Tower 3 (tiga) Sudut (1 Stik = 4m)","0",,"0000-00-00",,NULL
"1.3.2.06.03.20.001","Self  Supporting  Tower","0023",,"Stick Tower Tempahan / 3",,"Unit","1576300","Pembelian","2015-12-31","DISKOMINSA","Intra","UPTD Telematika/BA: 10/05/BA-PP/2015  Stik Tower 3 (tiga) Sudut (1 Stik = 4m)","0",,"0000-00-00",,NULL
"1.3.2.06.03.20.001","Self  Supporting  Tower","0024",,"Stick Tower Tempahan / 3",,"Unit","1576300","Pembelian","2015-12-31","DISKOMINSA","Intra","UPTD Telematika/BA: 10/05/BA-PP/2015  Stik Tower 3 (tiga) Sudut (1 Stik = 4m)","0",,"0000-00-00",,NULL
"1.3.2.06.03.20.001","Self  Supporting  Tower","0025",,"Stick Tower Tempahan / 3",,"Unit","1576300","Pembelian","2015-12-31","DISKOMINSA","Intra","UPTD Telematika/BA: 10/05/BA-PP/2015  Stik Tower 3 (tiga) Sudut (1 Stik = 4m)","0",,"0000-00-00",,NULL
"1.3.2.06.03.20.001","Self  Supporting  Tower","0026",,"Stick Tower Tempahan / 3",,"Unit","1576300","Pembelian","2015-12-31","DISKOMINSA","Intra","UPTD Telematika/BA: 10/05/BA-PP/2015  Stik Tower 3 (tiga) Sudut (1 Stik = 4m)","0",,"0000-00-00",,NULL
"1.3.2.06.03.20.001","Self  Supporting  Tower","0027",,"Stick Tower Tempahan / 3",,"Unit","1576300","Pembelian","2015-12-31","DISKOMINSA","Intra","UPTD Telematika/BA: 10/05/BA-PP/2015  Stik Tower 3 (tiga) Sudut (1 Stik = 4m)","0",,"0000-00-00",,NULL
"1.3.2.06.03.20.001","Self  Supporting  Tower","0028",,"Stick Tower Tempahan / 3",,"Unit","1576300","Pembelian","2015-12-31","DISKOMINSA","Intra","UPTD Telematika/BA: 10/05/BA-PP/2015  Stik Tower 3 (tiga) Sudut (1 Stik = 4m)","0",,"0000-00-00",,NULL
"1.3.2.06.03.20.001","Self  Supporting  Tower","0029",,"Stick Tower Tempahan / 3",,"Unit","1576300","Pembelian","2015-12-31","DISKOMINSA","Intra","UPTD Telematika/BA: 10/05/BA-PP/2015  Stik Tower 3 (tiga) Sudut (1 Stik = 4m)","0",,"0000-00-00",,NULL
"1.3.2.06.03.20.001","Self  Supporting  Tower","0030",,"Stick Tower Tempahan / 3",,"Unit","1576300","Pembelian","2015-12-31","DISKOMINSA","Intra","UPTD Telematika/BA: 10/05/BA-PP/2015  Stik Tower 3 (tiga) Sudut (1 Stik = 4m)","0",,"0000-00-00",,NULL
"1.3.2.06.03.20.001","Self  Supporting  Tower","0031",,"Stick Tower Tempahan / 3",,"Unit","1576300","Pembelian","2015-12-31","DISKOMINSA","Intra","UPTD Telematika/BA: 10/05/BA-PP/2015  Stik Tower 3 (tiga) Sudut (1 Stik = 4m)","0",,"0000-00-00",,NULL
"1.3.2.06.03.20.001","Self  Supporting  Tower","0032",,"Stick Tower Tempahan / 3",,"Unit","1576300","Pembelian","2015-12-31","DISKOMINSA","Intra","UPTD Telematika/BA: 10/05/BA-PP/2015  Stik Tower 3 (tiga) Sudut (1 Stik = 4m)","0",,"0000-00-00",,NULL
"1.3.2.06.03.20.001","Self  Supporting  Tower","0033",,"Stick Tower Tempahan / 3",,"Unit","1576300","Pembelian","2015-12-31","DISKOMINSA","Intra","UPTD Telematika/BA: 10/05/BA-PP/2015  Stik Tower 3 (tiga) Sudut (1 Stik = 4m)","0",,"0000-00-00",,NULL
"1.3.2.06.03.20.001","Self  Supporting  Tower","0034",,"Stick Tower Tempahan / 3",,"Unit","1576300","Pembelian","2015-12-31","DISKOMINSA","Intra","UPTD Telematika/BA: 10/05/BA-PP/2015  Stik Tower 3 (tiga) Sudut (1 Stik = 4m)","0",,"0000-00-00",,NULL
"1.3.2.06.03.20.001","Self  Supporting  Tower","0035",,"Stick Tower Tempahan / 3",,"Unit","1576300","Pembelian","2015-12-31","DISKOMINSA","Intra","UPTD Telematika/BA: 10/05/BA-PP/2015  Stik Tower 3 (tiga) Sudut (1 Stik = 4m)","0",,"0000-00-00",,NULL
"1.3.2.06.03.20.001","Self  Supporting  Tower","0036",,"Stick Tower Tempahan / 3",,"Unit","1576300","Pembelian","2015-12-31","DISKOMINSA","Intra","UPTD Telematika/BA: 10/05/BA-PP/2015  Stik Tower 3 (tiga) Sudut (1 Stik = 4m)","0",,"0000-00-00",,NULL
"1.3.2.06.03.20.001","Self  Supporting  Tower","0037",,"Stick Tower Tempahan / 3",,"Unit","1576300","Pembelian","2015-12-31","DISKOMINSA","Intra","UPTD Telematika/BA: 10/05/BA-PP/2015  Stik Tower 3 (tiga) Sudut (1 Stik = 4m)","0",,"0000-00-00",,NULL
"1.3.2.06.03.20.001","Self  Supporting  Tower","0038",,"Stick Tower Tempahan / 3",,"Unit","1576300","Pembelian","2015-12-31","DISKOMINSA","Intra","UPTD Telematika/BA: 10/05/BA-PP/2015  Stik Tower 3 (tiga) Sudut (1 Stik = 4m)","0",,"0000-00-00",,NULL
"1.3.2.06.03.20.001","Self  Supporting  Tower","0039",,"Stick Tower Tempahan / 3",,"Unit","1576300","Pembelian","2015-12-31","DISKOMINSA","Intra","UPTD Telematika/BA: 10/05/BA-PP/2015  Stik Tower 3 (tiga) Sudut (1 Stik = 4m)","0",,"0000-00-00",,NULL
"1.3.2.06.03.20.001","Self  Supporting  Tower","0040",,"Stick Tower Tempahan / 3",,"Unit","1576300","Pembelian","2015-12-31","DISKOMINSA","Intra","UPTD Telematika/BA: 10/05/BA-PP/2015  Stik Tower 3 (tiga) Sudut (1 Stik = 4m)","0",,"0000-00-00",,NULL
"1.3.2.06.03.20.001","Self  Supporting  Tower","0041",,"Stick Tower Tempahan / 3",,"Unit","1576300","Pembelian","2015-12-31","DISKOMINSA","Intra","UPTD Telematika/BA: 10/05/BA-PP/2015  Stik Tower 3 (tiga) Sudut (1 Stik = 4m)","0",,"0000-00-00",,NULL
"1.3.2.06.03.20.001","Self  Supporting  Tower","0042",,"Stick Tower Tempahan / 3",,"Unit","1576300","Pembelian","2015-12-31","DISKOMINSA","Intra","UPTD Telematika/BA: 10/05/BA-PP/2015  Stik Tower 3 (tiga) Sudut (1 Stik = 4m)","0",,"0000-00-00",,NULL
"1.3.2.06.03.20.001","Self  Supporting  Tower","0043",,"Stick Tower Tempahan / 3",,"Unit","1576300","Pembelian","2015-12-31","DISKOMINSA","Intra","UPTD Telematika/BA: 10/05/BA-PP/2015  Stik Tower 3 (tiga) Sudut (1 Stik = 4m)","0",,"0000-00-00",,NULL
"1.3.2.06.03.20.001","Self  Supporting  Tower","0044",,"Stick Tower Tempahan / 3",,"Unit","1576300","Pembelian","2015-12-31","DISKOMINSA","Intra","UPTD Telematika/BA: 10/05/BA-PP/2015  Stik Tower 3 (tiga) Sudut (1 Stik = 4m)","0",,"0000-00-00",,NULL
"1.3.2.06.03.20.001","Self  Supporting  Tower","0045",,"Stick Tower Tempahan / 3",,"Unit","1576300","Pembelian","2015-12-31","DISKOMINSA","Intra","UPTD Telematika/BA: 10/05/BA-PP/2015  Stik Tower 3 (tiga) Sudut (1 Stik = 4m)","0",,"0000-00-00",,NULL
"1.3.2.06.03.20.001","Self  Supporting  Tower","0046",,"Stick Tower Tempahan / 3",,"Unit","1576300","Pembelian","2015-12-31","DISKOMINSA","Intra","UPTD Telematika/BA: 10/05/BA-PP/2015  Stik Tower 3 (tiga) Sudut (1 Stik = 4m)","0",,"0000-00-00",,NULL
"1.3.2.06.03.20.001","Self  Supporting  Tower","0047",,"Stick Tower Tempahan / 3",,"Unit","1576300","Pembelian","2015-12-31","DISKOMINSA","Intra","UPTD Telematika/BA: 10/05/BA-PP/2015  Stik Tower 3 (tiga) Sudut (1 Stik = 4m)","0",,"0000-00-00",,NULL
"1.3.2.06.03.20.001","Self  Supporting  Tower","0048",,"Stick Tower Tempahan / 3",,"Unit","1576300","Pembelian","2015-12-31","DISKOMINSA","Intra","UPTD Telematika/BA: 10/05/BA-PP/2015  Stik Tower 3 (tiga) Sudut (1 Stik = 4m)","0",,"0000-00-00",,NULL
"1.3.2.06.03.20.001","Self  Supporting  Tower","0049",,"Stick Tower Tempahan / 3",,"Unit","1576300","Pembelian","2015-12-31","DISKOMINSA","Intra","UPTD Telematika/BA: 10/05/BA-PP/2015  Stik Tower 3 (tiga) Sudut (1 Stik = 4m)","0",,"0000-00-00",,NULL
"1.3.2.06.03.20.001","Self  Supporting  Tower","0050",,"Stick Tower Tempahan / 3",,"Unit","1576300","Pembelian","2015-12-31","DISKOMINSA","Intra","UPTD Telematika/BA: 10/05/BA-PP/2015  Stik Tower 3 (tiga) Sudut (1 Stik = 4m)","0",,"0000-00-00",,NULL
"1.3.2.06.03.20.001","Self  Supporting  Tower","0051",,"Stick Tower Tempahan / 3",,"Unit","1576300","Pembelian","2015-12-31","DISKOMINSA","Intra","UPTD Telematika/BA: 10/05/BA-PP/2015  Stik Tower 3 (tiga) Sudut (1 Stik = 4m)","0",,"0000-00-00",,NULL
"1.3.2.06.03.20.001","Self  Supporting  Tower","0052",,"Stick Tower Tempahan / 3",,"Unit","1576300","Pembelian","2015-12-31","DISKOMINSA","Intra","UPTD Telematika/BA: 10/05/BA-PP/2015  Stik Tower 3 (tiga) Sudut (1 Stik = 4m)","0",,"0000-00-00",,NULL
"1.3.2.06.03.20.001","Self  Supporting  Tower","0053",,"Stick Tower Tempahan / 3",,"Unit","1576300","Pembelian","2015-12-31","DISKOMINSA","Intra","UPTD Telematika/BA: 10/05/BA-PP/2015  Stik Tower 3 (tiga) Sudut (1 Stik = 4m)","0",,"0000-00-00",,NULL
"1.3.2.06.03.20.001","Self  Supporting  Tower","0054",,"Stick Tower Tempahan / 3",,"Unit","1576300","Pembelian","2015-12-31","DISKOMINSA","Intra","UPTD Telematika/BA: 10/05/BA-PP/2015  Stik Tower 3 (tiga) Sudut (1 Stik = 4m)","0",,"0000-00-00",,NULL
"1.3.2.06.03.20.001","Self  Supporting  Tower","0055",,"Stick Tower Tempahan / 3",,"Unit","1576300","Pembelian","2015-12-31","DISKOMINSA","Intra","UPTD Telematika/BA: 10/05/BA-PP/2015  Stik Tower 3 (tiga) Sudut (1 Stik = 4m)","0",,"0000-00-00",,NULL
"1.3.2.06.03.20.001","Self  Supporting  Tower","0056",,"Stick Tower Tempahan / 3",,"Unit","1576300","Pembelian","2015-12-31","DISKOMINSA","Intra","UPTD Telematika/BA: 10/05/BA-PP/2015  Stik Tower 3 (tiga) Sudut (1 Stik = 4m)","0",,"0000-00-00",,NULL
"1.3.2.06.03.20.001","Self  Supporting  Tower","0057",,"Stick Tower Tempahan / 3",,"Unit","1576300","Pembelian","2015-12-31","DISKOMINSA","Intra","UPTD Telematika/BA: 10/05/BA-PP/2015  Stik Tower 3 (tiga) Sudut (1 Stik = 4m)","0",,"0000-00-00",,NULL
"1.3.2.06.03.20.001","Self  Supporting  Tower","0058",,"Stick Tower Tempahan / 3",,"Unit","1576300","Pembelian","2015-12-31","DISKOMINSA","Intra","UPTD Telematika/BA: 10/05/BA-PP/2015  Stik Tower 3 (tiga) Sudut (1 Stik = 4m)","0",,"0000-00-00",,NULL
"1.3.2.06.03.20.001","Self  Supporting  Tower","0059",,"Stick Tower Tempahan / 3",,"Unit","1576300","Pembelian","2015-12-31","DISKOMINSA","Intra","UPTD Telematika/BA: 10/05/BA-PP/2015  Stik Tower 3 (tiga) Sudut (1 Stik = 4m)","0",,"0000-00-00",,NULL
"1.3.2.06.03.20.001","Self  Supporting  Tower","0060",,"Stick Tower Tempahan / 3",,"Unit","1576300","Pembelian","2015-12-31","DISKOMINSA","Intra","UPTD Telematika/BA: 10/05/BA-PP/2015  Stik Tower 3 (tiga) Sudut (1 Stik = 4m)","0",,"0000-00-00",,NULL
"1.3.2.06.03.20.001","Self  Supporting  Tower","0061",,"Stick Tower Tempahan / 3",,"Unit","1576300","Pembelian","2015-12-31","DISKOMINSA","Intra","UPTD Telematika/BA: 10/05/BA-PP/2015  Stik Tower 3 (tiga) Sudut (1 Stik = 4m)","0",,"0000-00-00",,NULL
"1.3.2.06.03.20.001","Self  Supporting  Tower","0062",,"Stick Tower Tempahan / 3",,"Unit","1576300","Pembelian","2015-12-31","DISKOMINSA","Intra","UPTD Telematika/BA: 10/05/BA-PP/2015  Stik Tower 3 (tiga) Sudut (1 Stik = 4m)","0",,"0000-00-00",,NULL
"1.3.2.06.03.20.001","Self  Supporting  Tower","0063",,"Stick Tower Tempahan / 3",,"Unit","1576300","Pembelian","2015-12-31","DISKOMINSA","Intra","UPTD Telematika/BA: 10/05/BA-PP/2015  Stik Tower 3 (tiga) Sudut (1 Stik = 4m)","0",,"0000-00-00",,NULL
"1.3.2.06.03.20.001","Self  Supporting  Tower","0064",,"Stick Tower Tempahan / 3",,"Unit","1576300","Pembelian","2015-12-31","DISKOMINSA","Intra","UPTD Telematika/BA: 10/05/BA-PP/2015  Stik Tower 3 (tiga) Sudut (1 Stik = 4m)","0",,"0000-00-00",,NULL
"1.3.2.06.03.20.001","Self  Supporting  Tower","0065",,"Stick Tower Tempahan / 3",,"Unit","1576300","Pembelian","2015-12-31","DISKOMINSA","Intra","UPTD Telematika/BA: 10/05/BA-PP/2015  Stik Tower 3 (tiga) Sudut (1 Stik = 4m)","0",,"0000-00-00",,NULL
"1.3.2.06.03.20.001","Self  Supporting  Tower","0066",,"Stick Tower Tempahan / 3",,"Unit","1576300","Pembelian","2015-12-31","DISKOMINSA","Intra","UPTD Telematika/BA: 10/05/BA-PP/2015  Stik Tower 3 (tiga) Sudut (1 Stik = 4m)","0",,"0000-00-00",,NULL
"1.3.2.05.01.05.002","CCTV - Camera Control Television System","0001",,"Avtech  / AVM428A",,"Unit","5766000","Pembelian","2015-12-31","DISKOMINSA","Intra","PSITT/BA: 07/11/BA-PP/2015(IP Camera)","0","RB","2026-01-04",,NULL
"1.3.2.06.03.20.001","Self  Supporting  Tower","0068",,"Stick Tower Tempahan / 3",,"Unit","1576300","Pembelian","2015-12-31","DISKOMINSA","Intra","UPTD Telematika/BA: 10/05/BA-PP/2015  Stik Tower 3 (tiga) Sudut (1 Stik = 4m)","0",,"0000-00-00",,NULL
"1.3.2.06.03.20.001","Self  Supporting  Tower","0069",,"Stick Tower Tempahan / 3",,"Unit","1576300","Pembelian","2015-12-31","DISKOMINSA","Intra","UPTD Telematika/BA: 10/05/BA-PP/2015  Stik Tower 3 (tiga) Sudut (1 Stik = 4m)","0",,"0000-00-00",,NULL
"1.3.2.06.03.20.001","Self  Supporting  Tower","0070",,"Stick Tower Tempahan / 3",,"Unit","1576300","Pembelian","2015-12-31","DISKOMINSA","Intra","UPTD Telematika/BA: 10/05/BA-PP/2015  Stik Tower 3 (tiga) Sudut (1 Stik = 4m)","0",,"0000-00-00",,NULL
"1.3.2.06.03.20.001","Self  Supporting  Tower","0071",,"Besi Tiang Tower",,"Unit","1796000","Pembelian","2017-12-31","DISKOMINSA","Intra","Pengadaan Perangkat Jaringan Informasi Agribisnis untuk PENAS KTNA 2017","0",,"0000-00-00",,NULL
"1.3.2.06.03.23.015","Switcher/Patch Panel","0001",,,,"Unit","2607000","Pembelian","2012-12-31","DISKOMINSA","Intra","Flat Fanel, Perangkat Accessories Jaringan","0",,"0000-00-00",,NULL
"1.3.2.06.03.23.015","Switcher/Patch Panel","0002",,,,"Unit","2607000","Pembelian","2012-12-31","DISKOMINSA","Intra","Flat Fanel, Perangkat Accessories Jaringan","0",,"0000-00-00",,NULL
"1.3.2.06.03.23.015","Switcher/Patch Panel","0003",,,,"Unit","2607000","Pembelian","2012-12-31","DISKOMINSA","Intra","Flat Fanel, Perangkat Accessories Jaringan","0",,"0000-00-00",,NULL
"1.3.2.06.03.23.015","Switcher/Patch Panel","0004",,,,"Unit","2607000","Pembelian","2012-12-31","DISKOMINSA","Intra","Flat Fanel, Perangkat Accessories Jaringan","0",,"0000-00-00",,NULL
"1.3.2.06.03.24.007","Peralatan Antena Penerima UHF","0001",,,,"Unit","2860000","Pembelian","2012-12-31","DISKOMINSA","Intra","Flat Fanel, Perangkat Aksesoris 5,8 Ghz","0",,"0000-00-00",,NULL
"1.3.2.06.03.24.007","Peralatan Antena Penerima UHF","0002",,,,"Unit","2860000","Pembelian","2012-12-31","DISKOMINSA","Intra","Flat Fanel, Perangkat Aksesoris 5,8 Ghz","0",,"0000-00-00",,NULL
"1.3.2.06.03.24.007","Peralatan Antena Penerima UHF","0003",,,,"Unit","2860000","Pembelian","2012-12-31","DISKOMINSA","Intra","Flat Fanel, Perangkat Aksesoris 5,8 Ghz","0",,"0000-00-00",,NULL
"1.3.2.06.03.24.007","Peralatan Antena Penerima UHF","0004",,,,"Unit","2860000","Pembelian","2012-12-31","DISKOMINSA","Intra","Flat Fanel, Perangkat Aksesoris 5,8 Ghz","0",,"0000-00-00",,NULL
"1.3.2.06.03.28.005","Peralatan Penerima UHF","0001",,"Sma HD / 3 G",,"Unit","27357000","Pembelian","2014-12-31","DISKOMINSA","Intra","UPTD Telematika","0",,"0000-00-00",,NULL
"1.3.2.06.03.33.001","Unit Transceiver VHF Transportable","0001",,"Motorola / CDR 500",,"Unit","84640000","Pembelian","2014-12-31","DISKOMINSA","Intra","Repeater Komunikasi Bergerak - UPTD Telematika","0",,"0000-00-00",,NULL
"1.3.2.06.03.33.003","Unit Transceiver VHF Stationary","0001",,"MOTOROLLA / CDR 500",,"Unit","41910000","Pembelian","2009-12-31","DISKOMINSA","Intra","Repiter Link Transceiver Include : Radio Link Interface, Duplexer, Power Supply","0",,"0000-00-00",,NULL
"1.3.2.06.03.33.003","Unit Transceiver VHF Stationary","0002",,"MOTOROLLA / CDR 500",,"Unit","41910000","Pembelian","2009-12-31","DISKOMINSA","Intra","Repiter Link Transceiver Include : Radio Link Interface, Duplexer, Power Supply","0",,"0000-00-00",,NULL
"1.3.2.06.03.33.003","Unit Transceiver VHF Stationary","0003",,"MOTOROLLA / CDR 500",,"Unit","41910000","Pembelian","2009-12-31","DISKOMINSA","Intra","Repiter Link Transceiver Include : Radio Link Interface, Duplexer, Power Supply","0",,"0000-00-00",,NULL
"1.3.2.06.03.33.003","Unit Transceiver VHF Stationary","0004",,"MOTOROLLA / CDR 500",,"Unit","41910000","Pembelian","2009-12-31","DISKOMINSA","Intra","Repiter Link Transceiver Include : Radio Link Interface, Duplexer, Power Supply","0",,"0000-00-00",,NULL
"1.3.2.06.03.33.003","Unit Transceiver VHF Stationary","0005",,"ICOM",,"Unit","191719000","Pembelian","2010-12-31","DISKOMINSA","Intra","Pengadaan Radio VHF","0",,"0000-00-00",,NULL
"1.3.2.06.03.33.003","Unit Transceiver VHF Stationary","0006",,"Module Micro",,"Unit","16390000","Pembelian","2012-12-31","DISKOMINSA","Intra","Cluster Management ,Perangkat Aksesoris 5,8 Ghz","0",,"0000-00-00",,NULL
"1.3.2.06.03.33.003","Unit Transceiver VHF Stationary","0007",,"NAUTEL / VR 125 D",,"Unit","1138500000","Pembelian","2012-12-31","DISKOMINSA","Intra","Peralatan NDB","0",,"0000-00-00",,NULL
"1.3.2.06.03.33.003","Unit Transceiver VHF Stationary","0008",,"Radio VHF RIG / 45 W",,"Unit","4180000","Pembelian","2012-12-31","DISKOMINSA","Intra","Radio Base","0",,"0000-00-00",,NULL
"1.3.2.06.03.33.003","Unit Transceiver VHF Stationary","0009",,"Radio VHF RIG / 45 W",,"Unit","4180000","Pembelian","2012-12-31","DISKOMINSA","Intra","Radio Base","0",,"0000-00-00",,NULL
"1.3.2.06.03.33.003","Unit Transceiver VHF Stationary","0010",,"Radio VHF RIG / 45 W",,"Unit","4180000","Pembelian","2012-12-31","DISKOMINSA","Intra","Radio Base","0",,"0000-00-00",,NULL
"1.3.2.06.03.33.003","Unit Transceiver VHF Stationary","0011",,"Radio VHF RIG / 45 W",,"Unit","4180000","Pembelian","2012-12-31","DISKOMINSA","Intra","Radio Base","0",,"0000-00-00",,NULL
"1.3.2.06.03.33.003","Unit Transceiver VHF Stationary","0012",,"Radio VHF RIG / 45 W",,"Unit","4180000","Pembelian","2012-12-31","DISKOMINSA","Intra","Radio Base","0",,"0000-00-00",,NULL
"1.3.2.06.03.33.003","Unit Transceiver VHF Stationary","0013",,"Radio VHF RIG / 45 W",,"Unit","4180000","Pembelian","2012-12-31","DISKOMINSA","Intra","Radio Base","0",,"0000-00-00",,NULL
"1.3.2.06.03.33.003","Unit Transceiver VHF Stationary","0014",,"Kenwood / TM - 271A",,"Unit","2915000","Pembelian","2012-12-31","DISKOMINSA","Intra","Rig VHF, Peralatan Penguatan Jaringan Mobil Monitoring","0",,"0000-00-00",,NULL
"1.3.2.06.03.33.003","Unit Transceiver VHF Stationary","0015",,"Kenwood / TM - 271A",,"Unit","2915000","Pembelian","2012-12-31","DISKOMINSA","Intra","Rig VHF, Peralatan Penguatan Jaringan Mobil Monitoring","0",,"0000-00-00",,NULL
"1.3.2.06.03.33.003","Unit Transceiver VHF Stationary","0016",,"Motorolla / CDR 500",,"Unit","29791000","Pembelian","2013-12-31","DISKOMINSA","Intra","Repeater, Sarana Komunikasi Gate Way. RAPI Aceh","0",,"0000-00-00",,NULL
"1.3.2.06.03.33.003","Unit Transceiver VHF Stationary","0017",,"Motorolla / CDR 500",,"Unit","29791000","Pembelian","2013-12-31","DISKOMINSA","Intra","Repeater, Sarana Komunikasi Gate Way. RAPI Aceh","0",,"0000-00-00",,NULL
"1.3.2.06.03.33.003","Unit Transceiver VHF Stationary","0018",,,,"Unit","7450000","Pembelian","2013-12-31","DISKOMINSA","Intra","Duplexer, Sarana Komunikasi Gate Way. RAPI Aceh","0",,"0000-00-00",,NULL
"1.3.2.06.03.33.003","Unit Transceiver VHF Stationary","0019",,,,"Unit","7450000","Pembelian","2013-12-31","DISKOMINSA","Intra","Duplexer, Sarana Komunikasi Gate Way. RAPI Aceh","0",,"0000-00-00",,NULL
"1.3.2.06.03.33.003","Unit Transceiver VHF Stationary","0020",,,,"Unit","144730000","Pembelian","2013-12-31","DISKOMINSA","Intra","Radio Gateway Daerah Rawan Bencana","0",,"0000-00-00",,NULL
"1.3.2.06.03.33.003","Unit Transceiver VHF Stationary","0021",,"Icom",,"Unit","49789000","Pembelian","2014-12-31","DISKOMINSA","Intra","Radio Base - Bidang PSITT","0",,"0000-00-00",,NULL
"1.3.2.06.03.33.003","Unit Transceiver VHF Stationary","0022",,"Icom",,"Unit","49789000","Pembelian","2014-12-31","DISKOMINSA","Intra","Radio Base - Bidang PSITT","0",,"0000-00-00",,NULL
"1.3.2.06.03.33.003","Unit Transceiver VHF Stationary","0023",,"Weirwei / VEV-V8 Plus",,"Unit","19851000","Pembelian","2014-12-31","DISKOMINSA","Intra","Radio Gateway - Bidang PSITT","0",,"0000-00-00",,NULL
"1.3.2.06.03.33.003","Unit Transceiver VHF Stationary","0024",,"Weirwei / VEV-V8 Plus",,"Unit","19851000","Pembelian","2014-12-31","DISKOMINSA","Intra","Radio Gateway - Bidang PSITT","0",,"0000-00-00",,NULL
"1.3.2.06.03.33.003","Unit Transceiver VHF Stationary","0025",,"Yaisu / VXR-9000",,"Unit","89320000","Pembelian","2014-12-31","DISKOMINSA","Intra","Master Repeater - UPTD Telematika","0",,"0000-00-00",,NULL
"1.3.2.06.03.33.003","Unit Transceiver VHF Stationary","0026",,"Yaesu  / Yaesu FT. 2900R",,"Unit","3700000","Pembelian","2015-12-31","DISKOMINSA","Intra","Postel/BA: 06/05/BA-PP/2015 (Radio Rig )","0",,"0000-00-00",,NULL
"1.3.2.06.03.33.003","Unit Transceiver VHF Stationary","0027",,"Yaesu  / Yaesu FT. 2900R",,"Unit","3700000","Pembelian","2015-12-31","DISKOMINSA","Intra","Postel/BA: 06/05/BA-PP/2015 (Radio Rig )","0",,"0000-00-00",,NULL
"1.3.2.06.03.33.003","Unit Transceiver VHF Stationary","0028",,"Alinco  / Alinco Dr 135",,"Unit","2530000","Pembelian","2015-12-31","DISKOMINSA","Intra","Postel/BA: 06/05/BA-PP/2015 (Radio Rig )","0",,"0000-00-00",,NULL
"1.3.2.06.03.33.003","Unit Transceiver VHF Stationary","0033",,,,"Unit","52525000","Pembelian","2016-12-31","DISKOMINSA","Intra","Repeater Transceiver (Build Up) Rp.28.380.000 + Installasi Rp.3.850.000 + Grounding dan Aksesoris Rp","0",,"0000-00-00",,NULL
"1.3.2.06.03.33.003","Unit Transceiver VHF Stationary","0034",,,,"Unit","4950000","Pembelian","2016-12-31","DISKOMINSA","Intra","Duplexer Radio Frequency System (Celwave) -- Penyempurnaan Perangkat pada Ruang Monitoring Radio Kom","0",,"0000-00-00",,NULL
"1.3.2.06.03.33.003","Unit Transceiver VHF Stationary","0035",,,,"Unit","7656000","Pembelian","2016-12-31","DISKOMINSA","Intra","Radio Base + Antena Luar -- Fasilitas Pendukung Perangkat Mobil Komunikasi UPTD Telematika BA: 10/15","0",,"0000-00-00",,NULL
"1.3.2.06.03.33.003","Unit Transceiver VHF Stationary","0036",,,,"Unit","3124000","Pembelian","2016-12-31","DISKOMINSA","Intra","Converter -- Fasilitas Pendukung Perangkat Mobil Komunikasi UPTD Telematika BA: 10/15.b/BA-PP/2016","0",,"0000-00-00",,NULL
"1.3.2.06.03.33.003","Unit Transceiver VHF Stationary","0037",,,,"Unit","13530000","Pembelian","2016-12-31","DISKOMINSA","Intra","Inverter 1 KW + Aki -- Fasilitas Pendukung Perangkat Mobil Komunikasi UPTD Telematika BA: 10/15.b/BA","0",,"0000-00-00",,NULL
"1.3.2.06.03.33.003","Unit Transceiver VHF Stationary","0038",,,,"Unit","1018000","Pembelian","2016-12-31","DISKOMINSA","Intra","Panel Switch Cable -- Fasilitas Pendukung Perangkat Mobil Komunikasi UPTD Telematika BA: 10/15.b/BA-","0",,"0000-00-00",,NULL
"1.3.2.06.03.33.003","Unit Transceiver VHF Stationary","0039",,,,"Unit","28240000","Pembelian","2016-12-31","DISKOMINSA","Intra","Radio Over IP + Accessories + Jasa setting dan Instalasi + Mobilisasi -- Peningkatan Radio Komunikas","0",,"0000-00-00",,NULL
"1.3.2.06.03.33.003","Unit Transceiver VHF Stationary","0040",,,,"Unit","28240000","Pembelian","2016-12-31","DISKOMINSA","Intra","Radio Over IP + Accessories + Jasa setting dan Instalasi + Mobilisasi -- Peningkatan Radio Komunikas","0",,"0000-00-00",,NULL
"1.3.2.06.03.33.003","Unit Transceiver VHF Stationary","0041",,,,"Unit","28240000","Pembelian","2016-12-31","DISKOMINSA","Intra","Radio Over IP + Accessories + Jasa setting dan Instalasi + Mobilisasi -- Peningkatan Radio Komunikas","0",,"0000-00-00",,NULL
"1.3.2.06.03.33.003","Unit Transceiver VHF Stationary","0042",,,,"Unit","28240000","Pembelian","2016-12-31","DISKOMINSA","Intra","Radio Over IP + Accessories + Jasa setting dan Instalasi + Mobilisasi -- Peningkatan Radio Komunikas","0",,"0000-00-00",,NULL
"1.3.2.06.03.33.003","Unit Transceiver VHF Stationary","0043",,,,"Unit","28240000","Pembelian","2016-12-31","DISKOMINSA","Intra","Radio Over IP + Accessories + Jasa setting dan Instalasi + Mobilisasi -- Peningkatan Radio Komunikas","0",,"0000-00-00",,NULL
"1.3.2.06.03.33.003","Unit Transceiver VHF Stationary","0044",,,,"Unit","28240000","Pembelian","2016-12-31","DISKOMINSA","Intra","Radio Over IP + Accessories + Jasa setting dan Instalasi + Mobilisasi -- Peningkatan Radio Komunikas","0",,"0000-00-00",,NULL
"1.3.2.06.03.33.003","Unit Transceiver VHF Stationary","0045",,,,"Unit","28250000","Pembelian","2016-12-31","DISKOMINSA","Intra","Radio Over IP + Accessories + Jasa setting dan Instalasi + Mobilisasi -- Peningkatan Radio Komunikas","0",,"0000-00-00",,NULL
"1.3.2.06.03.34.022","Radio Direction Finder","0001",,,,"Unit","57200000","Pembelian","2016-12-31","DISKOMINSA","Intra","Automatic Direction Finder -- Fasilitas Pendukung Perangkat Mobil Komunikasi UPTD Telematika BA: 10/","0",,"0000-00-00",,NULL
"1.3.2.06.04.06.005","Unit Remote Control","0001",,"Libec",,"Unit","4895000","Pembelian","2014-12-31","DISKOMINSA","Intra","Remote Head - UPTD Telematika","0",,"0000-00-00",,NULL
"1.3.2.06.04.06.005","Unit Remote Control","0002",,"Libec",,"Unit","4950000","Pembelian","2014-12-31","DISKOMINSA","Intra","Head - UPTD Telematika","0",,"0000-00-00",,NULL
"1.3.2.08.03.05.012","Katrol","0001",,"Katrol Krisbow Heavy Duty",,"Unit","4277000","Pembelian","2018-12-31","DISKOMINSA","Intra","Belanja Modal Pengadaan Alat Penarik (Sekretariat)","0",,"0000-00-00",,NULL
"1.3.2.08.04.06.039","Infrared Thermometer","0001",,"Medical Infrared Thermome",,"Unit","2629000","Pembelian","2020-12-31","DISKOMINSA","Intra","Pengadaan Thermo Gun - Covid 19 (dau)/Rp. 10.516.000","0",,"0000-00-00",,NULL
"1.3.2.08.04.06.039","Infrared Thermometer","0002",,"Medical Infrared Thermome",,"Unit","2629000","Pembelian","2020-12-31","DISKOMINSA","Intra","Pengadaan Thermo Gun - Covid 19 (dau)/Rp. 10.516.000","0",,"0000-00-00",,NULL
"1.3.2.08.04.06.039","Infrared Thermometer","0003",,"Medical Infrared Thermome",,"Unit","2629000","Pembelian","2020-12-31","DISKOMINSA","Intra","Pengadaan Thermo Gun - Covid 19 (dau)/Rp. 10.516.000","0",,"0000-00-00",,NULL
"1.3.2.08.04.06.039","Infrared Thermometer","0004",,"Medical Infrared Thermome",,"Unit","2629000","Pembelian","2020-12-31","DISKOMINSA","Intra","Pengadaan Thermo Gun - Covid 19 (dau)/Rp. 10.516.000","0",,"0000-00-00",,NULL
"1.3.2.08.09.03.002","Optical Power Meter","0001",,"JOINWIT JW3208 OPM (Optic",,"Unit","1650000","Pembelian","2021-12-31","DISKOMINSA","Intra","Pengadaan Sarana dan Prasarana Ruang Server Pemerintah Aceh","0",,"0000-00-00",,NULL
"1.3.2.08.09.04.005","Earth / Ground Tester","0001",,"Kyoritsu",,"Unit","3850000","Pembelian","2012-12-31","DISKOMINSA","Intra","Earth tester","0",,"0000-00-00",,NULL
"1.3.2.08.09.05.001","Temperature Tester","0001",,"Hikvision Face Recognitio",,"Unit","26260000","Pembelian","2020-12-31","DISKOMINSA","Intra","Pengadaan Pengukur Suhu (dana otsus)/Rp.26.260.000","0",,"0000-00-00",,NULL
"1.3.2.10.01.01.003","Local  Area  Network (LAN)","0001",,"Jaringan Virtual Private",,"Unit","2147483647","Hibah","2007-12-31","DISKOMINSA","Intra","Tersebar di Prov. NAD (Minus Pidie Jaya dan Subulussalam) Pengadaan dan Pemasangan Perangkat Jaringa","0",,"0000-00-00",,NULL
"1.3.2.10.01.01.004","Internet","0001",,"Jaringan IT dan Network O",,"Unit","2147483647","Hibah","2006-12-31","DISKOMINSA","Intra","Jasa Borongan Pengadaan Jaringan IT dan Network Operation Center (Tersebar di 20 Kab Prov. NAD) No.","0",,"0000-00-00",,NULL
"1.3.2.10.01.02.001","P.C Unit","0031",,"HP / G 3530i",,"Unit","9669000","Pembelian","2008-12-31","DISKOMINSA","Intra","KPID NAD; Reklas dari TDF","0",,"0000-00-00",,NULL
"1.3.2.10.01.02.001","P.C Unit","0032",,"HP / G 3530i",,"Unit","9669000","Pembelian","2008-12-31","DISKOMINSA","Intra","KPID NAD; Reklas dari TDF","0",,"0000-00-00",,NULL
"1.3.2.10.01.02.001","P.C Unit","0034",,,,"Unit","20000000","Pembelian","2013-12-31","DISKOMINSA","Intra","Desktop Server","0",,"0000-00-00",,NULL
"1.3.2.10.01.02.001","P.C Unit","0038",,"HP Pavilon/Desktop",,"Unit","11000000","Pembelian","2014-12-31","DISKOMINSA","Intra","Bidang PSITT","0",,"0000-00-00",,NULL
"1.3.2.10.01.02.001","P.C Unit","0039",,"HP Pavilon/Desktop",,"Unit","11000000","Pembelian","2014-12-31","DISKOMINSA","Intra","Bidang PSITT","0",,"0000-00-00",,NULL
"1.3.2.10.01.02.001","P.C Unit","0040",,"HP Pavilon/Desktop",,"Unit","11000000","Pembelian","2014-12-31","DISKOMINSA","Intra","Bidang PSITT","0",,"0000-00-00",,NULL
"1.3.2.10.01.02.001","P.C Unit","0041",,"HP Pavilon/Desktop",,"Unit","11000000","Pembelian","2014-12-31","DISKOMINSA","Intra","Bidang PSITT","0",,"0000-00-00",,NULL
"1.3.2.10.01.02.001","P.C Unit","0042",,"HP Pavilon/Desktop",,"Unit","11000000","Pembelian","2014-12-31","DISKOMINSA","Intra","Bidang PSITT","0",,"0000-00-00",,NULL
"1.3.2.10.01.02.001","P.C Unit","0043",,"HP Pavilon/Desktop",,"Unit","11000000","Pembelian","2014-12-31","DISKOMINSA","Intra","Bidang PSITT","0",,"0000-00-00",,NULL
"1.3.2.10.01.02.001","P.C Unit","0044",,"HP Pavilon/Desktop",,"Unit","11000000","Pembelian","2014-12-31","DISKOMINSA","Intra","Bidang PSITT","0",,"0000-00-00",,NULL
"1.3.2.10.01.02.001","P.C Unit","0045",,"HP Pavilon/Desktop",,"Unit","11000000","Pembelian","2014-12-31","DISKOMINSA","Intra","Bidang PSITT","0",,"0000-00-00",,NULL
"1.3.2.10.01.02.001","P.C Unit","0046",,"HP Pavilon/Desktop",,"Unit","11000000","Pembelian","2014-12-31","DISKOMINSA","Intra","Bidang PSITT","0",,"0000-00-00",,NULL
"1.3.2.10.01.02.001","P.C Unit","0047",,"HP Pavilon/Desktop",,"Unit","11000000","Pembelian","2014-12-31","DISKOMINSA","Intra","Bidang PSITT","0",,"0000-00-00",,NULL
"1.3.2.10.01.02.001","P.C Unit","0048",,"HP Pavilon/Desktop",,"Unit","11000000","Pembelian","2014-12-31","DISKOMINSA","Intra","Bidang PSITT","0",,"0000-00-00",,NULL
"1.3.2.10.01.02.001","P.C Unit","0049",,"HP Pavilon/Desktop",,"Unit","11000000","Pembelian","2014-12-31","DISKOMINSA","Intra","Bidang PSITT","0",,"0000-00-00",,NULL
"1.3.2.10.01.02.001","P.C Unit","0050",,"HP Pavilon/Desktop",,"Unit","11000000","Pembelian","2014-12-31","DISKOMINSA","Intra","Bidang PSITT","0",,"0000-00-00",,NULL
"1.3.2.10.01.02.001","P.C Unit","0051",,"HP Pavilon/Desktop",,"Unit","11000000","Pembelian","2014-12-31","DISKOMINSA","Intra","Bidang PSITT","0",,"0000-00-00",,NULL
"1.3.2.10.01.02.001","P.C Unit","0052",,"HP Pavilon/Desktop",,"Unit","11000000","Pembelian","2014-12-31","DISKOMINSA","Intra","Bidang PSITT","0",,"0000-00-00",,NULL
"1.3.2.10.01.02.001","P.C Unit","0053",,"HP Pavilon/Desktop",,"Unit","11000000","Pembelian","2014-12-31","DISKOMINSA","Intra","Bidang PSITT","0",,"0000-00-00",,NULL
"1.3.2.10.01.02.001","P.C Unit","0054",,"HP Pavilon/Desktop",,"Unit","11000000","Pembelian","2014-12-31","DISKOMINSA","Intra","Bidang PSITT","0",,"0000-00-00",,NULL
"1.3.2.10.01.02.001","P.C Unit","0055",,"HP Pavilon/Desktop",,"Unit","11000000","Pembelian","2014-12-31","DISKOMINSA","Intra","Bidang PSITT","0",,"0000-00-00",,NULL
"1.3.2.10.01.02.001","P.C Unit","0056",,"HP Pavilon/Desktop",,"Unit","9999000","Pembelian","2014-12-31","DISKOMINSA","Intra","Bidang Manaj Database","0",,"0000-00-00",,NULL
"1.3.2.10.01.02.001","P.C Unit","0057",,"HP Pavilon/Desktop",,"Unit","9999000","Pembelian","2014-12-31","DISKOMINSA","Intra","Bidang Manaj Database","0",,"0000-00-00",,NULL
"1.3.2.10.01.02.001","P.C Unit","0058",,"HP Pavilon/Desktop",,"Unit","9999000","Pembelian","2014-12-31","DISKOMINSA","Intra","Bidang Manaj Database","0",,"0000-00-00",,NULL
"1.3.2.10.01.02.001","P.C Unit","0059",,"HP Pavilon/Desktop",,"Unit","9999000","Pembelian","2014-12-31","DISKOMINSA","Intra","Bidang Manaj Database","0",,"0000-00-00",,NULL
"1.3.2.10.01.02.001","P.C Unit","0060",,"HP Pavilon/Desktop",,"Unit","14907000","Pembelian","2014-12-31","DISKOMINSA","Intra","UPTD Seuramo","0",,"0000-00-00",,NULL
"1.3.2.10.01.02.001","P.C Unit","0061",,"HP Pavilon/Desktop",,"Unit","9999000","Pembelian","2014-12-31","DISKOMINSA","Intra","UPTD Seuramo","0",,"0000-00-00",,NULL
"1.3.2.10.01.02.001","P.C Unit","0062",,"HP Pavilon/Desktop",,"Unit","9999000","Pembelian","2014-12-31","DISKOMINSA","Intra","UPTD Seuramo","0",,"0000-00-00",,NULL
"1.3.2.10.01.02.001","P.C Unit","0063",,"HP Pavilon/Desktop",,"Unit","9999000","Pembelian","2014-12-31","DISKOMINSA","Intra","UPTD Seuramo","0",,"0000-00-00",,NULL
"1.3.2.10.01.02.001","P.C Unit","0064",,"Asus",,"Unit","14295000","Pembelian","2014-12-31","DISKOMINSA","Intra","UPTD Telematika","0",,"0000-00-00",,NULL
"1.3.2.10.01.02.001","P.C Unit","0065",,"Asus",,"Unit","14295000","Pembelian","2014-12-31","DISKOMINSA","Intra","UPTD Telematika","0",,"0000-00-00",,NULL
"1.3.2.10.01.02.001","P.C Unit","0066",,"Asus",,"Unit","14295000","Pembelian","2014-12-31","DISKOMINSA","Intra","UPTD Telematika","0",,"0000-00-00",,NULL
"1.3.2.05.01.05.002","CCTV - Camera Control Television System","0001",,"Avtech  / AVM428A",,"Unit","5766000","Pembelian","2015-12-31","DISKOMINSA","Intra","PSITT/BA: 07/11/BA-PP/2015(IP Camera)","0","RB","2026-01-04",,NULL
"1.3.2.10.01.02.001","P.C Unit","0068",,"Asus",,"Unit","14295000","Pembelian","2014-12-31","DISKOMINSA","Intra","UPTD Telematika","0",,"0000-00-00",,NULL
"1.3.2.10.01.02.001","P.C Unit","0069",,"Asus",,"Unit","14300000","Pembelian","2014-12-31","DISKOMINSA","Intra","UPTD Telematika","0",,"0000-00-00",,NULL
"1.3.2.10.01.02.001","P.C Unit","0070",,"Hp Pavilon/Desktop",,"Unit","26455000","Pembelian","2014-12-31","DISKOMINSA","Intra","Bidang PSITT","0",,"0000-00-00",,NULL
"1.3.2.10.01.02.001","P.C Unit","0071",,"Hp Pavilon/Desktop",,"Unit","26455000","Pembelian","2014-12-31","DISKOMINSA","Intra","Bidang PSITT","0",,"0000-00-00",,NULL
"1.3.2.10.01.02.001","P.C Unit","0072",,"Hp Pavilon/Desktop",,"Unit","26455000","Pembelian","2014-12-31","DISKOMINSA","Intra","Bidang PSITT","0",,"0000-00-00",,NULL
"1.3.2.10.01.02.001","P.C Unit","0073",,,,"Unit","31877000","Pembelian","2014-12-31","DISKOMINSA","Intra","Perangkat Komputer - UPTD Telematika","0",,"0000-00-00",,NULL
"1.3.2.10.01.02.001","P.C Unit","0074",,"Rakitan",,"Unit","6500000","Pembelian","2014-12-31","DISKOMINSA","Intra","KIA; Reklas dari TDF","0",,"0000-00-00",,NULL
"1.3.2.10.01.02.001","P.C Unit","0075",,"Rakitan",,"Unit","60400000","Pembelian","2015-12-31","DISKOMINSA","Intra","Main PC Monitoring (UPTD Telematika)","0",,"0000-00-00",,NULL
"1.3.2.10.01.02.001","P.C Unit","0076",,"HP",,"Unit","6820000","Pembelian","2015-12-31","DISKOMINSA","Intra","LKBN Antara","0",,"0000-00-00",,NULL
"1.3.2.10.01.02.001","P.C Unit","0077",,"HP",,"Unit","6820000","Pembelian","2015-12-31","DISKOMINSA","Intra","LKBN Antara","0",,"0000-00-00",,NULL
"1.3.2.10.01.02.001","P.C Unit","0078",,,,"Unit","10000000","Pembelian","2015-12-31","DISKOMINSA","Intra","KIA","0",,"0000-00-00",,NULL
"1.3.2.10.01.02.001","P.C Unit","0079",,"HP / HP PAV 500-331X",,"Unit","12894285","Pembelian","2015-12-31","DISKOMINSA","Intra","UPTD Telematika","0",,"0000-00-00",,NULL
"1.3.2.10.01.02.001","P.C Unit","0080",,"HP / HP PAV 500-331X",,"Unit","12894285","Pembelian","2015-12-31","DISKOMINSA","Intra","UPTD Telematika","0",,"0000-00-00",,NULL
"1.3.2.10.01.02.001","P.C Unit","0081",,"HP / HP PAV 500-331X",,"Unit","12894285","Pembelian","2015-12-31","DISKOMINSA","Intra","UPTD Telematika","0",,"0000-00-00",,NULL
"1.3.2.10.01.02.001","P.C Unit","0082",,"HP / HP PAV 500-331X",,"Unit","12894285","Pembelian","2015-12-31","DISKOMINSA","Intra","UPTD Telematika","0",,"0000-00-00",,NULL
"1.3.2.10.01.02.001","P.C Unit","0083",,"HP / HP PAV 500-331X",,"Unit","12894285","Pembelian","2015-12-31","DISKOMINSA","Intra","UPTD Telematika","0",,"0000-00-00",,NULL
"1.3.2.10.01.02.001","P.C Unit","0084",,"HP / HP PAV 500-331X",,"Unit","12894285","Pembelian","2015-12-31","DISKOMINSA","Intra","UPTD Telematika","0",,"0000-00-00",,NULL
"1.3.2.10.01.02.001","P.C Unit","0085",,"HP / HP PAV 500-331X",,"Unit","12894290","Pembelian","2015-12-31","DISKOMINSA","Intra","UPTD Telematika","0",,"0000-00-00",,NULL
"1.3.2.10.01.02.001","P.C Unit","0086",,"Asus / Pro",,"Unit","9966600","Pembelian","2015-12-31","DISKOMINSA","Intra","Seuramo","0",,"0000-00-00",,NULL
"1.3.2.10.01.02.001","P.C Unit","0087",,"Asus / Pro",,"Unit","9966600","Pembelian","2015-12-31","DISKOMINSA","Intra","Seuramo","0",,"0000-00-00",,NULL
"1.3.2.10.01.02.001","P.C Unit","0088",,"Asus / Pro",,"Unit","9966800","Pembelian","2015-12-31","DISKOMINSA","Intra","Seuramo","0",,"0000-00-00",,NULL
"1.3.2.10.01.02.001","P.C Unit","0104",," Asus  / BPLAD-624F",,"Unit","15059000","Pembelian","2015-12-31","DISKOMINSA","Intra","Data Base","0",,"0000-00-00",,NULL
"1.3.2.10.01.02.001","P.C Unit","0105",,,,"Unit","23760000","Pembelian","2016-12-31","DISKOMINSA","Intra","Dekstop All in One -- Fasilitas Pendukung Perangkat Mobil Komunikasi UPTD Telematika BA: 10/15.b/BA-","0",,"0000-00-00",,NULL
"1.3.2.10.01.02.001","P.C Unit","0106",,"Custom Computer / Rakitan",,"Unit","63030000","Pembelian","2016-12-31","DISKOMINSA","Intra","Aksesoris Pendukung R. Studio Multimedia UPTD Telematika BA: 10/05/BA-PP/2016 (Custom computer)","0",,"0000-00-00",,NULL
"1.3.2.10.01.02.001","P.C Unit","0107",,"Asus / All in One V2201C",,"Unit","12975850","Pembelian","2017-12-31","DISKOMINSA","Intra","Pengadaan Dekstop Personal Komputer","0",,"0000-00-00",,NULL
"1.3.2.10.01.02.001","P.C Unit","0108",,"Asus / All in One V2201C",,"Unit","12975850","Pembelian","2017-12-31","DISKOMINSA","Intra","Pengadaan Dekstop Personal Komputer","0",,"0000-00-00",,NULL
"1.3.2.10.01.02.001","P.C Unit","0109",,"Asus / All in One V2201C",,"Unit","12975850","Pembelian","2017-12-31","DISKOMINSA","Intra","Pengadaan Dekstop Personal Komputer","0",,"0000-00-00",,NULL
"1.3.2.10.01.02.001","P.C Unit","0110",,"Asus / All in One V2201C",,"Unit","12975850","Pembelian","2017-12-31","DISKOMINSA","Intra","Pengadaan Dekstop Personal Komputer","0",,"0000-00-00",,NULL
"1.3.2.10.01.02.001","P.C Unit","0111",,"Asus / All in One V2201C",,"Unit","12975850","Pembelian","2017-12-31","DISKOMINSA","Intra","Pengadaan Dekstop Personal Komputer","0",,"0000-00-00",,NULL
"1.3.2.10.01.02.001","P.C Unit","0112",,"Asus / All in One V2201C",,"Unit","12975850","Pembelian","2017-12-31","DISKOMINSA","Intra","Pengadaan Dekstop Personal Komputer","0",,"0000-00-00",,NULL
"1.3.2.10.01.02.001","P.C Unit","0113",,"Asus / All in One V2201C",,"Unit","12975850","Pembelian","2017-12-31","DISKOMINSA","Intra","Pengadaan Dekstop Personal Komputer","0",,"0000-00-00",,NULL
"1.3.2.10.01.02.001","P.C Unit","0114",,"Asus / All in One V2201C",,"Unit","12975850","Pembelian","2017-12-31","DISKOMINSA","Intra","Pengadaan Dekstop Personal Komputer","0",,"0000-00-00",,NULL
"1.3.2.10.01.02.001","P.C Unit","0115",,"Asus / All in One V2201C",,"Unit","12975850","Pembelian","2017-12-31","DISKOMINSA","Intra","Pengadaan Dekstop Personal Komputer","0",,"0000-00-00",,NULL
"1.3.2.10.01.02.001","P.C Unit","0116",,"Asus / All in One V2201C",,"Unit","12975850","Pembelian","2017-12-31","DISKOMINSA","Intra","Pengadaan Dekstop Personal Komputer","0",,"0000-00-00",,NULL
"1.3.2.10.01.02.001","P.C Unit","0117",,"Asus / All in One V2201C",,"Unit","12975850","Pembelian","2017-12-31","DISKOMINSA","Intra","Pengadaan Dekstop Personal Komputer","0",,"0000-00-00",,NULL
"1.3.2.10.01.02.001","P.C Unit","0119",,"Komputer Rakitan",,"Unit","78850000","Pembelian","2017-12-31","DISKOMINSA","Intra","Komputer Multimedia Rakitan -- Pengadaan Komputer Multimedia BAST No. 29/BAST/TIK/XII/2017 Tgl. 04/1","0",,"0000-00-00",,NULL
"1.3.2.10.01.02.001","P.C Unit","0120",,"ASUS / V221",,"Unit","7500000","Pembelian","2017-12-31","DISKOMINSA","Intra","PC Asus V221 -- Pengadaan Komputer KPIA","0",,"0000-00-00",,NULL
"1.3.2.10.01.02.001","P.C Unit","0121",,"HP / 24 - 02521",,"Unit","14207900","Pembelian","2017-12-31","DISKOMINSA","Intra","Dekstop PC All in One Sekretariat (Subbag Hukum, Umum dan Kepegawaian) -- Pemeliharaan Jaringan BAST","0",,"0000-00-00",,NULL
"1.3.2.10.01.02.001","P.C Unit","0122",,"HP / 24 - 02521",,"Unit","14207900","Pembelian","2017-12-31","DISKOMINSA","Intra","Dekstop PC All in One Sekretariat (Subbag Hukum, Umum dan Kepegawaian) -- Pemeliharaan Jaringan BAST","0",,"0000-00-00",,NULL
"1.3.2.10.01.02.001","P.C Unit","0123",,"HP Pavilion 24-R011D AIO",,"Unit","14401500","Pembelian","2018-12-31","DISKOMINSA","Intra","PC Dekstop Sekretariat -- Pengadaan Desktop Personal Komputer.","0",,"0000-00-00",,NULL
"1.3.2.10.01.02.001","P.C Unit","0124",,"HP Pavilion 24-R011D AIO",,"Unit","14401500","Pembelian","2018-12-31","DISKOMINSA","Intra","PC Dekstop Sekretariat -- Pengadaan Desktop Personal Komputer.","0",,"0000-00-00",,NULL
"1.3.2.10.01.02.001","P.C Unit","0125",,"HP Pavilion 24-R011D AIO",,"Unit","14401500","Pembelian","2018-12-31","DISKOMINSA","Intra","PC Dekstop Sekretariat -- Pengadaan Desktop Personal Komputer.","0",,"0000-00-00",,NULL
"1.3.2.10.01.02.001","P.C Unit","0126",,"Komputer Rakitan + Monito",,"Unit","62480000","Pembelian","2018-12-31","DISKOMINSA","Intra","Pengadaan Peralatan Pendukung Keg. Bid. Pengelola Komunikasi Publik Komputer Editing","0",,"0000-00-00",,NULL
"1.3.2.10.01.02.001","P.C Unit","0127",,"Apple iMac (MNE02ID/A) 43",,"Unit","22100000","Pembelian","2018-12-31","DISKOMINSA","Intra","Pengadaan Komputer PC (Operator Aplikasi) Bid. E-Gov","0",,"0000-00-00",,NULL
"1.3.2.10.01.02.001","P.C Unit","0128",,"Apple iMac (MNE02ID/A) 43",,"Unit","22100000","Pembelian","2018-12-31","DISKOMINSA","Intra","Pengadaan Komputer PC (Operator Aplikasi) Bid. E-Gov","0",,"0000-00-00",,NULL
"1.3.2.10.01.02.001","P.C Unit","0129",,"Apple iMac (MNE02ID/A) 43",,"Unit","22100000","Pembelian","2018-12-31","DISKOMINSA","Intra","Pengadaan Komputer PC (Operator Aplikasi) Bid. E-Gov","0",,"0000-00-00",,NULL
"1.3.2.10.01.02.001","P.C Unit","0130",,"Apple iMac (MNE02ID/A) 43",,"Unit","22100000","Pembelian","2018-12-31","DISKOMINSA","Intra","Pengadaan Komputer PC (Operator Aplikasi) Bid. E-Gov","0",,"0000-00-00",,NULL
"1.3.2.10.01.02.001","P.C Unit","0131",,"Apple iMac (MNE02ID/A) 43",,"Unit","22100000","Pembelian","2018-12-31","DISKOMINSA","Intra","Pengadaan Komputer PC (Operator Aplikasi) Bid. E-Gov","0",,"0000-00-00",,NULL
"1.3.2.10.01.02.001","P.C Unit","0132",,"Apple iMac (MNDY21D/A) 43",,"Unit","19926000","Pembelian","2018-12-31","DISKOMINSA","Intra","Pengadaan Komputer PC (Operator Design Graphic) Bid. E-Gov","0",,"0000-00-00",,NULL
"1.3.2.10.01.02.001","P.C Unit","0133",,"Lenovo AIO 520-24ICB (0VI",,"Unit","14555000","Pembelian","2019-12-31","DISKOMINSA","Intra","Pengadaan Komputer untuk Operator PPID (DAU)","0",,"0000-00-00",,NULL
"1.3.2.10.01.02.001","P.C Unit","0135",,"Asus Dekstop All in One V",,"Unit","14765000","Pembelian","2019-12-31","DISKOMINSA","Intra","Pengadaan Dekstop Personal Komputer untuk Operator Aplikasi Kedinasan (SIPKD, E-Keurani, Simaya, TND","0",,"0000-00-00",,NULL
"1.3.2.10.01.02.001","P.C Unit","0136",,"Asus Dekstop All in One V",,"Unit","14765000","Pembelian","2019-12-31","DISKOMINSA","Intra","Pengadaan Dekstop Personal Komputer untuk Operator Aplikasi Kedinasan (SIPKD, E-Keurani, Simaya, TND","0",,"0000-00-00",,NULL
"1.3.2.10.01.02.001","P.C Unit","0137",,"Asus Dekstop All in One V",,"Unit","14765000","Pembelian","2019-12-31","DISKOMINSA","Intra","Pengadaan Dekstop Personal Komputer untuk Operator Aplikasi Kedinasan (SIPKD, E-Keurani, Simaya, TND","0",,"0000-00-00",,NULL
"1.3.2.10.01.02.001","P.C Unit","0138",,"Asus Dekstop All in One V",,"Unit","14765000","Pembelian","2019-12-31","DISKOMINSA","Intra","Pengadaan Dekstop Personal Komputer untuk Operator Aplikasi Kedinasan (SIPKD, E-Keurani, Simaya, TND","0",,"0000-00-00",,NULL
"1.3.2.10.01.02.001","P.C Unit","0139",,"Asus Dekstop All in One V",,"Unit","14765000","Pembelian","2019-12-31","DISKOMINSA","Intra","Pengadaan Dekstop Personal Komputer untuk Operator Aplikasi Kedinasan (SIPKD, E-Keurani, Simaya, TND","0",,"0000-00-00",,NULL
"1.3.2.10.01.02.001","P.C Unit","0140",,"Asus Dekstop All in One V",,"Unit","14765000","Pembelian","2019-12-31","DISKOMINSA","Intra","Pengadaan Dekstop Personal Komputer untuk Operator Aplikasi Kedinasan (SIPKD, E-Keurani, Simaya, TND","0",,"0000-00-00",,NULL
"1.3.2.10.01.02.001","P.C Unit","0141",,"Asus Dekstop All in One V",,"Unit","14765000","Pembelian","2019-12-31","DISKOMINSA","Intra","Pengadaan Dekstop Personal Komputer untuk Operator Aplikasi Kedinasan (SIPKD, E-Keurani, Simaya, TND","0",,"0000-00-00",,NULL
"1.3.2.10.01.02.001","P.C Unit","0142",,"Asus Dekstop All in One V",,"Unit","14765000","Pembelian","2019-12-31","DISKOMINSA","Intra","Pengadaan Dekstop Personal Komputer untuk Operator Aplikasi Kedinasan (SIPKD, E-Keurani, Simaya, TND","0",,"0000-00-00",,NULL
"1.3.2.10.01.02.001","P.C Unit","0144",,"Lenovo IdeaCentre AIO 520",,"Unit","16238000","Pembelian","2019-12-31","DISKOMINSA","Intra","Pengadaan Komputer Pelatihan/Bimtek (TIK) (MIGAS ACEH)","0",,"0000-00-00",,NULL
"1.3.2.10.01.02.001","P.C Unit","0145",,"Lenovo IdeaCentre AIO 520",,"Unit","16238000","Pembelian","2019-12-31","DISKOMINSA","Intra","Pengadaan Komputer Pelatihan/Bimtek (TIK) (MIGAS ACEH)","0",,"0000-00-00",,NULL
"1.3.2.10.01.02.001","P.C Unit","0146",,"Lenovo IdeaCentre AIO 520",,"Unit","16238000","Pembelian","2019-12-31","DISKOMINSA","Intra","Pengadaan Komputer Pelatihan/Bimtek (TIK) (MIGAS ACEH)","0",,"0000-00-00",,NULL
"1.3.2.10.01.02.001","P.C Unit","0147",,"Komputer PC Rakitan Proce",,"Unit","27801000","Pembelian","2019-12-31","DISKOMINSA","Intra","Pengadaan Peralatan Pendukung Studio Rekaman (MIGAS ACEH)","0",,"0000-00-00",,NULL
"1.3.2.10.01.02.001","P.C Unit","0148",,"Lenovo All in One 520 - 2",,"Unit","14430000","Pembelian","2019-12-31","DISKOMINSA","Intra","Pengadaan Personal Komputer Konten Media Online (PAA)","0",,"0000-00-00",,NULL
"1.3.2.10.01.02.001","P.C Unit","0149",,"Lenovo All in One 520 - 2",,"Unit","14430000","Pembelian","2019-12-31","DISKOMINSA","Intra","Pengadaan Personal Komputer Konten Media Online (PAA)","0",,"0000-00-00",,NULL
"1.3.2.10.01.02.001","P.C Unit","0150",,"DELL Precision T3630 MT X",,"Unit","27869000","Pembelian","2019-12-31","DISKOMINSA","Intra","Pengadaan Perangkat Komputer untuk Pentest (TIK)","0",,"0000-00-00",,NULL
"1.3.2.10.01.02.001","P.C Unit","0151",,"PC Controller Rakitan",,"Unit","29069500","Pembelian","2019-12-31","DISKOMINSA","Intra","Pengadaan Perangkat Multimedia Penunjang NOC (MIGAS ACEH)","0",,"0000-00-00",,NULL
"1.3.2.10.01.02.001","P.C Unit","0152",,"Asus ROG Dekstop PC GL12C",,"Unit","20599000","Pembelian","2019-12-31","DISKOMINSA","Intra","Pengadaan PC Controller Monitoring Jaringan (TIK) (DAU)","0",,"0000-00-00",,NULL
"1.3.2.10.01.02.001","P.C Unit","0153",,"Asus Dekstop AIO V272UNT-",,"Unit","20895035","Pembelian","2020-12-31","DISKOMINSA","Intra","Pengadaan Komputer Untuk Database Administrator Lab E-Budgeting/Rp.41.790.070","0",,"0000-00-00",,NULL
"1.3.2.10.01.02.001","P.C Unit","0154",,"Asus Dekstop AIO V272UNT-",,"Unit","20895035","Pembelian","2020-12-31","DISKOMINSA","Intra","Pengadaan Komputer Untuk Database Administrator Lab E-Budgeting/Rp.41.790.070","0",,"0000-00-00",,NULL
"1.3.2.10.01.02.001","P.C Unit","0155","PC All in One","Lenovo",,"Unit","17900000","Pembelian","2022-02-21","DISKOMINSA","Intra","Pengadaan Personal computer - komputer  personal computer - all in one bid. PKP","0",,"0000-00-00",,NULL
"1.3.2.10.01.02.001","P.C Unit","0156","PC All in One","Lenovo",,"Unit","17900000","Pembelian","2022-02-21","DISKOMINSA","Intra","Pengadaan Personal computer - komputer  personal computer - all in one bid. PKP","0",,"0000-00-00",,NULL
"1.3.2.10.01.02.001","P.C Unit","0157","PC All in One","Asus All in One PC E5401",,"Unit","24108000","Pembelian","2022-03-23","DISKOMINSA","Intra","Pengadaan komputer/personal komputer -all in one","0",,"0000-00-00",,NULL
"1.3.2.10.01.02.001","P.C Unit","0158","PC All in One","Asus All in One PC E5401",,"Unit","24108000","Pembelian","2022-03-23","DISKOMINSA","Intra","Pengadaan komputer/personal komputer -all in one","0",,"0000-00-00",,NULL
"1.3.2.10.01.02.001","P.C Unit","0159","PC All in One","Lenovo",,"Unit","24996000","Pembelian","2022-03-29","DISKOMINSA","Intra","Pengadaan komputer/personal computer -all in one UPTD Statistik","0",,"0000-00-00",,NULL
"1.3.2.10.01.02.001","P.C Unit","0160","PC All in One","Lenovo",,"Unit","24996000","Pembelian","2022-03-29","DISKOMINSA","Intra","Pengadaan komputer/personal computer -all in one UPTD Statistik","0",,"0000-00-00",,NULL
"1.3.2.10.01.02.001","P.C Unit","0161","PC All in One","HP All in One PC",,"Unit","17982000","Pembelian","2022-04-21","DISKOMINSA","Intra","Pengadaan Personal Komputer Dalam Rangka Operasional Sertifikat Elektronik - PC All in One","0",,"0000-00-00",,NULL
"1.3.2.10.01.02.001","P.C Unit","0162","PC All in One","Dell Optiplex 5490 All in",,"Unit","44465000","Pembelian","2022-08-09","DISKOMINSA","Intra","Pengadaan Personal Computer (All in One) - Bid. TIK","0",,"0000-00-00",,NULL
"1.3.2.10.01.02.001","P.C Unit","0163","PC All in One","Dell Optiplex 5490 All in",,"Unit","44465000","Pembelian","2022-08-09","DISKOMINSA","Intra","Pengadaan Personal Computer (All in One) - Bid. TIK","0",,"0000-00-00",,NULL
"1.3.2.10.01.02.001","P.C Unit","0164","PC All in One","HP EliteOne 800 G6 AIO",,"Unit","33699000","Pembelian","2022-08-09","DISKOMINSA","Intra","Pengadaan Personal Computer (All in One) - Bid. TIK","0",,"0000-00-00",,NULL
"1.3.2.10.01.02.001","P.C Unit","0165","PC All in One","HP EliteOne 800 G6 AIO",,"Unit","33699000","Pembelian","2022-08-09","DISKOMINSA","Intra","Pengadaan Personal Computer (All in One) - Bid. TIK","0",,"0000-00-00",,NULL
"1.3.2.10.01.02.001","P.C Unit","0166","HP All in One PC","HP",,"Unit","34400000","Pembelian","2022-11-10","DISKOMINSA","Intra","Pengadaan Komputer / Personal Computer All in One - UPTD Statistik","0",,"0000-00-00",,NULL
"1.3.2.10.01.02.002","Lap Top","0003",,"Fujitsu / S 6410 B",,"Unit","19250000","Pembelian","2008-12-31","DISKOMINSA","Intra","Untuk Jaringan BPDE","0",,"0000-00-00",,NULL
"1.3.2.10.01.02.002","Lap Top","0004",,"Fujitsu / S 6410 B",,"Unit","19250000","Pembelian","2008-12-31","DISKOMINSA","Intra","Untuk Jaringan BPDE","0",,"0000-00-00",,NULL
"1.3.2.10.01.02.002","Lap Top","0006",,,,"Unit","9740000","Pembelian","2013-12-31","DISKOMINSA","Intra","Notebook, Sarana Komunikasi Gate Way. RAPI Aceh","0",,"0000-00-00",,NULL
"1.3.2.10.01.02.002","Lap Top","0007",,"Lenovo/Intel Core i5",,"Unit","9942000","Pembelian","2014-12-31","DISKOMINSA","Intra","Bidang PSITT","0",,"0000-00-00",,NULL
"1.3.2.10.01.02.002","Lap Top","0008",,"Lenovo/Intel Core i5",,"Unit","9942000","Pembelian","2014-12-31","DISKOMINSA","Intra","Bidang PSITT","0",,"0000-00-00",,NULL
"1.3.2.10.01.02.002","Lap Top","0009",,"Lenovo/Intel Core i5",,"Unit","9942000","Pembelian","2014-12-31","DISKOMINSA","Intra","Bidang PSITT","0",,"0000-00-00",,NULL
"1.3.2.10.01.02.002","Lap Top","0010",,"Lenovo/Intel Core i5",,"Unit","9942000","Pembelian","2014-12-31","DISKOMINSA","Intra","Bidang PSITT","0",,"0000-00-00",,NULL
"1.3.2.10.01.02.002","Lap Top","0011",,"Lenovo/Intel Core i5",,"Unit","9942000","Pembelian","2014-12-31","DISKOMINSA","Intra","Bidang PSITT","0",,"0000-00-00",,NULL
"1.3.2.10.01.02.002","Lap Top","0012",,"Lenovo/Intel Core i5",,"Unit","9942000","Pembelian","2014-12-31","DISKOMINSA","Intra","Bidang PSITT","0",,"0000-00-00",,NULL
"1.3.2.10.01.02.002","Lap Top","0013",,"Lenovo/Intel Core i5",,"Unit","9942000","Pembelian","2014-12-31","DISKOMINSA","Intra","Bidang PSITT","0",,"0000-00-00",,NULL
"1.3.2.10.01.02.002","Lap Top","0014",,"Lenovo/Intel Core i5",,"Unit","9942000","Pembelian","2014-12-31","DISKOMINSA","Intra","Bidang PSITT","0",,"0000-00-00",,NULL
"1.3.2.10.01.02.002","Lap Top","0015",,"Lenovo/Intel Core i5",,"Unit","9942000","Pembelian","2014-12-31","DISKOMINSA","Intra","Bidang PSITT","0",,"0000-00-00",,NULL
"1.3.2.10.01.02.002","Lap Top","0016",,"Lenovo/Intel Core i5",,"Unit","9942000","Pembelian","2014-12-31","DISKOMINSA","Intra","Bidang PSITT","0",,"0000-00-00",,NULL
"1.3.2.10.01.02.002","Lap Top","0017",,"Lenovo/Intel Core i5",,"Unit","9942000","Pembelian","2014-12-31","DISKOMINSA","Intra","Bidang PSITT","0",,"0000-00-00",,NULL
"1.3.2.10.01.02.002","Lap Top","0018",,"Lenovo/Intel Core i5",,"Unit","9942000","Pembelian","2014-12-31","DISKOMINSA","Intra","Bidang PSITT","0",,"0000-00-00",,NULL
"1.3.2.10.01.02.002","Lap Top","0019",,"Lenovo/Intel Core i5",,"Unit","9942000","Pembelian","2014-12-31","DISKOMINSA","Intra","Bidang PSITT","0",,"0000-00-00",,NULL
"1.3.2.10.01.02.002","Lap Top","0020",,"Lenovo/Intel Core i5",,"Unit","9942000","Pembelian","2014-12-31","DISKOMINSA","Intra","Bidang PSITT","0",,"0000-00-00",,NULL
"1.3.2.10.01.02.002","Lap Top","0021",,"Lenovo/Intel Core i5",,"Unit","9942000","Pembelian","2014-12-31","DISKOMINSA","Intra","Bidang PSITT","0",,"0000-00-00",,NULL
"1.3.2.10.01.02.002","Lap Top","0022",,"Lenovo/Intel Core i5",,"Unit","9942000","Pembelian","2014-12-31","DISKOMINSA","Intra","Bidang PSITT","0",,"0000-00-00",,NULL
"1.3.2.10.01.02.002","Lap Top","0023",,"Lenovo/Intel Core i5",,"Unit","9942000","Pembelian","2014-12-31","DISKOMINSA","Intra","Bidang PSITT","0",,"0000-00-00",,NULL
"1.3.2.10.01.02.002","Lap Top","0024",,"Lenovo/Intel Core i5",,"Unit","9942000","Pembelian","2014-12-31","DISKOMINSA","Intra","Bidang PSITT","0",,"0000-00-00",,NULL
"1.3.2.10.01.02.002","Lap Top","0025",,"Lenovo/Intel Core i5",,"Unit","9942000","Pembelian","2014-12-31","DISKOMINSA","Intra","Bidang PSITT","0",,"0000-00-00",,NULL
"1.3.2.10.01.02.002","Lap Top","0026",,"Lenovo/Intel Core i5",,"Unit","9942000","Pembelian","2014-12-31","DISKOMINSA","Intra","Bidang PSITT","0",,"0000-00-00",,NULL
"1.3.2.10.01.02.002","Lap Top","0027",,"Asus",,"Unit","19975000","Pembelian","2014-12-31","DISKOMINSA","Intra","UPTD Telematika","0",,"0000-00-00",,NULL
"1.3.2.10.01.02.002","Lap Top","0028",,"Asus",,"Unit","19975000","Pembelian","2014-12-31","DISKOMINSA","Intra","UPTD Telematika","0",,"0000-00-00",,NULL
"1.3.2.10.01.02.002","Lap Top","0029",,"Hp",,"Unit","9000000","Pembelian","2014-12-31","DISKOMINSA","Intra","UPTD Telematika","0",,"0000-00-00",,NULL
"1.3.2.10.01.02.002","Lap Top","0030",,"Hp",,"Unit","9000000","Pembelian","2014-12-31","DISKOMINSA","Intra","UPTD Telematika","0",,"0000-00-00",,NULL
"1.3.2.10.01.02.002","Lap Top","0031",,"HP",,"Unit","6380000","Pembelian","2015-12-31","DISKOMINSA","Intra","Note Book (LKBN Antara)","0",,"0000-00-00",,NULL
"1.3.2.10.01.02.002","Lap Top","0032",,"Asus",,"Unit","5000000","Pembelian","2015-12-31","DISKOMINSA","Intra","KPIA","0",,"0000-00-00",,NULL
"1.3.2.10.01.02.002","Lap Top","0033",,"Lenovo / -",,"Unit","24530000","Pembelian","2015-12-31","DISKOMINSA","Intra","Laptop Pengawasan BAPP : PSITT/BA: 07/16/BA-PP/2015","0",,"0000-00-00",,NULL
"1.3.2.10.01.02.002","Lap Top","0034",,"Lenovo / -",,"Unit","24530000","Pembelian","2015-12-31","DISKOMINSA","Intra","Laptop Pengawasan BAPP : PSITT/BA: 07/16/BA-PP/2015","0",,"0000-00-00",,NULL
"1.3.2.10.01.02.002","Lap Top","0035",,"Lenovo / -",,"Unit","11795000","Pembelian","2015-12-31","DISKOMINSA","Intra","UPTD Telematika/BA: 10/23/BA-PP/2015","0",,"0000-00-00",,NULL
"1.3.2.10.01.02.002","Lap Top","0036",,"Lenovo / -",,"Unit","11795000","Pembelian","2015-12-31","DISKOMINSA","Intra","UPTD Telematika/BA: 10/23/BA-PP/2015","0",,"0000-00-00",,NULL
"1.3.2.10.01.02.002","Lap Top","0037",,"Lenovo  / Thinkpad yoga 1",,"Unit","24917000","Pembelian","2015-12-31","DISKOMINSA","Intra","Data Base","0",,"0000-00-00",,NULL
"1.3.2.10.01.02.002","Lap Top","0038",,"Lenovo  / Thinkpad yoga 1",,"Unit","24917000","Pembelian","2015-12-31","DISKOMINSA","Intra","Data Base","0",,"0000-00-00",,NULL
"1.3.2.10.01.02.002","Lap Top","0039",,"Laptop",,"Unit","26400000","Pembelian","2015-12-31","DISKOMINSA","Intra","E-KINERJA PSITT (Laptop)","0",,"0000-00-00",,NULL
"1.3.2.10.01.02.002","Lap Top","0040",,,,"Unit","12400000","Pembelian","2016-12-31","DISKOMINSA","Intra","Laptop UPTD Seuramo (PPID Aceh)","0",,"0000-00-00",,NULL
"1.3.2.10.01.02.002","Lap Top","0041",,,,"Unit","13365000","Pembelian","2016-12-31","DISKOMINSA","Intra","Laptop -- Fasilitas Pendukung Perangkat Mobil Komunikasi UPTD Telematika BA: 10/15.b/BA-PP/2016","0",,"0000-00-00",,NULL
"1.3.2.10.01.02.002","Lap Top","0042",,"Lenovo / ThinkPad",,"Unit","17416800","Pembelian","2017-12-31","DISKOMINSA","Intra","Laptop -- Pengadaan Peralatan Pendukung Bimtek Jaringan Informasi Agribisnis PENAS KTNA 2017","0",,"0000-00-00",,NULL
"1.3.2.10.01.02.002","Lap Top","0043",,"Lenovo / Yoga 510 Core i5",,"Unit","16918000","Pembelian","2017-12-31","DISKOMINSA","Intra","Pengadaan Notebook/Laptop","0",,"0000-00-00",,NULL
"1.3.2.10.01.02.002","Lap Top","0044",,"Lenovo / Yoga 510 Core i5",,"Unit","16918000","Pembelian","2017-12-31","DISKOMINSA","Intra","Pengadaan Notebook/Laptop","0",,"0000-00-00",,NULL
"1.3.2.10.01.02.002","Lap Top","0045",,"Lenovo / Yoga 510 Core i5",,"Unit","16918000","Pembelian","2017-12-31","DISKOMINSA","Intra","Pengadaan Notebook/Laptop","0",,"0000-00-00",,NULL
"1.3.2.10.01.02.002","Lap Top","0046",,"Lenovo / Yoga 510 Core i5",,"Unit","16918000","Pembelian","2017-12-31","DISKOMINSA","Intra","Pengadaan Notebook/Laptop","0",,"0000-00-00",,NULL
"1.3.2.10.01.02.002","Lap Top","0047",,"Lenovo / Yoga 510 Core i5",,"Unit","16918000","Pembelian","2017-12-31","DISKOMINSA","Intra","Pengadaan Notebook/Laptop","0",,"0000-00-00",,NULL
"1.3.2.10.01.02.002","Lap Top","0048",,"Lenovo / Yoga 510 Core i5",,"Unit","16918000","Pembelian","2017-12-31","DISKOMINSA","Intra","Pengadaan Notebook/Laptop","0",,"0000-00-00",,NULL
"1.3.2.10.01.02.002","Lap Top","0049",,"Lenovo / Yoga 510 Core i5",,"Unit","16918000","Pembelian","2017-12-31","DISKOMINSA","Intra","Pengadaan Notebook/Laptop","0",,"0000-00-00",,NULL
"1.3.2.10.01.02.002","Lap Top","0050",,"Lenovo / Yoga 510 Core i5",,"Unit","16918000","Pembelian","2017-12-31","DISKOMINSA","Intra","Pengadaan Notebook/Laptop","0",,"0000-00-00",,NULL
"1.3.2.10.01.02.002","Lap Top","0051",,"Lenovo / Yoga 510 Core i5",,"Unit","16918000","Pembelian","2017-12-31","DISKOMINSA","Intra","Pengadaan Notebook/Laptop","0",,"0000-00-00",,NULL
"1.3.2.10.01.02.002","Lap Top","0052",,"Lenovo / Yoga 510 Core i5",,"Unit","18752250","Pembelian","2017-12-31","DISKOMINSA","Intra","Kepala Dinas - Pengadaan Notebook/Laptop; Kapitalisasi Pengadaan RAM DDR 4 (Migas Aceh)(2019) Rp1.83","0",,"0000-00-00",,NULL
"1.3.2.10.01.02.002","Lap Top","0053",,"Lenovo / V310",,"Unit","9325500","Pembelian","2017-12-31","DISKOMINSA","Intra","Laptop Peliputan -- Belanja Modal Pengadaan Peralatan Peliputan (Bid. PKP) BAST No. 202/PKP/PPTK/XI/","0",,"0000-00-00",,NULL
"1.3.2.10.01.02.002","Lap Top","0054",,"Apple / MacBook Pro",,"Unit","48400000","Pembelian","2017-12-31","DISKOMINSA","Intra","Laptop Apple MacBook Pro Core i7 -- Pengadaan Notebook Multimedia BAST No. 24/BAST/TIK/XI/2017 Tgl.","0",,"0000-00-00",,NULL
"1.3.2.10.01.02.002","Lap Top","0055",,"ASUS ROG GL703VM-HM126T",,"Unit","33398800","Pembelian","2018-12-31","DISKOMINSA","Intra","Pengadaan Notebook Penunjang Program SIPKD.","0",,"0000-00-00",,NULL
"1.3.2.10.01.02.002","Lap Top","0056",,"ASUS ROG GL703VM-HM126T",,"Unit","33398800","Pembelian","2018-12-31","DISKOMINSA","Intra","Pengadaan Notebook Penunjang Program SIPKD.","0",,"0000-00-00",,NULL
"1.3.2.10.01.02.002","Lap Top","0057",,"ASUS ROG GL703VM-HM126T",,"Unit","33398800","Pembelian","2018-12-31","DISKOMINSA","Intra","Pengadaan Notebook Penunjang Program SIPKD.","0",,"0000-00-00",,NULL
"1.3.2.10.01.02.002","Lap Top","0058",,"ASUS ROG GL703VM-HM126T",,"Unit","33398800","Pembelian","2018-12-31","DISKOMINSA","Intra","Pengadaan Notebook Penunjang Program SIPKD.","0",,"0000-00-00",,NULL
"1.3.2.10.01.02.002","Lap Top","0059",,"ASUS ROG GL703VM-HM126T",,"Unit","33398800","Pembelian","2018-12-31","DISKOMINSA","Intra","Pengadaan Notebook Penunjang Program SIPKD.","0",,"0000-00-00",,NULL
"1.3.2.10.01.02.002","Lap Top","0060",,"HP Probook 430 G5",,"Unit","14425250","Pembelian","2018-12-31","DISKOMINSA","Intra","Pengadaan Laptop Penunjang Program SIAT; Kapitalisasi Pengadaan RAM DDR 4 (Migas Aceh)(2019) Rp1.834","0",,"0000-00-00",,NULL
"1.3.2.10.01.02.002","Lap Top","0061",,"HP Probook 430 G5",,"Unit","14425250","Pembelian","2018-12-31","DISKOMINSA","Intra","Pengadaan Laptop Penunjang Program SIAT; Kapitalisasi Pengadaan RAM DDR 4 (Migas Aceh)(2019) Rp1.834","0",,"0000-00-00",,NULL
"1.3.2.10.01.02.002","Lap Top","0062",,"HP Probook 430 G5",,"Unit","14425250","Pembelian","2018-12-31","DISKOMINSA","Intra","Pengadaan Laptop Penunjang Program SIAT; Kapitalisasi Pengadaan RAM DDR 4 (Migas Aceh)(2019) Rp1.834","0",,"0000-00-00",,NULL
"1.3.2.10.01.02.002","Lap Top","0063",,"HP Probook 430 G5",,"Unit","14425250","Pembelian","2018-12-31","DISKOMINSA","Intra","Pengadaan Laptop Penunjang Program SIAT; Kapitalisasi Pengadaan RAM DDR 4 (Migas Aceh)(2019) Rp1.834","0",,"0000-00-00",,NULL
"1.3.2.10.01.02.002","Lap Top","0064",,"HP Probook 430 G5",,"Unit","14425250","Pembelian","2018-12-31","DISKOMINSA","Intra","Pengadaan Laptop Penunjang Program SIAT; Kapitalisasi Pengadaan RAM DDR 4 (Migas Aceh)(2019) Rp1.834","0",,"0000-00-00",,NULL
"1.3.2.10.01.02.002","Lap Top","0065",,"HP Probook 430 G5",,"Unit","14425250","Pembelian","2018-12-31","DISKOMINSA","Intra","Pengadaan Laptop Penunjang Program SIAT; Kapitalisasi Pengadaan RAM DDR 4 (Migas Aceh)(2019) Rp1.834","0",,"0000-00-00",,NULL
"1.3.2.10.01.02.002","Lap Top","0066",,"HP Probook 430 G5",,"Unit","14425250","Pembelian","2018-12-31","DISKOMINSA","Intra","Pengadaan Laptop Penunjang Program SIAT; Kapitalisasi Pengadaan RAM DDR 4 (Migas Aceh)(2019) Rp1.834","0",,"0000-00-00",,NULL
"1.3.2.05.01.05.002","CCTV - Camera Control Television System","0001",,"Avtech  / AVM428A",,"Unit","5766000","Pembelian","2015-12-31","DISKOMINSA","Intra","PSITT/BA: 07/11/BA-PP/2015(IP Camera)","0","RB","2026-01-04",,NULL
"1.3.2.10.01.02.002","Lap Top","0068",,"HP Probook 430 G5",,"Unit","14425250","Pembelian","2018-12-31","DISKOMINSA","Intra","Pengadaan Laptop Penunjang Program SIAT; Kapitalisasi Pengadaan RAM DDR 4 (Migas Aceh)(2019) Rp1.834","0",,"0000-00-00",,NULL
"1.3.2.10.01.02.002","Lap Top","0069",,"HP Probook 430 G5",,"Unit","14425250","Pembelian","2018-12-31","DISKOMINSA","Intra","Pengadaan Laptop Penunjang Program SIAT; Kapitalisasi Pengadaan RAM DDR 4 (Migas Aceh)(2019) Rp1.834","0",,"0000-00-00",,NULL
"1.3.2.10.01.02.002","Lap Top","0070",,"HP Probook 430 G5",,"Unit","14425250","Pembelian","2018-12-31","DISKOMINSA","Intra","Pengadaan Laptop Penunjang Program SIAT; Kapitalisasi Pengadaan RAM DDR 4 (Migas Aceh)(2019) Rp1.834","0",,"0000-00-00",,NULL
"1.3.2.10.01.02.002","Lap Top","0071",,"HP Probook 430 G5",,"Unit","14425250","Pembelian","2018-12-31","DISKOMINSA","Intra","Pengadaan Laptop Penunjang Program SIAT; Kapitalisasi Pengadaan RAM DDR 4 (Migas Aceh)(2019) Rp1.834","0",,"0000-00-00",,NULL
"1.3.2.10.01.02.002","Lap Top","0072",,"HP Probook 430 G5",,"Unit","14425250","Pembelian","2018-12-31","DISKOMINSA","Intra","Pengadaan Laptop Penunjang Program SIAT; Kapitalisasi Pengadaan RAM DDR 4 (Migas Aceh)(2019) Rp1.834","0",,"0000-00-00",,NULL
"1.3.2.10.01.02.002","Lap Top","0073",,"HP Probook 430 G5",,"Unit","14425250","Pembelian","2018-12-31","DISKOMINSA","Intra","Pengadaan Laptop Penunjang Program SIAT; Kapitalisasi Pengadaan RAM DDR 4 (Migas Aceh)(2019) Rp1.834","0",,"0000-00-00",,NULL
"1.3.2.10.01.02.002","Lap Top","0074",,"HP Probook 430 G5",,"Unit","14425250","Pembelian","2018-12-31","DISKOMINSA","Intra","Pengadaan Laptop Penunjang Program SIAT; Kapitalisasi Pengadaan RAM DDR 4 (Migas Aceh)(2019) Rp1.834","0",,"0000-00-00",,NULL
"1.3.2.10.01.02.002","Lap Top","0075",,"Acer Predator Nitro 5 AN5",,"Unit","12250100","Pembelian","2018-12-31","DISKOMINSA","Intra","Sekretariat -- Pengadaan Notebook/Laptop.","0",,"0000-00-00",,NULL
"1.3.2.10.01.02.002","Lap Top","0076",,"Acer Predator Nitro 5 AN5",,"Unit","12250100","Pembelian","2018-12-31","DISKOMINSA","Intra","Sekretariat -- Pengadaan Notebook/Laptop.","0",,"0000-00-00",,NULL
"1.3.2.10.01.02.002","Lap Top","0077",,"Acer Predator Nitro 5 AN5",,"Unit","12250100","Pembelian","2018-12-31","DISKOMINSA","Intra","Sekretariat -- Pengadaan Notebook/Laptop.","0",,"0000-00-00",,NULL
"1.3.2.10.01.02.002","Lap Top","0078",,"Acer Predator Nitro 5 AN5",,"Unit","12250100","Pembelian","2018-12-31","DISKOMINSA","Intra","Sekretariat -- Pengadaan Notebook/Laptop.","0",,"0000-00-00",,NULL
"1.3.2.10.01.02.002","Lap Top","0079",,"Acer Predator Nitro 5 AN5",,"Unit","12250100","Pembelian","2018-12-31","DISKOMINSA","Intra","Sekretariat -- Pengadaan Notebook/Laptop.","0",,"0000-00-00",,NULL
"1.3.2.10.01.02.002","Lap Top","0080",,"Acer Predator Nitro 5 AN5",,"Unit","12250100","Pembelian","2018-12-31","DISKOMINSA","Intra","Sekretariat -- Pengadaan Notebook/Laptop.","0",,"0000-00-00",,NULL
"1.3.2.10.01.02.002","Lap Top","0081",,"HP Pavilion x360 Convert",,"Unit","15214000","Pembelian","2018-12-31","DISKOMINSA","Intra","Pengadaan Laptop 14"" Bid. E-Gov","0",,"0000-00-00",,NULL
"1.3.2.10.01.02.002","Lap Top","0082",,"Asus ROG GL504GM-ES170T N",,"Unit","29900000","Pembelian","2019-12-31","DISKOMINSA","Intra","Pengadaan Laptop Editing Video Multimedia (PKP)","0",,"0000-00-00",,NULL
"1.3.2.10.01.02.002","Lap Top","0083",,"Asus ROG GL504M-ES170T No",,"Unit","29900000","Pembelian","2019-12-31","DISKOMINSA","Intra","Pengadaan Laptop Editing Video Multimedia (PKP)","0",,"0000-00-00",,NULL
"1.3.2.10.01.02.002","Lap Top","0084",,"Apple Macbook Air 13-inch",,"Unit","21000000","Pembelian","2019-12-31","DISKOMINSA","Intra","Pengadaan Laptop Multimedia (TIK)(MIGAS ACEH)","0",,"0000-00-00",,NULL
"1.3.2.10.01.02.002","Lap Top","0085",,"Lenovo NOtebook IP330 15I",,"Unit","14834000","Pembelian","2019-12-31","DISKOMINSA","Intra","Pengadaan Perangkat Laptop untuk Penunjang Kegiatan Monitoring Traffik dan Email Acehprov (TIK)","0",,"0000-00-00",,NULL
"1.3.2.10.01.02.002","Lap Top","0086",,"ASUS P1440U Notebook PC",,"Unit","10899300","Pembelian","2019-12-31","DISKOMINSA","Intra","Pengadaan Laptop Panitera Pengganti (KIA) (DBH)","0",,"0000-00-00",,NULL
"1.3.2.10.01.02.002","Lap Top","0087",,"ASUS P1440U Notebook PC",,"Unit","10899300","Pembelian","2019-12-31","DISKOMINSA","Intra","Pengadaan Laptop Panitera Pengganti (KIA) (DBH)","0",,"0000-00-00",,NULL
"1.3.2.10.01.02.002","Lap Top","0088",,"ASUS P1440U Notebook PC",,"Unit","10899200","Pembelian","2019-12-31","DISKOMINSA","Intra","Pengadaan Laptop Panitera Pengganti (KIA) (DBH)","0",,"0000-00-00",,NULL
"1.3.2.10.01.02.002","Lap Top","0089",,"Asus VivoBook A509F Noteb",,"Unit","9998000","Pembelian","2019-12-31","DISKOMINSA","Intra","Laptop Komisioner (KIA) (DBH)","0",,"0000-00-00",,NULL
"1.3.2.10.01.02.002","Lap Top","0090",,"Asus VivoBook A509F Noteb",,"Unit","9998000","Pembelian","2019-12-31","DISKOMINSA","Intra","Laptop Komisioner (KIA) (DBH)","0",,"0000-00-00",,NULL
"1.3.2.10.01.02.002","Lap Top","0091",,"Asus VivoBook A509F Noteb",,"Unit","9998000","Pembelian","2019-12-31","DISKOMINSA","Intra","Laptop Komisioner (KIA) (DBH)","0",,"0000-00-00",,NULL
"1.3.2.10.01.02.002","Lap Top","0092",,"Asus VivoBook A509F Noteb",,"Unit","9998000","Pembelian","2019-12-31","DISKOMINSA","Intra","Laptop Komisioner (KIA) (DBH)","0",,"0000-00-00",,NULL
"1.3.2.10.01.02.002","Lap Top","0093",,"Asus VivoBook A509F Noteb",,"Unit","9998000","Pembelian","2019-12-31","DISKOMINSA","Intra","Laptop Komisioner (KIA) (DBH)","0",,"0000-00-00",,NULL
"1.3.2.10.01.02.002","Lap Top","0094",,"Laptop Apple MacBook Pro",,"Unit","48807300","Pembelian","2019-12-31","DISKOMINSA","Intra","Pengadaan Laptop (MIGAS ACEH)","0",,"0000-00-00",,NULL
"1.3.2.10.01.02.002","Lap Top","0095",,"Laptop Apple MacBook Pro",,"Unit","48807300","Pembelian","2019-12-31","DISKOMINSA","Intra","Pengadaan Laptop (MIGAS ACEH)","0",,"0000-00-00",,NULL
"1.3.2.10.01.02.002","Lap Top","0096",,"Laptop Apple MacBook Pro",,"Unit","48807300","Pembelian","2019-12-31","DISKOMINSA","Intra","Pengadaan Laptop (MIGAS ACEH)","0",,"0000-00-00",,NULL
"1.3.2.10.01.02.002","Lap Top","0097",,"Laptop Apple MacBook Pro",,"Unit","48807300","Pembelian","2019-12-31","DISKOMINSA","Intra","Pengadaan Laptop (MIGAS ACEH)","0",,"0000-00-00",,NULL
"1.3.2.10.01.02.002","Lap Top","0098",,"Laptop Apple MacBook Air",,"Unit","22286000","Pembelian","2019-12-31","DISKOMINSA","Intra","Pengadaan Laptop untuk Eselon 3 dan 2 (MIGAS ACEH)","0",,"0000-00-00",,NULL
"1.3.2.10.01.02.002","Lap Top","0099",,"Laptop Apple MacBook Air",,"Unit","22286000","Pembelian","2019-12-31","DISKOMINSA","Intra","Pengadaan Laptop untuk Eselon 3 dan 2 (MIGAS ACEH)","0",,"0000-00-00",,NULL
"1.3.2.10.01.02.002","Lap Top","0100",,"Laptop Apple MacBook Air",,"Unit","22286000","Pembelian","2019-12-31","DISKOMINSA","Intra","Pengadaan Laptop untuk Eselon 3 dan 2 (MIGAS ACEH)","0",,"0000-00-00",,NULL
"1.3.2.10.01.02.002","Lap Top","0101",,"Laptop Apple MacBook Air",,"Unit","22286000","Pembelian","2019-12-31","DISKOMINSA","Intra","Pengadaan Laptop untuk Eselon 3 dan 2 (MIGAS ACEH)","0",,"0000-00-00",,NULL
"1.3.2.10.01.02.002","Lap Top","0102",,"Laptop Apple MacBook Air",,"Unit","22286000","Pembelian","2019-12-31","DISKOMINSA","Intra","Pengadaan Laptop untuk Eselon 3 dan 2 (MIGAS ACEH)","0",,"0000-00-00",,NULL
"1.3.2.10.01.02.002","Lap Top","0103",,"Laptop Apple MacBook Air",,"Unit","22286000","Pembelian","2019-12-31","DISKOMINSA","Intra","Pengadaan Laptop untuk Eselon 3 dan 2 (MIGAS ACEH)","0",,"0000-00-00",,NULL
"1.3.2.10.01.02.002","Lap Top","0104",,"Laptop Apple MacBook Air",,"Unit","22286000","Pembelian","2019-12-31","DISKOMINSA","Intra","Pengadaan Laptop untuk Eselon 3 dan 2 (MIGAS ACEH)","0",,"0000-00-00",,NULL
"1.3.2.10.01.02.002","Lap Top","0105",,"Laptop MSI GF63 9RCX (Cor",,"Unit","14737500","Pembelian","2019-12-31","DISKOMINSA","Intra","Pengadaan Laptop untuk Tim Sengketa Informasi (PPID Utama) (SilPAMIGAS)","0",,"0000-00-00",,NULL
"1.3.2.10.01.02.002","Lap Top","0106",,"Asus A409FJ-EK552T (Core",,"Unit","12650000","Pembelian","2019-12-31","DISKOMINSA","Intra","Pengadaan Laptop Kegiatan (PLIP)","0",,"0000-00-00",,NULL
"1.3.2.10.01.02.002","Lap Top","0107",,"Laptop Apple MacBook Pro",,"Unit","36339100","Pembelian","2019-12-31","DISKOMINSA","Intra","Pengadaan laptop untuk pengembangan software iOS (E-GOV) ( MIGAS ACEH)","0",,"0000-00-00",,NULL
"1.3.2.10.01.02.002","Lap Top","0108",,"ASUS TUF GAMING FX505DD (",,"Unit","11475700","Pembelian","2019-12-31","DISKOMINSA","Intra","Pengadaan Laptop (TIK) (PAA)","0",,"0000-00-00",,NULL
"1.3.2.10.01.02.002","Lap Top","0109",,"MacBook Pro (i5, 8GB, 512",,"Unit","35035000","Pembelian","2020-12-31","DISKOMINSA","Intra","Pengadaan Apple MacBook Pro With Touch Bar/Rp.210.210.000","0",,"0000-00-00",,NULL
"1.3.2.10.01.02.002","Lap Top","0110",,"MacBook Pro (i5, 8GB, 512",,"Unit","35035000","Pembelian","2020-12-31","DISKOMINSA","Intra","Pengadaan Apple MacBook Pro With Touch Bar/Rp.210.210.000","0",,"0000-00-00",,NULL
"1.3.2.10.01.02.002","Lap Top","0111",,"MacBook Pro (i5, 8GB, 512",,"Unit","35035000","Pembelian","2020-12-31","DISKOMINSA","Intra","Pengadaan Apple MacBook Pro With Touch Bar/Rp.210.210.000","0",,"0000-00-00",,NULL
"1.3.2.10.01.02.002","Lap Top","0112",,"MacBook Pro (i5, 8GB, 512",,"Unit","35035000","Pembelian","2020-12-31","DISKOMINSA","Intra","Pengadaan Apple MacBook Pro With Touch Bar/Rp.210.210.000","0",,"0000-00-00",,NULL
"1.3.2.10.01.02.002","Lap Top","0113",,"MacBook Pro (i5, 8GB, 512",,"Unit","35035000","Pembelian","2020-12-31","DISKOMINSA","Intra","Pengadaan Apple MacBook Pro With Touch Bar/Rp.210.210.000","0",,"0000-00-00",,NULL
"1.3.2.10.01.02.002","Lap Top","0114",,"MacBook Pro (i5, 8GB, 512",,"Unit","35035000","Pembelian","2020-12-31","DISKOMINSA","Intra","Pengadaan Apple MacBook Pro With Touch Bar/Rp.210.210.000","0",,"0000-00-00",,NULL
"1.3.2.10.01.02.002","Lap Top","0115",,"Lenovo LegionY740-15IRHg",,"Unit","37620000","Pembelian","2020-12-31","DISKOMINSA","Intra","Pengadaan Laptop 5 (dana otsus)/Rp. 37.620.000","0",,"0000-00-00",,NULL
"1.3.2.10.01.02.002","Lap Top","0116",,"MSI Notebook GL63 BSE",,"Unit","24695000","Pembelian","2020-12-31","DISKOMINSA","Intra","Pengadaan Laptop 6 (dana otsus)/Rp.49.390.000","0",,"0000-00-00",,NULL
"1.3.2.10.01.02.002","Lap Top","0117",,"MSI Notebook GL63 BSE",,"Unit","24695000","Pembelian","2020-12-31","DISKOMINSA","Intra","Pengadaan Laptop 6 (dana otsus)/Rp.49.390.000","0",,"0000-00-00",,NULL
"1.3.2.10.01.02.002","Lap Top","0118",,"Asus TUF Gaming FX506i",,"Unit","17050000","Pembelian","2020-12-31","DISKOMINSA","Intra","Pengadaan Laptop Monitoring (Dau)/Rp.17.050.000","0",,"0000-00-00",,NULL
"1.3.2.10.01.02.002","Lap Top","0119",,"Laptop Gaming MSI GS66 St",,"Unit","39820000","Pembelian","2020-12-31","DISKOMINSA","Intra","Pengadaan Laptop Video Conference Mix (dana otsus)/Rp.79.640.000","0",,"0000-00-00",,NULL
"1.3.2.10.01.02.002","Lap Top","0120",,"Laptop Gaming MSI GS66 St",,"Unit","39820000","Pembelian","2020-12-31","DISKOMINSA","Intra","Pengadaan Laptop Video Conference Mix (dana otsus)/Rp.79.640.000","0",,"0000-00-00",,NULL
"1.3.2.10.01.02.002","Lap Top","0121",,"Laptop Asus X441BA",,"Unit","6930000","Pembelian","2021-12-31","DISKOMINSA","Intra","Pengadaan Komputer (laptop) (silpaotsus aceh)","0",,"0000-00-00",,NULL
"1.3.2.10.01.02.002","Lap Top","0122",,"Lenovo Legion 7i Laptop",,"Unit","27170000","Pembelian","2021-12-31","DISKOMINSA","Intra","Pengadaan Laptop (dau)","0",,"0000-00-00",,NULL
"1.3.2.10.01.02.002","Lap Top","0123",,"Lenovo Legion 7i Laptop",,"Unit","27170000","Pembelian","2021-12-31","DISKOMINSA","Intra","Pengadaan Laptop (dau)","0",,"0000-00-00",,NULL
"1.3.2.10.01.02.002","Lap Top","0124",,"Lenovo Legion 7i Laptop",,"Unit","27170000","Pembelian","2021-12-31","DISKOMINSA","Intra","Pengadaan Laptop (dau)","0",,"0000-00-00",,NULL
"1.3.2.10.01.02.002","Lap Top","0125",,"Lenovo Legion 7i Laptop",,"Unit","27170000","Pembelian","2021-12-31","DISKOMINSA","Intra","Pengadaan Laptop (dau)","0",,"0000-00-00",,NULL
"1.3.2.10.01.02.002","Lap Top","0126","Laptop Low End","HP Envy X360",,"Unit","21929000","Pembelian","2022-03-04","DISKOMINSA","Intra","Belanja Modal Laptop Bid. Sandi","0",,"0000-00-00",,NULL
"1.3.2.10.01.02.002","Lap Top","0127","Laptop Midle end","Asus ROG Flow X13/GV301QE",,"Unit","34920000","Pembelian","2022-03-01","DISKOMINSA","Intra","Pengadaan Personal komputer (Laptop) bid. Sandi","0",,"0000-00-00",,NULL
"1.3.2.10.01.02.002","Lap Top","0128","Laptop Lowend Office standart","HP/Envy 13 X360",,"Unit","21780000","Pembelian","2022-03-01","DISKOMINSA","Intra","Pengadaan laptop low end (ofifice standar) bid. PLIP","0",,"0000-00-00",,NULL
"1.3.2.10.01.02.002","Lap Top","0129","Laptop Office standar","Asus/Vivobook Pro 14",,"Unit","21945000","Pembelian","2022-03-22","DISKOMINSA","Intra","Pengadaan personal computer bidang plip ""laptop""","0",,"0000-00-00",,NULL
"1.3.2.10.01.02.002","Lap Top","0130","Laptop Office standar","Asus/Vivobook Pro 14",,"Unit","21945000","Pembelian","2022-03-22","DISKOMINSA","Intra","Pengadaan personal computer bidang plip ""laptop""","0",,"0000-00-00",,NULL
"1.3.2.10.01.02.002","Lap Top","0131","Asus TUF Gaming","Asus/TUF Dash F1S",,"Unit","21978000","Pembelian","2022-04-19","DISKOMINSA","Intra","Pengadaan laptop","0",,"0000-00-00",,NULL
"1.3.2.10.01.02.002","Lap Top","0132","Asus TUF Gaming","Asus/TUF Dash F1S",,"Unit","21978000","Pembelian","2022-04-19","DISKOMINSA","Intra","Pengadaan laptop","0",,"0000-00-00",,NULL
"1.3.2.10.01.02.002","Lap Top","0133","Asus TUF Gaming","Asus/TUF Dash F1S",,"Unit","21978000","Pembelian","2022-04-19","DISKOMINSA","Intra","Pengadaan laptop","0",,"0000-00-00",,NULL
"1.3.2.10.01.02.002","Lap Top","0134","Asus TUF Gaming","Asus/TUF Dash F1S",,"Unit","21978000","Pembelian","2022-04-19","DISKOMINSA","Intra","Pengadaan laptop","0",,"0000-00-00",,NULL
"1.3.2.10.01.02.002","Lap Top","0135","Asus TUF Gaming","Asus/TUF Dash F1S",,"Unit","21978000","Pembelian","2022-04-19","DISKOMINSA","Intra","Pengadaan laptop","0",,"0000-00-00",,NULL
"1.3.2.10.01.02.002","Lap Top","0136","Asus TUF Gaming","Asus/TUF Dash F1S",,"Unit","21978000","Pembelian","2022-04-19","DISKOMINSA","Intra","Pengadaan laptop","0",,"0000-00-00",,NULL
"1.3.2.10.01.02.002","Lap Top","0137","Laptop Lowend Office standart","Lenovo ThinkBook 14s Yoga",,"Unit","19967450","Pembelian","2022-05-12","DISKOMINSA","Intra","Pengadaan Sarana dan Prasarana Pengembangan Aplikasi Pendukung SIAT ? Laptop","0",,"0000-00-00",,NULL
"1.3.2.10.01.02.002","Lap Top","0138","Laptop Lowend Office standart","Lenovo ThinkBook 14s Yoga",,"Unit","19967450","Pembelian","2022-05-12","DISKOMINSA","Intra","Pengadaan Sarana dan Prasarana Pengembangan Aplikasi Pendukung SIAT ? Laptop","0",,"0000-00-00",,NULL
"1.3.2.10.01.02.002","Lap Top","0139","Laptop Gaming","HP Pavilion Gaming 15",,"Unit","17005200","Pembelian","2022-05-10","DISKOMINSA","Intra","Pengadaan Laptop bid. TIK","0",,"0000-00-00",,NULL
"1.3.2.10.01.02.002","Lap Top","0140","Laptop Low End","Asus",,"Unit","19974000","Pembelian","2022-04-21","DISKOMINSA","Intra","Pengadaan Personal Computer Operasional Persandian ""Laptop""","0",,"0000-00-00",,NULL
"1.3.2.10.01.02.002","Lap Top","0141","Laptop High End","Asus ROG Strix G15/G513RM",,"Unit","34743000","Pembelian","2022-06-22","DISKOMINSA","Intra","Belanja Modal Peralatan Computer - Laptop Bid. PKP","0",,"0000-00-00",,NULL
"1.3.2.10.01.02.002","Lap Top","0142","Laptop High End","Asus ROG Strix G15/G513RM",,"Unit","34743000","Pembelian","2022-06-22","DISKOMINSA","Intra","Belanja Modal Peralatan Computer - Laptop Bid. PKP","0",,"0000-00-00",,NULL
"1.3.2.10.01.02.002","Lap Top","0143","Laptop","Lenovo ThinkBook 14s Yoga",,"Unit","19965000","Pembelian","2022-04-07","DISKOMINSA","Intra","Pengadaan Laptop Operasional Penyelenggaraan Nama Domain - Bid. E-Gov","0",,"0000-00-00",,NULL
"1.3.2.10.01.02.002","Lap Top","0144","Laptop","Lenovo ThinkBook 14s Yoga",,"Unit","19965000","Pembelian","2022-04-07","DISKOMINSA","Intra","Pengadaan Laptop Operasional Penyelenggaraan Nama Domain - Bid. E-Gov","0",,"0000-00-00",,NULL
"1.3.2.10.01.02.002","Lap Top","0145","Laptop","Lenovo ThinkBook 14s Yoga",,"Unit","19965000","Pembelian","2022-04-07","DISKOMINSA","Intra","Pengadaan Laptop Operasional Penyelenggaraan Nama Domain - Bid. E-Gov","0",,"0000-00-00",,NULL
"1.3.2.10.01.02.002","Lap Top","0146","Laptop","Lenovo IdeaPad 5 Pro",,"Unit","19700000","Pembelian","2022-08-03","DISKOMINSA","Intra","Pengadaan Personal Computer (Laptop) - UPTD Statistik","0",,"0000-00-00",,NULL
"1.3.2.10.01.02.002","Lap Top","0147","Laptop","Asus ROG",,"Unit","39405000","Pembelian","2022-11-16","DISKOMINSA","Intra","Pengadaan Laptop Publikasi","0",,"0000-00-00",,NULL
"1.3.2.10.01.02.002","Lap Top","0148","Laptop","Apple MacBook Pro 14 Inci",,"Unit","42069000","Pembelian","2022-11-11","DISKOMINSA","Intra","Pengadaan Laptop Keamanan","0",,"0000-00-00",,NULL
"1.3.2.10.01.02.002","Lap Top","0149","Laptop","Lenovo ThinkBook 14s Yoga",,"Unit","17871000","Pembelian","2022-11-10","DISKOMINSA","Intra","Pengadaan Personal Computer (Laptop) - Bid. E-Gov","0",,"0000-00-00",,NULL
"1.3.2.10.01.02.002","Lap Top","0150","Laptop","Apple M1 Pro Chip",,"Unit","34600000","Pembelian","2022-11-10","DISKOMINSA","Intra","Pengadaan Laptop - UPTD Statistik","0",,"0000-00-00",,NULL
"1.3.2.10.01.02.009","Tablet PC","0001",,"Smart Phone (Tablet)",,"Unit","15400000","Pembelian","2015-12-31","DISKOMINSA","Intra","E-KINERJA PSITT (Smart Phone (Tablet))","0",,"0000-00-00",,NULL
"1.3.2.10.01.02.009","Tablet PC","0002",,"Smart Phone (Tablet)",,"Unit","15400000","Pembelian","2015-12-31","DISKOMINSA","Intra","E-KINERJA PSITT (Smart Phone (Tablet))","0",,"0000-00-00",,NULL
"1.3.2.10.01.02.009","Tablet PC","0003",,"Smart Phone (Tablet)",,"Unit","15400000","Pembelian","2015-12-31","DISKOMINSA","Intra","E-KINERJA PSITT (Smart Phone (Tablet))","0",,"0000-00-00",,NULL
"1.3.2.10.01.02.009","Tablet PC","0004",,"Smart Phone (Tablet)",,"Unit","15400000","Pembelian","2015-12-31","DISKOMINSA","Intra","E-KINERJA PSITT (Smart Phone (Tablet))","0",,"0000-00-00",,NULL
"1.3.2.10.01.02.009","Tablet PC","0005",,"Smart Phone (Tablet)",,"Unit","15400000","Pembelian","2015-12-31","DISKOMINSA","Intra","E-KINERJA PSITT (Smart Phone (Tablet))","0",,"0000-00-00",,NULL
"1.3.2.10.01.02.009","Tablet PC","0006",,"Smart Phone (Tablet)",,"Unit","15400000","Pembelian","2015-12-31","DISKOMINSA","Intra","E-KINERJA PSITT (Smart Phone (Tablet))","0",,"0000-00-00",,NULL
"1.3.2.10.01.02.009","Tablet PC","0007",,"Apple / iPad Mini",,"Unit","9926200","Pembelian","2017-12-31","DISKOMINSA","Intra","Tablet PC -- Pengadaan Alat Sound System : Mixer 24 ch, Vocal Effect, Speaker (UPTD Seuramoe) BAST N","0",,"0000-00-00",,NULL
"1.3.2.10.01.02.009","Tablet PC","0008",,"Interactive Android Kiosk",,"Unit","28820000","Pembelian","2018-12-31","DISKOMINSA","Intra","Pengadaan Perangkat Layanan Informasi PPID secara online. BAST No..","0",,"0000-00-00",,NULL
"1.3.2.10.01.02.009","Tablet PC","0009",,"Samsung Tab S4 With S-Pen",,"Unit","13599200","Pembelian","2019-12-31","DISKOMINSA","Intra","Pengadaan Tablet Executive Dashboar (e-Gov)","0",,"0000-00-00",,NULL
"1.3.2.10.01.02.009","Tablet PC","0010",,"Samsung Tab S4 With S-Pen",,"Unit","13599200","Pembelian","2019-12-31","DISKOMINSA","Intra","Pengadaan Tablet Executive Dashboar (e-Gov)","0",,"0000-00-00",,NULL
"1.3.2.10.01.02.009","Tablet PC","0011",,"Samsung Tab S4 With S-Pen",,"Unit","13599200","Pembelian","2019-12-31","DISKOMINSA","Intra","Pengadaan Tablet Executive Dashboar (e-Gov)","0",,"0000-00-00",,NULL
"1.3.2.10.01.02.009","Tablet PC","0012",,"Samsung Tab S4 With S-Pen",,"Unit","13599200","Pembelian","2019-12-31","DISKOMINSA","Intra","Pengadaan Tablet Executive Dashboar (e-Gov)","0",,"0000-00-00",,NULL
"1.3.2.10.01.02.009","Tablet PC","0013",,"Samsung Tab S4 With S-Pen",,"Unit","13599200","Pembelian","2019-12-31","DISKOMINSA","Intra","Pengadaan Tablet Executive Dashboar (e-Gov)","0",,"0000-00-00",,NULL
"1.3.2.10.01.02.009","Tablet PC","0014",,"Samsung Tab S4 With S-Pen",,"Unit","13599200","Pembelian","2019-12-31","DISKOMINSA","Intra","Pengadaan Tablet Executive Dashboar (e-Gov)","0",,"0000-00-00",,NULL
"1.3.2.10.01.02.009","Tablet PC","0015",,"Samsung Tab S4 With S-Pen",,"Unit","13599200","Pembelian","2019-12-31","DISKOMINSA","Intra","Pengadaan Tablet Executive Dashboar (e-Gov)","0",,"0000-00-00",,NULL
"1.3.2.10.01.02.009","Tablet PC","0016",,"HixVision Single Signage",,"Unit","42350000","Pembelian","2019-12-31","DISKOMINSA","Intra","Pengadaan Digital AD Display Floor Stand Signage (DAU)","0",,"0000-00-00",,NULL
"1.3.2.10.01.02.009","Tablet PC","0017",,"HixVision Single Signage",,"Unit","42350000","Pembelian","2019-12-31","DISKOMINSA","Intra","Pengadaan Digital AD Display Floor Stand Signage (DAU)","0",,"0000-00-00",,NULL
"1.3.2.10.01.02.009","Tablet PC","0018",,"Tablet Apple iPAD Pro 11",,"Unit","22149100","Pembelian","2019-12-31","DISKOMINSA","Intra","Pengadaan Tablet Monitoring (MIGAS ACEH)","0",,"0000-00-00",,NULL
"1.3.2.10.01.02.009","Tablet PC","0019",,"Tab Apple iPad Pro Genera",,"Unit","36465000","Pembelian","2020-12-31","DISKOMINSA","Intra","Pengadaan iPad Pro Generasi ke-4 (dau)/Rp.72.930.000","0",,"0000-00-00",,NULL
"1.3.2.10.01.02.009","Tablet PC","0020",,"Tab Apple iPad Pro Genera",,"Unit","36465000","Pembelian","2020-12-31","DISKOMINSA","Intra","Pengadaan iPad Pro Generasi ke-4 (dau)/Rp.72.930.000","0",,"0000-00-00",,NULL
"1.3.2.10.01.02.009","Tablet PC","0021",,"Tab Apple iPad Generasi k",,"Unit","22000000","Pembelian","2020-12-31","DISKOMINSA","Intra","Pengadaan iPad Gen 4 (dana otsus)/Rp. 22.000.000","0",,"0000-00-00",,NULL
"1.3.2.10.01.02.009","Tablet PC","0022",,"iPad Pro 12,9 inci",,"Unit","22065000","Pembelian","2021-12-31","DISKOMINSA","Intra","Pengadaan iPad (silpaotsusaceh)","0",,"0000-00-00",,NULL
"1.3.2.10.02.01.012","Hard Disk","0001",,"Hard Disk CCTV",,"Unit","2960100","Pembelian","2017-12-31","DISKOMINSA","Intra","Harddisk CCTV 3TB -- Pengadaan Fasilitas Pendukung Jaringan Komunikasi (UPTD Telematika) BAST No. 11","0",,"0000-00-00",,NULL
"1.3.2.10.02.01.012","Hard Disk","0002",,"Hard Disk CCTV",,"Unit","2960100","Pembelian","2017-12-31","DISKOMINSA","Intra","Harddisk CCTV 3TB -- Pengadaan Fasilitas Pendukung Jaringan Komunikasi (UPTD Telematika) BAST No. 11","0",,"0000-00-00",,NULL
"1.3.2.10.02.01.012","Hard Disk","0003",,"Hard Disk CCTV",,"Unit","2960100","Pembelian","2017-12-31","DISKOMINSA","Intra","Harddisk CCTV 3TB -- Pengadaan Fasilitas Pendukung Jaringan Komunikasi (UPTD Telematika) BAST No. 11","0",,"0000-00-00",,NULL
"1.3.2.10.02.01.012","Hard Disk","0004",,"Hard Disk SSD",,"Unit","6084100","Pembelian","2017-12-31","DISKOMINSA","Intra","Harddisk SSD 1 TB -- Pengadaan Fasilitas Pendukung Jaringan Komunikasi (UPTD Telematika) BAST No. 11","0",,"0000-00-00",,NULL
"1.3.2.10.02.01.012","Hard Disk","0005",,"Hard Disk SSD",,"Unit","6084100","Pembelian","2017-12-31","DISKOMINSA","Intra","Harddisk SSD 1 TB -- Pengadaan Fasilitas Pendukung Jaringan Komunikasi (UPTD Telematika) BAST No. 11","0",,"0000-00-00",,NULL
"1.3.2.10.02.01.012","Hard Disk","0006",,"Hard Disk SSD",,"Unit","6084100","Pembelian","2017-12-31","DISKOMINSA","Intra","Harddisk SSD 1 TB -- Pengadaan Fasilitas Pendukung Jaringan Komunikasi (UPTD Telematika) BAST No. 11","0",,"0000-00-00",,NULL
"1.3.2.10.02.01.012","Hard Disk","0007",,"Hard Disk SSD",,"Unit","6084100","Pembelian","2017-12-31","DISKOMINSA","Intra","Harddisk SSD 1 TB -- Pengadaan Fasilitas Pendukung Jaringan Komunikasi (UPTD Telematika) BAST No. 11","0",,"0000-00-00",,NULL
"1.3.2.10.02.01.012","Hard Disk","0008",,"Hard Disk SSD",,"Unit","6084100","Pembelian","2017-12-31","DISKOMINSA","Intra","Harddisk SSD 1 TB -- Pengadaan Fasilitas Pendukung Jaringan Komunikasi (UPTD Telematika) BAST No. 11","0",,"0000-00-00",,NULL
"1.3.2.10.02.01.012","Hard Disk","0009",,"Western Digital",,"Unit","5000000","Pembelian","2017-12-31","DISKOMINSA","Intra","Harddisk Eksternal 6TB -- Belanja Modal Pengadaan Peralatan Mini Komputer (KIA) BAST No. 179/KIA/PPT","0",,"0000-00-00",,NULL
"1.3.2.10.02.01.012","Hard Disk","0010",,"Seagate",,"Unit","2932500","Pembelian","2017-12-31","DISKOMINSA","Intra","Hard disk eksternal -- Pemeliharaan Jaringan BAST No. 041/BAST/PPTK-SEKRETARIAT/XI/2017 Tgl. 08/11/2","0",,"0000-00-00",,NULL
"1.3.2.10.02.01.012","Hard Disk","0011",,"Seagate",,"Unit","1725000","Pembelian","2017-12-31","DISKOMINSA","Intra","Hard disk eksternal -- Pemeliharaan Jaringan BAST No. 041/BAST/PPTK-SEKRETARIAT/XI/2017 Tgl. 08/11/2","0",,"0000-00-00",,NULL
"1.3.2.10.02.01.012","Hard Disk","0012",,"Seagate",,"Unit","1725000","Pembelian","2017-12-31","DISKOMINSA","Intra","Hard disk eksternal -- Pemeliharaan Jaringan BAST No. 041/BAST/PPTK-SEKRETARIAT/XI/2017 Tgl. 08/11/2","0",,"0000-00-00",,NULL
"1.3.2.10.02.01.012","Hard Disk","0013",,"HDD Internal Seagate Ente",,"Unit","3023000","Pembelian","2018-12-31","DISKOMINSA","Intra","Pengadaan Media Penyimpanan Media External Penunjang Program SIAT.","0",,"0000-00-00",,NULL
"1.3.2.10.02.01.012","Hard Disk","0014",,"HDD Internal Seagate Ente",,"Unit","3023000","Pembelian","2018-12-31","DISKOMINSA","Intra","Pengadaan Media Penyimpanan Media External Penunjang Program SIAT.","0",,"0000-00-00",,NULL
"1.3.2.10.02.01.012","Hard Disk","0015",,"HDD Internal Seagate Ente",,"Unit","3023000","Pembelian","2018-12-31","DISKOMINSA","Intra","Pengadaan Media Penyimpanan Media External Penunjang Program SIAT.","0",,"0000-00-00",,NULL
"1.3.2.10.02.01.012","Hard Disk","0016",,"HDD Internal Seagate Ente",,"Unit","3023000","Pembelian","2018-12-31","DISKOMINSA","Intra","Pengadaan Media Penyimpanan Media External Penunjang Program SIAT.","0",,"0000-00-00",,NULL
"1.3.2.10.02.01.012","Hard Disk","0017",,"HDD Internal Seagate Ente",,"Unit","3023000","Pembelian","2018-12-31","DISKOMINSA","Intra","Pengadaan Media Penyimpanan Media External Penunjang Program SIAT.","0",,"0000-00-00",,NULL
"1.3.2.10.02.01.012","Hard Disk","0018",,"HDD Internal Seagate Ente",,"Unit","3023000","Pembelian","2018-12-31","DISKOMINSA","Intra","Pengadaan Media Penyimpanan Media External Penunjang Program SIAT.","0",,"0000-00-00",,NULL
"1.3.2.10.02.01.012","Hard Disk","0019",,"HDD Internal Seagate Ente",,"Unit","3049000","Pembelian","2018-12-31","DISKOMINSA","Intra","Pengadaan Media Penyimpanan Media External Penunjang Program SIAT.","0",,"0000-00-00",,NULL
"1.3.2.10.02.02.005","Console Unit (Peralatan Mini  Komputer)","0001",,"ATEN KE / 8220",,"Unit","4290000","Pembelian","2011-12-31","DISKOMINSA","Intra","Wirelesss VGA Projector Server","0",,"0000-00-00",,NULL
"1.3.2.10.02.02.005","Console Unit (Peralatan Mini  Komputer)","0002",,"WP-S / 1300",,"Unit","2970000","Pembelian","2011-12-31","DISKOMINSA","Intra","Wirelesss VGA Projector Server","0",,"0000-00-00",,NULL
"1.3.2.10.02.02.016","Speaker Komputer","0001",,"Simbadda CST3000N Sound S",,"Unit","695750","Pembelian","2020-12-31","DISKOMINSA","Extra","Pengadaan Spare Part Komputer dan Laptop (paa)/Rp.23.451.000","0",,"0000-00-00",,NULL
"1.3.2.10.02.02.016","Speaker Komputer","0002",,"Simbadda CST2000N Sound S",,"Unit","632500","Pembelian","2020-12-31","DISKOMINSA","Extra","Pengadaan Spare Part Komputer dan Laptop (paa)/Rp.23.451.000","0",,"0000-00-00",,NULL
"1.3.2.10.02.03.001","CPU  (Peralatan Personal Komputer)","0001",,"Komputer Dekstop Rakitan",,"Unit","48994000","Pembelian","2020-12-31","DISKOMINSA","Intra","Pengadaan Komputer Dektop Non Monitor 2 (DAU)/Rp.97.988.000","0",,"0000-00-00",,NULL
"1.3.2.10.02.03.001","CPU  (Peralatan Personal Komputer)","0002",,"Komputer Dekstop Rakitan",,"Unit","48994000","Pembelian","2020-12-31","DISKOMINSA","Intra","Pengadaan Komputer Dektop Non Monitor 2 (DAU)/Rp.97.988.000","0",,"0000-00-00",,NULL
"1.3.2.10.02.03.002","Monitor","0001",,"LG Ultrawide Monitor 34 i",,"Unit","5968100","Pembelian","2019-12-31","DISKOMINSA","Intra","pengadaan monitor ultrawide (MIGAS ACEH)","0",,"0000-00-00",,NULL
"1.3.2.10.02.03.002","Monitor","0002",,"LG Ultrawide Monitor 34 i",,"Unit","5968100","Pembelian","2019-12-31","DISKOMINSA","Intra","pengadaan monitor ultrawide (MIGAS ACEH)","0",,"0000-00-00",,NULL
"1.3.2.10.02.03.002","Monitor","0003",,"LG Ultrawide Monitor 34 i",,"Unit","5968100","Pembelian","2019-12-31","DISKOMINSA","Intra","pengadaan monitor ultrawide (MIGAS ACEH)","0",,"0000-00-00",,NULL
"1.3.2.10.02.03.002","Monitor","0004",,"LG Ultrawide Monitor 34 i",,"Unit","5968100","Pembelian","2019-12-31","DISKOMINSA","Intra","pengadaan monitor ultrawide (MIGAS ACEH)","0",,"0000-00-00",,NULL
"1.3.2.10.02.03.002","Monitor","0005",,"LG Ultrawide Monitor 34 i",,"Unit","5968100","Pembelian","2019-12-31","DISKOMINSA","Intra","pengadaan monitor ultrawide (MIGAS ACEH)","0",,"0000-00-00",,NULL
"1.3.2.10.02.03.002","Monitor","0006",,"LG IT Monitor Ultra Wide",,"Unit","8657000","Pembelian","2020-12-31","DISKOMINSA","Intra","Pengadaan Monitor Komputer 1 (dau)/ Rp.43.285.000","0",,"0000-00-00",,NULL
"1.3.2.10.02.03.002","Monitor","0007",,"LG IT Monitor Ultra Wide",,"Unit","8657000","Pembelian","2020-12-31","DISKOMINSA","Intra","Pengadaan Monitor Komputer 1 (dau)/ Rp.43.285.000","0",,"0000-00-00",,NULL
"1.3.2.10.02.03.002","Monitor","0008",,"LG IT Monitor Ultra Wide",,"Unit","8657000","Pembelian","2020-12-31","DISKOMINSA","Intra","Pengadaan Monitor Komputer 1 (dau)/ Rp.43.285.000","0",,"0000-00-00",,NULL
"1.3.2.10.02.03.002","Monitor","0011",,"Monitor LED DELL 24 inch",,"Unit","7089500","Pembelian","2020-12-31","DISKOMINSA","Intra","pengadaan portable Monitor (dana otsus)/Rp.14.179.000","0",,"0000-00-00",,NULL
"1.3.2.10.02.03.002","Monitor","0012",,"Monitor LED DELL 24 inch",,"Unit","7089500","Pembelian","2020-12-31","DISKOMINSA","Intra","pengadaan portable Monitor (dana otsus)/Rp.14.179.000","0",,"0000-00-00",,NULL
"1.3.2.10.02.03.002","Monitor","0013","Monitor LED","Monitor LED LG IPS UltraW",,"Unit","4051429","Pembelian","2022-07-04","DISKOMINSA","Intra","Pengadaan Peralatan Studio Video dan Film Perangkat Pendukung Monitoring (monitor led) - Bid. TIK","0",,"0000-00-00",,NULL
"1.3.2.10.02.03.002","Monitor","0014","Monitor LED","Monitor LED LG IPS UltraW",,"Unit","4051429","Pembelian","2022-07-04","DISKOMINSA","Intra","Pengadaan Peralatan Studio Video dan Film Perangkat Pendukung Monitoring (monitor led) - Bid. TIK","0",,"0000-00-00",,NULL
"1.3.2.10.02.03.002","Monitor","0015","Monitor LED","Monitor LED LG IPS UltraW",,"Unit","4051429","Pembelian","2022-07-04","DISKOMINSA","Intra","Pengadaan Peralatan Studio Video dan Film Perangkat Pendukung Monitoring (monitor led) - Bid. TIK","0",,"0000-00-00",,NULL
"1.3.2.10.02.03.002","Monitor","0016","Monitor LED","Monitor LED LG IPS UltraW",,"Unit","4051429","Pembelian","2022-07-04","DISKOMINSA","Intra","Pengadaan Peralatan Studio Video dan Film Perangkat Pendukung Monitoring (monitor led) - Bid. TIK","0",,"0000-00-00",,NULL
"1.3.2.10.02.03.002","Monitor","0017","Monitor LED","Monitor LED LG IPS UltraW",,"Unit","4051428","Pembelian","2022-07-04","DISKOMINSA","Intra","Pengadaan Peralatan Studio Video dan Film Perangkat Pendukung Monitoring (monitor led) - Bid. TIK","0",,"0000-00-00",,NULL
"1.3.2.10.02.03.002","Monitor","0018","Monitor LED","Monitor LED LG IPS UltraW",,"Unit","4051428","Pembelian","2022-07-04","DISKOMINSA","Intra","Pengadaan Peralatan Studio Video dan Film Perangkat Pendukung Monitoring (monitor led) - Bid. TIK","0",,"0000-00-00",,NULL
"1.3.2.10.02.03.002","Monitor","0019","Monitor LED","Monitor LED LG IPS UltraW",,"Unit","4051428","Pembelian","2022-07-04","DISKOMINSA","Intra","Pengadaan Peralatan Studio Video dan Film Perangkat Pendukung Monitoring (monitor led) - Bid. TIK","0",,"0000-00-00",,NULL
"1.3.2.10.02.03.003","Printer (Peralatan Personal Komputer)","0002",,"Brother MFC-J3520",,"Unit","7560000","Pembelian","2014-12-31","DISKOMINSA","Intra","UPTD Seuramo","0",,"0000-00-00",,NULL
"1.3.2.10.02.03.003","Printer (Peralatan Personal Komputer)","0003",,"Hp Laser Jet / MFpm125a",,"Unit","3450000","Pembelian","2014-12-31","DISKOMINSA","Intra","K I A","0",,"0000-00-00",,NULL
"1.3.2.10.02.03.003","Printer (Peralatan Personal Komputer)","0004",,"Epson / L210",,"Unit","1500000","Pembelian","2014-12-31","DISKOMINSA","Intra","K I A","0",,"0000-00-00",,NULL
"1.3.2.10.02.03.003","Printer (Peralatan Personal Komputer)","0005",,"Canon / Inkjet",,"Unit","2200000","Pembelian","2014-12-31","DISKOMINSA","Intra","Bidang Manaj. Database","0",,"0000-00-00",,NULL
"1.3.2.10.02.03.003","Printer (Peralatan Personal Komputer)","0006",,"HP / Laserjet",,"Unit","24200000","Pembelian","2014-12-31","DISKOMINSA","Intra","Bidang Manajemen Database","0",,"0000-00-00",,NULL
"1.3.2.10.02.03.003","Printer (Peralatan Personal Komputer)","0007",,"Brother / MFC-J6710DW",,"Unit","13600000","Pembelian","2014-12-31","DISKOMINSA","Intra","Bidang Manaj. Database","0",,"0000-00-00",,NULL
"1.3.2.10.02.03.003","Printer (Peralatan Personal Komputer)","0008",,"HP / Officejet 150 mobile",,"Unit","4989000","Pembelian","2014-12-31","DISKOMINSA","Intra","Bidang PSITT","0",,"0000-00-00",,NULL
"1.3.2.10.02.03.003","Printer (Peralatan Personal Komputer)","0009",,"HP / Officejet 150 mobile",,"Unit","4989000","Pembelian","2014-12-31","DISKOMINSA","Intra","Bidang PSITT","0",,"0000-00-00",,NULL
"1.3.2.10.02.03.003","Printer (Peralatan Personal Komputer)","0010",,"HP InkJet",,"Unit","2420000","Pembelian","2015-12-31","DISKOMINSA","Intra","LKBN Antara","0",,"0000-00-00",,NULL
"1.3.2.10.02.03.003","Printer (Peralatan Personal Komputer)","0011",,"HP LaserJet",,"Unit","2560000","Pembelian","2015-12-31","DISKOMINSA","Intra","LKBN Antara","0",,"0000-00-00",,NULL
"1.3.2.10.02.03.003","Printer (Peralatan Personal Komputer)","0013",,"Epson L220",,"Unit","3400000","Pembelian","2015-12-31","DISKOMINSA","Intra","KIA","0",,"0000-00-00",,NULL
"1.3.2.10.02.03.003","Printer (Peralatan Personal Komputer)","0014",,,,"Unit","3756500","Pembelian","2015-12-31","DISKOMINSA","Intra","PSITT/BA: 07/06/BA-PP/2015 (Printer Handheld)","0",,"0000-00-00",,NULL
"1.3.2.10.02.03.003","Printer (Peralatan Personal Komputer)","0015",,"HP  / Office 150 A-I-O",,"Unit","6075000","Pembelian","2015-12-31","DISKOMINSA","Intra","UPTD Telematika/BA: 10/23/BA-PP/2015","0",,"0000-00-00",,NULL
"1.3.2.10.02.03.003","Printer (Peralatan Personal Komputer)","0016",,"HP /  Laserjet P1102",,"Unit","1200000","Pembelian","2015-12-31","DISKOMINSA","Intra","Data Base","0",,"0000-00-00",,NULL
"1.3.2.10.02.03.003","Printer (Peralatan Personal Komputer)","0019",,"Epson / L455",,"Unit","5766900","Pembelian","2017-12-31","DISKOMINSA","Intra","Printer Epson -- Pengadaan Peralatan Pendukung Bimtek Jaringan Informasi Agribisnis PENAS KTNA 2017","0",,"0000-00-00",,NULL
"1.3.2.10.02.03.003","Printer (Peralatan Personal Komputer)","0020",,"Epson / L455",,"Unit","5766900","Pembelian","2017-12-31","DISKOMINSA","Intra","Printer Epson -- Pengadaan Peralatan Pendukung Bimtek Jaringan Informasi Agribisnis PENAS KTNA 2017","0",,"0000-00-00",,NULL
"1.3.2.10.02.03.003","Printer (Peralatan Personal Komputer)","0021",,"Epson / L455",,"Unit","5766900","Pembelian","2017-12-31","DISKOMINSA","Intra","Printer Epson -- Pengadaan Peralatan Pendukung Bimtek Jaringan Informasi Agribisnis PENAS KTNA 2017","0",,"0000-00-00",,NULL
"1.3.2.10.02.03.003","Printer (Peralatan Personal Komputer)","0022",,"Epson / L455",,"Unit","5766900","Pembelian","2017-12-31","DISKOMINSA","Intra","Printer Epson -- Pengadaan Peralatan Pendukung Bimtek Jaringan Informasi Agribisnis PENAS KTNA 2017","0",,"0000-00-00",,NULL
"1.3.2.10.02.03.003","Printer (Peralatan Personal Komputer)","0023",,"Epson / L455",,"Unit","5766900","Pembelian","2017-12-31","DISKOMINSA","Intra","Printer Epson -- Pengadaan Peralatan Pendukung Bimtek Jaringan Informasi Agribisnis PENAS KTNA 2017","0",,"0000-00-00",,NULL
"1.3.2.10.02.03.003","Printer (Peralatan Personal Komputer)","0024",,"Epson / L455",,"Unit","5766900","Pembelian","2017-12-31","DISKOMINSA","Intra","Printer Epson -- Pengadaan Peralatan Pendukung Bimtek Jaringan Informasi Agribisnis PENAS KTNA 2017","0",,"0000-00-00",,NULL
"1.3.2.10.02.03.003","Printer (Peralatan Personal Komputer)","0025",,"HP / OfficeJet Pro 8720",,"Unit","6566700","Pembelian","2017-12-31","DISKOMINSA","Intra","Printer HP -- Pengadaan Peralatan Pendukung Bimtek Jaringan Informasi Agribisnis PENAS KTNA 2017","0",,"0000-00-00",,NULL
"1.3.2.10.02.03.003","Printer (Peralatan Personal Komputer)","0026",,"Epson / Dot Matrix LQ-219",,"Unit","11229500","Pembelian","2017-12-31","DISKOMINSA","Intra","Pengadaan Printer Multifungsi","0",,"0000-00-00",,NULL
"1.3.2.10.02.03.003","Printer (Peralatan Personal Komputer)","0028",,"Epson / L565",,"Unit","7064500","Pembelian","2017-12-31","DISKOMINSA","Intra","Pengadaan Printer Multifungsi","0",,"0000-00-00",,NULL
"1.3.2.10.02.03.003","Printer (Peralatan Personal Komputer)","0029",,"Epson / L565",,"Unit","7064500","Pembelian","2017-12-31","DISKOMINSA","Intra","Pengadaan Printer Multifungsi","0",,"0000-00-00",,NULL
"1.3.2.10.02.03.003","Printer (Peralatan Personal Komputer)","0030",,"Epson / L565",,"Unit","7064500","Pembelian","2017-12-31","DISKOMINSA","Intra","Pengadaan Printer Multifungsi","0",,"0000-00-00",,NULL
"1.3.2.10.02.03.003","Printer (Peralatan Personal Komputer)","0031",,"Epson / L565",,"Unit","7064500","Pembelian","2017-12-31","DISKOMINSA","Intra","Pengadaan Printer Multifungsi","0",,"0000-00-00",,NULL
"1.3.2.10.02.03.003","Printer (Peralatan Personal Komputer)","0032",,"Epson / L565",,"Unit","7064500","Pembelian","2017-12-31","DISKOMINSA","Intra","Pengadaan Printer Multifungsi","0",,"0000-00-00",,NULL
"1.3.2.10.02.03.003","Printer (Peralatan Personal Komputer)","0033",,"Epson / L565",,"Unit","7064500","Pembelian","2017-12-31","DISKOMINSA","Intra","Pengadaan Printer Multifungsi","0",,"0000-00-00",,NULL
"1.3.2.10.02.03.003","Printer (Peralatan Personal Komputer)","0034",,"Epson / L565",,"Unit","7064500","Pembelian","2017-12-31","DISKOMINSA","Intra","Pengadaan Printer Multifungsi","0",,"0000-00-00",,NULL
"1.3.2.10.02.03.003","Printer (Peralatan Personal Komputer)","0036",,"HP Laserjet Pro / M402dw",,"Unit","6750000","Pembelian","2017-12-31","DISKOMINSA","Intra","Pengadaan Printer (Persandian) BAST No. 01/BAST/SANDI/VIII/2017 Tgl. 04/08/2017","0",,"0000-00-00",,NULL
"1.3.2.10.02.03.003","Printer (Peralatan Personal Komputer)","0037",,"Epson Inkjet / L485 (L Se",,"Unit","4525000","Pembelian","2017-12-31","DISKOMINSA","Intra","Pengadaan Printer (Persandian) BAST No. 01/BAST/SANDI/VIII/2017 Tgl. 04/08/2017","0",,"0000-00-00",,NULL
"1.3.2.10.02.03.003","Printer (Peralatan Personal Komputer)","0038",,"HP Color Laserjet",,"Unit","7300000","Pembelian","2017-12-31","DISKOMINSA","Intra","Printer HP color Laserjet -- Pengadaan Printer Laser Jet Bidang Layanan E-Government BAST No. 32/BAS","0",,"0000-00-00",,NULL
"1.3.2.10.02.03.003","Printer (Peralatan Personal Komputer)","0039",,"Canon / IP 110",,"Unit","7425000","Pembelian","2017-12-31","DISKOMINSA","Intra","Printer portable Canon IP110 -- Pengadaan Printer Portable","0",,"0000-00-00",,NULL
"1.3.2.10.02.03.003","Printer (Peralatan Personal Komputer)","0040",,"Printer Multifungsi HP Of",,"Unit","5727500","Pembelian","2018-12-31","DISKOMINSA","Intra","Pengadaan Printer. BAST No. 20/BA/KPA-SEKRETARIAT/2018 Tgl.08/08/2018","0",,"0000-00-00",,NULL
"1.3.2.10.02.03.003","Printer (Peralatan Personal Komputer)","0041",,"Printer Multifungsi HP Of",,"Unit","5727500","Pembelian","2018-12-31","DISKOMINSA","Intra","Pengadaan Printer. BAST No. 20/BA/KPA-SEKRETARIAT/2018 Tgl.08/08/2018","0",,"0000-00-00",,NULL
"1.3.2.10.02.03.003","Printer (Peralatan Personal Komputer)","0042",,"Printer Multifungsi HP Of",,"Unit","5727500","Pembelian","2018-12-31","DISKOMINSA","Intra","Pengadaan Printer. BAST No. 20/BA/KPA-SEKRETARIAT/2018 Tgl.08/08/2018","0",,"0000-00-00",,NULL
"1.3.2.10.02.03.003","Printer (Peralatan Personal Komputer)","0043",,"Printer Multifungsi HP Of",,"Unit","5727500","Pembelian","2018-12-31","DISKOMINSA","Intra","Pengadaan Printer. BAST No. 20/BA/KPA-SEKRETARIAT/2018 Tgl.08/08/2018","0",,"0000-00-00",,NULL
"1.3.2.10.02.03.003","Printer (Peralatan Personal Komputer)","0044",,"Printer Warna HP Color La",,"Unit","14447500","Pembelian","2018-12-31","DISKOMINSA","Intra","Pengadaan Printer. BAST No. 20/BA/KPA-SEKRETARIAT/2018 Tgl.08/08/2018","0",,"0000-00-00",,NULL
"1.3.2.10.02.03.003","Printer (Peralatan Personal Komputer)","0045",,"Printer Warna HP Color La",,"Unit","14447500","Pembelian","2018-12-31","DISKOMINSA","Intra","Pengadaan Printer. BAST No. 20/BA/KPA-SEKRETARIAT/2018 Tgl.08/08/2018","0",,"0000-00-00",,NULL
"1.3.2.10.02.03.003","Printer (Peralatan Personal Komputer)","0046",,"Printer Labeling Epson La",,"Unit","2647500","Pembelian","2018-12-31","DISKOMINSA","Intra","Pengadaan Printer. BAST No. 20/BA/KPA-SEKRETARIAT/2018 Tgl.08/08/2018","0",,"0000-00-00",,NULL
"1.3.2.10.02.03.003","Printer (Peralatan Personal Komputer)","0047",,"Printer Ukuran A3 Epson L",,"Unit","20147500","Pembelian","2018-12-31","DISKOMINSA","Intra","Pengadaan Printer. BAST No. 20/BA/KPA-SEKRETARIAT/2018 Tgl.08/08/2018","0",,"0000-00-00",,NULL
"1.3.2.10.02.03.003","Printer (Peralatan Personal Komputer)","0048",,"HP LaserJet Pro M402dw",,"Unit","6523500","Pembelian","2018-12-31","DISKOMINSA","Intra","Pengadaan Printer Laser Jet (E-Government)","0",,"0000-00-00",,NULL
"1.3.2.10.02.03.003","Printer (Peralatan Personal Komputer)","0049",,"Printer Epson L6190 Wi-Fi",,"Unit","5890000","Pembelian","2019-12-31","DISKOMINSA","Intra","Pengadaan Printer (DAU)","0",,"0000-00-00",,NULL
"1.3.2.10.02.03.003","Printer (Peralatan Personal Komputer)","0050",,"Printer Epson L6190 Wi-Fi",,"Unit","5890000","Pembelian","2019-12-31","DISKOMINSA","Intra","Pengadaan Printer (DAU)","0",,"0000-00-00",,NULL
"1.3.2.10.02.03.003","Printer (Peralatan Personal Komputer)","0051",,"Printer Epson L6190 Wi-Fi",,"Unit","5890000","Pembelian","2019-12-31","DISKOMINSA","Intra","Pengadaan Printer (DAU)","0",,"0000-00-00",,NULL
"1.3.2.10.02.03.003","Printer (Peralatan Personal Komputer)","0052",,"Printer Epson L6190 Wi-Fi",,"Unit","5890000","Pembelian","2019-12-31","DISKOMINSA","Intra","Pengadaan Printer (DAU)","0",,"0000-00-00",,NULL
"1.3.2.10.02.03.003","Printer (Peralatan Personal Komputer)","0053",,"Printer Epson L6190 Wi-Fi",,"Unit","5890000","Pembelian","2019-12-31","DISKOMINSA","Intra","Pengadaan Printer (DAU)","0",,"0000-00-00",,NULL
"1.3.2.10.02.03.003","Printer (Peralatan Personal Komputer)","0054",,"Printer Epson L6190 Wi-Fi",,"Unit","5890000","Pembelian","2019-12-31","DISKOMINSA","Intra","Pengadaan Printer (DAU)","0",,"0000-00-00",,NULL
"1.3.2.10.02.03.003","Printer (Peralatan Personal Komputer)","0055",,"Epson Printer InkJet L415",,"Unit","3895000","Pembelian","2019-12-31","DISKOMINSA","Intra","Pengadaan Printer (E-Gov)","0",,"0000-00-00",,NULL
"1.3.2.10.02.03.003","Printer (Peralatan Personal Komputer)","0056",,"Epson Printer InkJet L415",,"Unit","3895000","Pembelian","2019-12-31","DISKOMINSA","Intra","Pengadaan Printer (E-Gov)","0",,"0000-00-00",,NULL
"1.3.2.10.02.03.003","Printer (Peralatan Personal Komputer)","0057",,"Epson L565 WiFi All in On",,"Unit","4420000","Pembelian","2019-12-31","DISKOMINSA","Intra","Pengadaan Printer (KIA)","0",,"0000-00-00",,NULL
"1.3.2.10.02.03.003","Printer (Peralatan Personal Komputer)","0058",,"Epson L565 WiFi All in On",,"Unit","4420000","Pembelian","2019-12-31","DISKOMINSA","Intra","Pengadaan Printer (KIA)","0",,"0000-00-00",,NULL
"1.3.2.10.02.03.003","Printer (Peralatan Personal Komputer)","0059",,"Epson WorkForce WF-7711 W",,"Unit","6374400","Pembelian","2019-12-31","DISKOMINSA","Intra","Pengadaan Printer Pelatihan/Bimtek (TIK) (MIGAS ACEH)","0",,"0000-00-00",,NULL
"1.3.2.10.02.03.003","Printer (Peralatan Personal Komputer)","0060",,"Epson WorkForce WF-7711 W",,"Unit","6374400","Pembelian","2019-12-31","DISKOMINSA","Intra","Pengadaan Printer Pelatihan/Bimtek (TIK) (MIGAS ACEH)","0",,"0000-00-00",,NULL
"1.3.2.10.02.03.003","Printer (Peralatan Personal Komputer)","0061",,"Epson WorkForce WF-7711 W",,"Unit","6399400","Pembelian","2019-12-31","DISKOMINSA","Intra","Pengadaan Printer All In One (E-Gov)","0",,"0000-00-00",,NULL
"1.3.2.10.02.03.003","Printer (Peralatan Personal Komputer)","0062",,"Printer Epson L1455",,"Unit","12100000","Pembelian","2019-12-31","DISKOMINSA","Intra","Pengadaan printer all in one (PKP) (PAA)","0",,"0000-00-00",,NULL
"1.3.2.10.02.03.003","Printer (Peralatan Personal Komputer)","0063",,"Epson Printer Multifuctio",,"Unit","12623500","Pembelian","2020-12-31","DISKOMINSA","Intra","Pengadaan Printer All in One A3 InkJet/Rp.50.494.000","0",,"0000-00-00",,NULL
"1.3.2.10.02.03.003","Printer (Peralatan Personal Komputer)","0064",,"Epson Printer Multifuctio",,"Unit","12623500","Pembelian","2020-12-31","DISKOMINSA","Intra","Pengadaan Printer All in One A3 InkJet/Rp.50.494.000","0",,"0000-00-00",,NULL
"1.3.2.10.02.03.003","Printer (Peralatan Personal Komputer)","0065",,"Epson Printer Multifuctio",,"Unit","12623500","Pembelian","2020-12-31","DISKOMINSA","Intra","Pengadaan Printer All in One A3 InkJet/Rp.50.494.000","0",,"0000-00-00",,NULL
"1.3.2.10.02.03.003","Printer (Peralatan Personal Komputer)","0066",,"Epson Printer Multifuctio",,"Unit","12623500","Pembelian","2020-12-31","DISKOMINSA","Intra","Pengadaan Printer All in One A3 InkJet/Rp.50.494.000","0",,"0000-00-00",,NULL
"1.3.2.05.01.05.002","CCTV - Camera Control Television System","0001",,"Avtech  / AVM428A",,"Unit","5766000","Pembelian","2015-12-31","DISKOMINSA","Intra","PSITT/BA: 07/11/BA-PP/2015(IP Camera)","0","RB","2026-01-04",,NULL
"1.3.2.10.02.03.003","Printer (Peralatan Personal Komputer)","0068",,"Epson Dot Matrix LQ2190",,"Unit","9911960","Pembelian","2020-12-31","DISKOMINSA","Intra","Pengadaan Printer Pengelola Helpdesk Data Center/Rp.9.911.960","0",,"0000-00-00",,NULL
"1.3.2.10.02.03.003","Printer (Peralatan Personal Komputer)","0069",,"Printer Epson All in One",,"Unit","16280000","Pembelian","2021-12-31","DISKOMINSA","Intra","Pengadaan Printer Epson L1455 (silpaotsus aceh)","0",,"0000-00-00",,NULL
"1.3.2.10.02.03.003","Printer (Peralatan Personal Komputer)","0070",,"Printer Epson All in One",,"Unit","16390000","Pembelian","2021-12-31","DISKOMINSA","Intra","Pengadaan Printer (dau)","0",,"0000-00-00",,NULL
"1.3.2.10.02.03.003","Printer (Peralatan Personal Komputer)","0071",,"Printer Epson L4150",,"Unit","4928000","Pembelian","2021-12-31","DISKOMINSA","Intra","Pengadaan Printer Warna (dau)","0",,"0000-00-00",,NULL
"1.3.2.10.02.03.003","Printer (Peralatan Personal Komputer)","0072",,"Printer Epson L4150",,"Unit","4928000","Pembelian","2021-12-31","DISKOMINSA","Intra","Pengadaan Printer Warna (dau)","0",,"0000-00-00",,NULL
"1.3.2.10.02.03.003","Printer (Peralatan Personal Komputer)","0073",,"Printer Epson L4150",,"Unit","4928000","Pembelian","2021-12-31","DISKOMINSA","Intra","Pengadaan Printer Warna (dau)","0",,"0000-00-00",,NULL
"1.3.2.10.02.03.003","Printer (Peralatan Personal Komputer)","0074",,"Printer Epson L4150",,"Unit","4928000","Pembelian","2021-12-31","DISKOMINSA","Intra","Pengadaan Printer Warna (dau)","0",,"0000-00-00",,NULL
"1.3.2.10.02.03.003","Printer (Peralatan Personal Komputer)","0075","Printer A3 inkjet AIO Multifuction","Brother/MFC-J3530DW",,"Unit","8376500","Pembelian","2022-02-16","DISKOMINSA","Intra","pengadaan sarana dan prasarana pengembangan aplikasi pendukung siat (printer a3)","0",,"0000-00-00",,NULL
"1.3.2.10.02.03.003","Printer (Peralatan Personal Komputer)","0076","Printer Ink Jet","Epson/L3250",,"Unit","5997000","Pembelian","2022-03-04","DISKOMINSA","Intra","Pengadaan Peralatan Cetak Printer Ink Jet - Bid. Sandi","0",,"0000-00-00",,NULL
"1.3.2.10.02.03.003","Printer (Peralatan Personal Komputer)","0077","Printer Ink Jet","Epson/L3250",,"Unit","5997000","Pembelian","2022-03-04","DISKOMINSA","Intra","Pengadaan Peralatan Cetak Printer Ink Jet - Bid. Sandi","0",,"0000-00-00",,NULL
"1.3.2.10.02.03.003","Printer (Peralatan Personal Komputer)","0078","Printer A3 inkjet AIO Multifuction","Brother/MFC-J3530DW",,"Unit","8412250","Pembelian","2022-03-30","DISKOMINSA","Intra","Pengadaan peralatan cetak ""printer A3"" Bid. PKP","0",,"0000-00-00",,NULL
"1.3.2.10.02.03.003","Printer (Peralatan Personal Komputer)","0079","Printer Dot Matrix","Epson/LQ-2190",,"Unit","10815000","Pembelian","2022-04-06","DISKOMINSA","Intra","Pengadaan peralatan cetak ""printer dot matrix""","0",,"0000-00-00",,NULL
"1.3.2.10.02.03.003","Printer (Peralatan Personal Komputer)","0080","Printer Ink Jet","Epson L5290",,"Unit","6598950","Pembelian","2022-04-18","DISKOMINSA","Intra","Pengadaan Peralatan Cetak Bidang PLIP ""Printer Ink Jet""","0",,"0000-00-00",,NULL
"1.3.2.10.02.03.003","Printer (Peralatan Personal Komputer)","0081","Printer Ink Jet","Epson L5290",,"Unit","6598950","Pembelian","2022-04-18","DISKOMINSA","Intra","Pengadaan Peralatan Cetak Bidang PLIP ""Printer Ink Jet""","0",,"0000-00-00",,NULL
"1.3.2.10.02.03.003","Printer (Peralatan Personal Komputer)","0082","Printer A3","HP color laserjet CP5225n",,"Unit","27428000","Pembelian","2022-08-03","DISKOMINSA","Intra","pengadaan printer A3","0",,"0000-00-00",,NULL
"1.3.2.10.02.03.003","Printer (Peralatan Personal Komputer)","0083","Printer InkJet","Epson EcoTank L3250",,"Unit","5960000","Pembelian","2022-11-01","DISKOMINSA","Intra","Pengadaan Printer - Printer Ink Jet - Bid. E-Gov","0",,"0000-00-00",,NULL
"1.3.2.10.02.03.003","Printer (Peralatan Personal Komputer)","0084","Printer InkJet","Epson WF-100",,"Unit","4351500","Pembelian","2022-11-10","DISKOMINSA","Intra","Pengadaan Peralatan Komputer Lainnya (printer dan ups) - Bid. E-Gov","0",,"0000-00-00",,NULL
"1.3.2.10.02.03.004","Scanner (Peralatan Personal Komputer)","0001",,"Pulstek OpticBook / A 300",,"Unit","29700000","Pembelian","2014-12-31","DISKOMINSA","Intra","UPTD Telematika","0",,"0000-00-00",,NULL
"1.3.2.10.02.03.004","Scanner (Peralatan Personal Komputer)","0002",,"Epson Workfoece / Ds-30",,"Unit","3500000","Pembelian","2014-12-31","DISKOMINSA","Intra","KIA; Reklas dari TDF","0",,"0000-00-00",,NULL
"1.3.2.10.02.03.004","Scanner (Peralatan Personal Komputer)","0003",,,,"Unit","4050000","Pembelian","2016-12-31","DISKOMINSA","Intra","Scanner -- Perangkat hardware Pendukung Aplikasi Perpustakaan UPTD seuramo BA: 09/18/BA-PP/2016","0",,"0000-00-00",,NULL
"1.3.2.10.02.03.004","Scanner (Peralatan Personal Komputer)","0004",,,,"Unit","3400000","Pembelian","2016-12-31","DISKOMINSA","Intra","Scan Barcode -- Perangkat hardware Pendukung Aplikasi Perpustakaan UPTD seuramo BA: 09/18/BA-PP/2016","0",,"0000-00-00",,NULL
"1.3.2.10.02.03.004","Scanner (Peralatan Personal Komputer)","0005",,"Fujitsu / SP1125",,"Unit","11990000","Pembelian","2017-12-31","DISKOMINSA","Intra","Scanner PPID -- Pengadaan Scanner (UPTD Seuramoe) BAST No. 208/UPTDS/PPTK/XI/2017 Tgl. 04/12/2017","0",,"0000-00-00",,NULL
"1.3.2.10.02.03.004","Scanner (Peralatan Personal Komputer)","0006",,"Epson Workforce DS 860 Du",,"Unit","17654400","Pembelian","2019-12-31","DISKOMINSA","Intra","Pengadaan Scanner PPID Utama (Silpamigas)","0",,"0000-00-00",,NULL
"1.3.2.10.02.03.004","Scanner (Peralatan Personal Komputer)","0007",,"HP Scanner Network ScanJe",,"Unit","14239000","Pembelian","2019-12-31","DISKOMINSA","Intra","Pengadaan Scanner (SANDI) (PAA)","0",,"0000-00-00",,NULL
"1.3.2.10.02.03.004","Scanner (Peralatan Personal Komputer)","0008",,"HP ScanJet Enterprise 750",,"Unit","18325000","Pembelian","2019-12-31","DISKOMINSA","Intra","Pengadaan Scanner (E-Gov)","0",,"0000-00-00",,NULL
"1.3.2.10.02.03.004","Scanner (Peralatan Personal Komputer)","0009",,"QR Code Scanner Wearness",,"Unit","4015000","Pembelian","2020-12-31","DISKOMINSA","Intra","Pengadaan QR Code Scanner/Rp.8.030.000","0",,"0000-00-00",,NULL
"1.3.2.10.02.03.004","Scanner (Peralatan Personal Komputer)","0010",,"QR Code Scanner Wearness",,"Unit","4015000","Pembelian","2020-12-31","DISKOMINSA","Intra","Pengadaan QR Code Scanner/Rp.8.030.000","0",,"0000-00-00",,NULL
"1.3.2.10.02.03.004","Scanner (Peralatan Personal Komputer)","0011",,"Fujitsu Fi-7160",,"Unit","30690000","Pembelian","2021-12-31","DISKOMINSA","Intra","Pengadaan Scanner (DAU)","0",,"0000-00-00",,NULL
"1.3.2.10.02.03.004","Scanner (Peralatan Personal Komputer)","0012",,"Epson WorkForce DS-410",,"Unit","7095000","Pembelian","2021-12-31","DISKOMINSA","Intra","Pengadaan Scanner Ukuran Folio","0",,"0000-00-00",,NULL
"1.3.2.10.02.03.004","Scanner (Peralatan Personal Komputer)","0013",,"Epson WorkForce DS-410",,"Unit","7095000","Pembelian","2021-12-31","DISKOMINSA","Intra","Pengadaan Scanner Ukuran Folio","0",,"0000-00-00",,NULL
"1.3.2.10.02.03.004","Scanner (Peralatan Personal Komputer)","0014","Scanner Type III","Epson/DS-770 II",,"Unit","19949000","Pembelian","2022-03-02","DISKOMINSA","Intra","Pengadaan Scanner Type III bid. Sandi","0",,"0000-00-00",,NULL
"1.3.2.10.02.03.004","Scanner (Peralatan Personal Komputer)","0015","Scanner Type III","Fujitsu/Fi-7140",,"Unit","21944500","Pembelian","2022-04-11","DISKOMINSA","Intra","Pengadaan scanner type III","0",,"0000-00-00",,NULL
"1.3.2.10.02.03.004","Scanner (Peralatan Personal Komputer)","0016","Scanner Type III","Fujitsu/Fi-7140",,"Unit","21944500","Pembelian","2022-04-11","DISKOMINSA","Intra","Pengadaan scanner type III","0",,"0000-00-00",,NULL
"1.3.2.10.02.03.004","Scanner (Peralatan Personal Komputer)","0017","Scanner Type II","HP/Scanjet Pro 3000 s4",,"Unit","8301900","Pembelian","2022-04-04","DISKOMINSA","Intra","Pengadaan scanner type II Bid. PLIP","0",,"0000-00-00",,NULL
"1.3.2.10.02.03.004","Scanner (Peralatan Personal Komputer)","0018","Scanner Warna","Epson WorkForce DS-310 Co",,"Unit","4992000","Pembelian","2022-11-10","DISKOMINSA","Intra","Pengadaan Peralatan Personal Computer (scanner)","0",,"0000-00-00",,NULL
"1.3.2.10.02.03.009","Keyboard (Peralatan Personal Komputer)","0021",,"Logitech MK120 Combo Keyb",,"Unit","180000","Pembelian","2020-12-31","DISKOMINSA","Extra","Pengadaan Keyboard dan Mouse (dana otsus)/Rp. 900.000","0",,"0000-00-00",,NULL
"1.3.2.10.02.03.009","Keyboard (Peralatan Personal Komputer)","0022",,"Logitech MK120 Combo Keyb",,"Unit","180000","Pembelian","2020-12-31","DISKOMINSA","Extra","Pengadaan Keyboard dan Mouse (dana otsus)/Rp. 900.000","0",,"0000-00-00",,NULL
"1.3.2.10.02.03.009","Keyboard (Peralatan Personal Komputer)","0023",,"Logitech MK120 Combo Keyb",,"Unit","180000","Pembelian","2020-12-31","DISKOMINSA","Extra","Pengadaan Keyboard dan Mouse (dana otsus)/Rp. 900.000","0",,"0000-00-00",,NULL
"1.3.2.10.02.03.009","Keyboard (Peralatan Personal Komputer)","0024",,"Logitech MK120 Combo Keyb",,"Unit","180000","Pembelian","2020-12-31","DISKOMINSA","Extra","Pengadaan Keyboard dan Mouse (dana otsus)/Rp. 900.000","0",,"0000-00-00",,NULL
"1.3.2.10.02.03.009","Keyboard (Peralatan Personal Komputer)","0025",,"Logitech MK120 Combo Keyb",,"Unit","180000","Pembelian","2020-12-31","DISKOMINSA","Extra","Pengadaan Keyboard dan Mouse (dana otsus)/Rp. 900.000","0",,"0000-00-00",,NULL
"1.3.2.10.02.03.011","DVD Writer","0001",,,,"Unit","14850000","Pembelian","2014-12-31","DISKOMINSA","Intra","Copy Writer (Duplikator) - UPTD Telematika","0",,"0000-00-00",,NULL
"1.3.2.10.02.03.011","DVD Writer","0002",,,,"Unit","42900000","Pembelian","2014-12-31","DISKOMINSA","Intra","CD Print (CD Publisher) - UPTD Telematika","0",,"0000-00-00",,NULL
"1.3.2.10.02.03.015","External CD/DVD Drive  (ROM)","0002",,,,"Unit","3000000","Pembelian","2013-12-31","DISKOMINSA","Intra","DVD Player","0",,"0000-00-00",,NULL
"1.3.2.10.02.03.015","External CD/DVD Drive  (ROM)","0003",,"Samsung",,"Unit","3801000","Pembelian","2014-12-31","DISKOMINSA","Intra","Portable Blu-ray Disc Rewriter - Bidang PSITT","0",,"0000-00-00",,NULL
"1.3.2.10.02.03.015","External CD/DVD Drive  (ROM)","0004",,"Samsung",,"Unit","3801000","Pembelian","2014-12-31","DISKOMINSA","Intra","Portable Blu-ray Disc Rewriter - Bidang PSITT","0",,"0000-00-00",,NULL
"1.3.2.10.02.03.015","External CD/DVD Drive  (ROM)","0005",,"Dell DVD R/W Eksternal",,"Unit","1595000","Pembelian","2019-12-31","DISKOMINSA","Intra","Pengadaan DVD R/W Eksternal (E-Gov)","0",,"0000-00-00",,NULL
"1.3.2.10.02.03.015","External CD/DVD Drive  (ROM)","0006",,"Dell DVD R/W Eksternal",,"Unit","1595000","Pembelian","2019-12-31","DISKOMINSA","Intra","Pengadaan DVD R/W Eksternal (E-Gov)","0",,"0000-00-00",,NULL
"1.3.2.10.02.03.015","External CD/DVD Drive  (ROM)","0007",,"Dell DVD R/W Eksternal",,"Unit","1595000","Pembelian","2019-12-31","DISKOMINSA","Intra","Pengadaan DVD R/W Eksternal (E-Gov)","0",,"0000-00-00",,NULL
"1.3.2.10.02.03.017","External/ Portable Hardisk","0002",,,,"Unit","2000000","Pembelian","2013-12-31","DISKOMINSA","Intra","Hard Disk External","0",,"0000-00-00",,NULL
"1.3.2.10.02.03.017","External/ Portable Hardisk","0003",,"Terra Master",,"Unit","6930000","Pembelian","2014-12-31","DISKOMINSA","Intra","Hard Disk 4 Terra","0",,"0000-00-00",,NULL
"1.3.2.10.02.03.017","External/ Portable Hardisk","0004",,"Terra Master",,"Unit","6930000","Pembelian","2014-12-31","DISKOMINSA","Intra","Hard Disk 4 Terra","0",,"0000-00-00",,NULL
"1.3.2.10.02.03.017","External/ Portable Hardisk","0005",,"Terra Master",,"Unit","6930000","Pembelian","2014-12-31","DISKOMINSA","Intra","Hard Disk 4 Terra","0",,"0000-00-00",,NULL
"1.3.2.10.02.03.017","External/ Portable Hardisk","0006",,"WD / My Passport",,"Unit","1895000","Pembelian","2015-12-31","DISKOMINSA","Intra","UPTD Telematika/BA: 10/23/BA-PP/2015","0",,"0000-00-00",,NULL
"1.3.2.10.02.03.017","External/ Portable Hardisk","0007",,"WD / My Passport",,"Unit","1895000","Pembelian","2015-12-31","DISKOMINSA","Intra","UPTD Telematika/BA: 10/23/BA-PP/2015","0",,"0000-00-00",,NULL
"1.3.2.10.02.03.017","External/ Portable Hardisk","0118",,"Hard Disk External",,"Unit","3987500","Pembelian","2016-12-31","DISKOMINSA","Intra","Aksesoris Pendukung R. Studio Multimedia UPTD Telematika BA: 10/05/BA-PP/2016 (Harddisk Eksternal 3T","0",,"0000-00-00",,NULL
"1.3.2.10.02.03.017","External/ Portable Hardisk","0121",,"HDD Eksternal 1 TB Seagat",,"Unit","1005680","Pembelian","2018-12-31","DISKOMINSA","Intra","Harddisk eksternal Sekeretariat -- Belanja Modal Pengadaan Komputer Unit/Jaringan","0",,"0000-00-00",,NULL
"1.3.2.10.02.03.017","External/ Portable Hardisk","0122",,"HDD Eksternal 1 TB Seagat",,"Unit","1005680","Pembelian","2018-12-31","DISKOMINSA","Intra","Harddisk eksternal Sekeretariat -- Belanja Modal Pengadaan Komputer Unit/Jaringan","0",,"0000-00-00",,NULL
"1.3.2.10.02.03.017","External/ Portable Hardisk","0123",,"HDD Eksternal 1 TB Seagat",,"Unit","1005680","Pembelian","2018-12-31","DISKOMINSA","Intra","Harddisk eksternal Sekeretariat -- Belanja Modal Pengadaan Komputer Unit/Jaringan","0",,"0000-00-00",,NULL
"1.3.2.10.02.03.017","External/ Portable Hardisk","0124",,"HDD Eksternal 1 TB Seagat",,"Unit","1005680","Pembelian","2018-12-31","DISKOMINSA","Intra","Harddisk eksternal Sekeretariat -- Belanja Modal Pengadaan Komputer Unit/Jaringan","0",,"0000-00-00",,NULL
"1.3.2.10.02.03.017","External/ Portable Hardisk","0125",,"HDD Eksternal 2 TB Seagat",,"Unit","1665919","Pembelian","2018-12-31","DISKOMINSA","Intra","Harddisk eksternal Sekeretariat -- Belanja Modal Pengadaan Komputer Unit/Jaringan","0",,"0000-00-00",,NULL
"1.3.2.10.02.03.017","External/ Portable Hardisk","0126",,"SSD External MyPasport 1",,"Unit","7173000","Pembelian","2018-12-31","DISKOMINSA","Intra","Pengadaan Media Penyimpanan Media External Penunjang Program SIAT.","0",,"0000-00-00",,NULL
"1.3.2.10.02.03.017","External/ Portable Hardisk","0127",,"SSD External MyPasport 1",,"Unit","7173000","Pembelian","2018-12-31","DISKOMINSA","Intra","Pengadaan Media Penyimpanan Media External Penunjang Program SIAT.","0",,"0000-00-00",,NULL
"1.3.2.10.02.03.017","External/ Portable Hardisk","0128",,"HDD Ext Seagate Backup Pl",,"Unit","4323000","Pembelian","2018-12-31","DISKOMINSA","Intra","Pengadaan Media Penyimpanan Media External Penunjang Program SIAT.","0",,"0000-00-00",,NULL
"1.3.2.10.02.03.017","External/ Portable Hardisk","0129",,"HDD Ext Seagate Backup Pl",,"Unit","4323000","Pembelian","2018-12-31","DISKOMINSA","Intra","Pengadaan Media Penyimpanan Media External Penunjang Program SIAT.","0",,"0000-00-00",,NULL
"1.3.2.10.02.03.017","External/ Portable Hardisk","0130",,"HDD Ext Seagate Backup Pl",,"Unit","4323000","Pembelian","2018-12-31","DISKOMINSA","Intra","Pengadaan Media Penyimpanan Media External Penunjang Program SIAT.","0",,"0000-00-00",,NULL
"1.3.2.10.02.03.017","External/ Portable Hardisk","0131",,"HDD Ext Seagate Backup Pl",,"Unit","4323000","Pembelian","2018-12-31","DISKOMINSA","Intra","Pengadaan Media Penyimpanan Media External Penunjang Program SIAT.","0",,"0000-00-00",,NULL
"1.3.2.10.02.03.017","External/ Portable Hardisk","0132",,"HDD Ext Seagate Backup Pl",,"Unit","4323000","Pembelian","2018-12-31","DISKOMINSA","Intra","Pengadaan Media Penyimpanan Media External Penunjang Program SIAT.","0",,"0000-00-00",,NULL
"1.3.2.10.02.03.017","External/ Portable Hardisk","0133",,"HDD Ext Seagate Backup Pl",,"Unit","4323000","Pembelian","2018-12-31","DISKOMINSA","Intra","Pengadaan Media Penyimpanan Media External Penunjang Program SIAT.","0",,"0000-00-00",,NULL
"1.3.2.10.02.03.017","External/ Portable Hardisk","0134",,"HDD Ext Seagate Backup Pl",,"Unit","4323000","Pembelian","2018-12-31","DISKOMINSA","Intra","Pengadaan Media Penyimpanan Media External Penunjang Program SIAT.","0",,"0000-00-00",,NULL
"1.3.2.10.02.03.017","External/ Portable Hardisk","0135",,"HDD Ext Seagate Backup Pl",,"Unit","4323000","Pembelian","2018-12-31","DISKOMINSA","Intra","Pengadaan Media Penyimpanan Media External Penunjang Program SIAT.","0",,"0000-00-00",,NULL
"1.3.2.10.02.03.017","External/ Portable Hardisk","0136",,"HDD Ext Seagate Backup Pl",,"Unit","4323000","Pembelian","2018-12-31","DISKOMINSA","Intra","Pengadaan Media Penyimpanan Media External Penunjang Program SIAT.","0",,"0000-00-00",,NULL
"1.3.2.10.02.03.017","External/ Portable Hardisk","0137",,"HDD External Seagate Back",,"Unit","2423000","Pembelian","2018-12-31","DISKOMINSA","Intra","Pengadaan Media Penyimpanan Media External Penunjang Program SIAT.","0",,"0000-00-00",,NULL
"1.3.2.10.02.03.017","External/ Portable Hardisk","0138",,"HDD External Seagate Back",,"Unit","2423000","Pembelian","2018-12-31","DISKOMINSA","Intra","Pengadaan Media Penyimpanan Media External Penunjang Program SIAT.","0",,"0000-00-00",,NULL
"1.3.2.10.02.03.017","External/ Portable Hardisk","0139",,"HDD External Seagate Back",,"Unit","2423000","Pembelian","2018-12-31","DISKOMINSA","Intra","Pengadaan Media Penyimpanan Media External Penunjang Program SIAT.","0",,"0000-00-00",,NULL
"1.3.2.10.02.03.017","External/ Portable Hardisk","0140",,"HDD External Seagate Back",,"Unit","2423000","Pembelian","2018-12-31","DISKOMINSA","Intra","Pengadaan Media Penyimpanan Media External Penunjang Program SIAT.","0",,"0000-00-00",,NULL
"1.3.2.10.02.03.017","External/ Portable Hardisk","0141",,"HDD External Seagate Back",,"Unit","2423000","Pembelian","2018-12-31","DISKOMINSA","Intra","Pengadaan Media Penyimpanan Media External Penunjang Program SIAT.","0",,"0000-00-00",,NULL
"1.3.2.10.02.03.017","External/ Portable Hardisk","0142",,"HDD External Seagate Back",,"Unit","2423000","Pembelian","2018-12-31","DISKOMINSA","Intra","Pengadaan Media Penyimpanan Media External Penunjang Program SIAT.","0",,"0000-00-00",,NULL
"1.3.2.10.02.03.017","External/ Portable Hardisk","0143",,"HDD External Seagate Back",,"Unit","2423000","Pembelian","2018-12-31","DISKOMINSA","Intra","Pengadaan Media Penyimpanan Media External Penunjang Program SIAT.","0",,"0000-00-00",,NULL
"1.3.2.10.02.03.017","External/ Portable Hardisk","0144",,"HDD External Seagate Back",,"Unit","2423000","Pembelian","2018-12-31","DISKOMINSA","Intra","Pengadaan Media Penyimpanan Media External Penunjang Program SIAT.","0",,"0000-00-00",,NULL
"1.3.2.10.02.03.017","External/ Portable Hardisk","0145",,"HDD External Seagate Back",,"Unit","2423000","Pembelian","2018-12-31","DISKOMINSA","Intra","Pengadaan Media Penyimpanan Media External Penunjang Program SIAT.","0",,"0000-00-00",,NULL
"1.3.2.10.02.03.017","External/ Portable Hardisk","0146",,"HDD External Seagate Back",,"Unit","2423000","Pembelian","2018-12-31","DISKOMINSA","Intra","Pengadaan Media Penyimpanan Media External Penunjang Program SIAT.","0",,"0000-00-00",,NULL
"1.3.2.10.02.03.017","External/ Portable Hardisk","0147",,"Seagate Hard Disk BackupP",,"Unit","2275000","Pembelian","2019-12-31","DISKOMINSA","Intra","Pengadaan Hardisk Eksternal (E-Gov)","0",,"0000-00-00",,NULL
"1.3.2.10.02.03.017","External/ Portable Hardisk","0148",,"Seagate Hard Disk BackupP",,"Unit","2275000","Pembelian","2019-12-31","DISKOMINSA","Intra","Pengadaan Hardisk Eksternal (E-Gov)","0",,"0000-00-00",,NULL
"1.3.2.10.02.03.017","External/ Portable Hardisk","0149",,"Seagate Hard Disk BackupP",,"Unit","2275000","Pembelian","2019-12-31","DISKOMINSA","Intra","Pengadaan Hardisk Eksternal (E-Gov)","0",,"0000-00-00",,NULL
"1.3.2.10.02.03.017","External/ Portable Hardisk","0150",,"Western Digital My Passpo",,"Unit","1497127","Pembelian","2019-12-31","DISKOMINSA","Intra","Pengadaan Eksternal Harddisk (KIA)","0",,"0000-00-00",,NULL
"1.3.2.10.02.03.017","External/ Portable Hardisk","0151",,"Western Digital My Passpo",,"Unit","1497127","Pembelian","2019-12-31","DISKOMINSA","Intra","Pengadaan Eksternal Harddisk (KIA)","0",,"0000-00-00",,NULL
"1.3.2.10.02.03.017","External/ Portable Hardisk","0152",,"Western Digital My Passpo",,"Unit","1497127","Pembelian","2019-12-31","DISKOMINSA","Intra","Pengadaan Eksternal Harddisk (KIA)","0",,"0000-00-00",,NULL
"1.3.2.10.02.03.017","External/ Portable Hardisk","0153",,"Western Digital My Passpo",,"Unit","1497129","Pembelian","2019-12-31","DISKOMINSA","Intra","Pengadaan Eksternal Harddisk (KIA)","0",,"0000-00-00",,NULL
"1.3.2.10.02.03.017","External/ Portable Hardisk","0154",,"Samsung Portable SSD T5 5",,"Unit","3300000","Pembelian","2021-12-31","DISKOMINSA","Intra","Perangkat Pengembangan Aplikasi Pemda (silpaotsusaceh)","0",,"0000-00-00",,NULL
"1.3.2.10.02.03.017","External/ Portable Hardisk","0155",,"Samsung Portable SSD T5 5",,"Unit","2915000","Pembelian","2021-12-31","DISKOMINSA","Intra","Pengadaan SSD Eksternal","0",,"0000-00-00",,NULL
"1.3.2.10.02.03.017","External/ Portable Hardisk","0156",,"SanDisk SSD Extreme Pro P",,"Unit","8525000","Pembelian","2021-12-31","DISKOMINSA","Intra","Pengadaan Sarana dan Prasarana Ruang Server Pemerintah Aceh","0",,"0000-00-00",,NULL
"1.3.2.10.02.03.017","External/ Portable Hardisk","0157",,"SanDisk SSD Extreme Pro P",,"Unit","8525000","Pembelian","2021-12-31","DISKOMINSA","Intra","Pengadaan Sarana dan Prasarana Ruang Server Pemerintah Aceh","0",,"0000-00-00",,NULL
"1.3.2.10.02.03.017","External/ Portable Hardisk","0158",,"SanDisk SSD Extreme Pro P",,"Unit","8525000","Pembelian","2021-12-31","DISKOMINSA","Intra","Pengadaan Sarana dan Prasarana Ruang Server Pemerintah Aceh","0",,"0000-00-00",,NULL
"1.3.2.10.02.03.017","External/ Portable Hardisk","0159",,"SanDisk SSD Extreme Pro P",,"Unit","8525000","Pembelian","2021-12-31","DISKOMINSA","Intra","Pengadaan Sarana dan Prasarana Ruang Server Pemerintah Aceh","0",,"0000-00-00",,NULL
"1.3.2.10.02.03.017","External/ Portable Hardisk","0160","SSD Portable Harddisk warna Hitam","Samsung T7 SSD 500 GB",,"Unit","3245000","Pembelian","2022-02-16","DISKOMINSA","Intra","Pengadaan Harddisk dan SSD Bid. EGov","0",,"0000-00-00",,NULL
"1.3.2.10.02.03.017","External/ Portable Hardisk","0161","SSD Portable Harddisk","Sandiks Extreme Portable",,"Unit","3245000","Pembelian","2022-03-29","DISKOMINSA","Intra","Pengadaan ssd external","0",,"0000-00-00",,NULL
"1.3.2.10.02.03.017","External/ Portable Hardisk","0162","SSD Portable Harddisk","Sandiks Extreme Portable",,"Unit","3245000","Pembelian","2022-03-29","DISKOMINSA","Intra","Pengadaan ssd external","0",,"0000-00-00",,NULL
"1.3.2.10.02.03.017","External/ Portable Hardisk","0163","SSD Portable Harddisk","Sandiks Extreme Portable",,"Unit","3245000","Pembelian","2022-03-29","DISKOMINSA","Intra","Pengadaan ssd external","0",,"0000-00-00",,NULL
"1.3.2.10.02.03.017","External/ Portable Hardisk","0164","SSD Portable Harddisk","Sandiks Extreme Portable",,"Unit","3245000","Pembelian","2022-03-29","DISKOMINSA","Intra","Pengadaan ssd external","0",,"0000-00-00",,NULL
"1.3.2.10.02.03.017","External/ Portable Hardisk","0165","SSD Portable Harddisk","Sandiks Extreme Portable",,"Unit","3245000","Pembelian","2022-03-29","DISKOMINSA","Intra","Pengadaan ssd external","0",,"0000-00-00",,NULL
"1.3.2.10.02.03.017","External/ Portable Hardisk","0166","Portable Harddisk","Transcend 1 TB",,"Unit","955500","Pembelian","2022-03-28","DISKOMINSA","Extra","Pengadaan HDD External - UPTD Statistik","0",,"0000-00-00",,NULL
"1.3.2.10.02.03.017","External/ Portable Hardisk","0167","HDD Tower External","Seagate Backup Plus Hub 8",,"Unit","4384500","Pembelian","2022-04-22","DISKOMINSA","Intra","Pengadaan Harddisk Eksternal Bid. PLIP","0",,"0000-00-00",,NULL
"1.3.2.10.02.03.017","External/ Portable Hardisk","0168","HDD Tower External","Seagate Backup Plus Hub 8",,"Unit","4384500","Pembelian","2022-04-22","DISKOMINSA","Intra","Pengadaan Harddisk Eksternal Bid. PLIP","0",,"0000-00-00",,NULL
"1.3.2.10.02.03.017","External/ Portable Hardisk","0169","Harddisk Eksternal 2 TB","Seagate OneTouch 2 TB",,"Unit","2553000","Pembelian","2022-10-17","DISKOMINSA","Intra","Pengadaan Hardisk Eksternal","0",,"0000-00-00",,NULL
"1.3.2.10.02.03.017","External/ Portable Hardisk","0170","Harddisk Eksternal 2 TB","Seagate OneTouch 2 TB",,"Unit","2553000","Pembelian","2022-10-17","DISKOMINSA","Intra","Pengadaan Hardisk Eksternal","0",,"0000-00-00",,NULL
"1.3.2.10.02.03.017","External/ Portable Hardisk","0171","Harddisk Eksternal 8 TB","Western Digital My Book 8",,"Unit","4286250","Pembelian","2022-11-14","DISKOMINSA","Intra","Pengadaan Hardisk External dan UPS - Bid. PLIP","0",,"0000-00-00",,NULL
"1.3.2.10.02.03.017","External/ Portable Hardisk","0172","Harddisk Eksternal 8 TB","Western Digital My Book 8",,"Unit","4286250","Pembelian","2022-11-14","DISKOMINSA","Intra","Pengadaan Hardisk External dan UPS - Bid. PLIP","0",,"0000-00-00",,NULL
"1.3.2.10.02.04.001","Server","0001",,"SUN Fire / X 2200 M2",,"Unit","93500000","Pembelian","2008-12-31","DISKOMINSA","Intra",,"0",,"0000-00-00",,NULL
"1.3.2.10.02.04.001","Server","0002",,,,"Unit","49500000","Pembelian","2009-12-31","DISKOMINSA","Intra",,"0",,"0000-00-00",,NULL
"1.3.2.10.02.04.001","Server","0003",,,,"Unit","49500000","Pembelian","2009-12-31","DISKOMINSA","Intra",,"0",,"0000-00-00",,NULL
"1.3.2.10.02.04.001","Server","0004",,"HP / Proliant ML-150Gb-13",,"Unit","18955000","Pembelian","2010-12-31","DISKOMINSA","Intra",,"0",,"0000-00-00",,NULL
"1.3.2.10.02.04.001","Server","0005",,,,"Unit","38850000","Pembelian","2010-12-31","DISKOMINSA","Intra","Pengadaan Server Bank Data Dishubkomintel Aceh dan Jaringan","0",,"0000-00-00",,NULL
"1.3.2.10.02.04.001","Server","0006",,,,"Unit","28500000","Pembelian","2010-12-31","DISKOMINSA","Intra","Server NMS","0",,"0000-00-00",,NULL
"1.3.2.10.02.04.001","Server","0007",,,,"Unit","99275000","Pembelian","2011-12-31","DISKOMINSA","Intra","Server Backup Mail","0",,"0000-00-00",,NULL
"1.3.2.10.02.04.001","Server","0008",,,,"Unit","148830000","Pembelian","2013-12-31","DISKOMINSA","Intra","Server Dataware House","0",,"0000-00-00",,NULL
"1.3.2.10.02.04.001","Server","0009",,,,"Unit","198880000","Pembelian","2013-12-31","DISKOMINSA","Intra","Server Firewall","0",,"0000-00-00",,NULL
"1.3.2.10.02.04.001","Server","0010",,,,"Unit","163000000","Pembelian","2013-12-31","DISKOMINSA","Intra","Server dan Perangkat Pendukung","0",,"0000-00-00",,NULL
"1.3.2.10.02.04.001","Server","0012",,,,"Unit","49885000","Pembelian","2013-12-31","DISKOMINSA","Intra","Accesories Server","0",,"0000-00-00",,NULL
"1.3.2.10.02.04.001","Server","0013",,,,"Unit","19914400","Pembelian","2013-12-31","DISKOMINSA","Intra","Accesories Jaringan","0",,"0000-00-00",,NULL
"1.3.2.10.02.04.001","Server","0014",,,,"Unit","29920000","Pembelian","2014-12-31","DISKOMINSA","Intra","UPTD Telematika","0",,"0000-00-00",,NULL
"1.3.2.10.02.04.001","Server","0015",,,,"Unit","676500000","Pembelian","2014-12-31","DISKOMINSA","Intra","Server Nas, Harddisk Backup NAS","0",,"0000-00-00",,NULL
"1.3.2.10.02.04.001","Server","0016",,,,"Unit","850300000","Pembelian","2014-12-31","DISKOMINSA","Intra","Blade Server, Blade Chasing dan Instalasi Layanan Cloud Stronge Server - Bidang PSITT","0",,"0000-00-00",,NULL
"1.3.2.10.02.04.001","Server","0017",,"IBM / Xeon 6C E5-2620 95W",,"Unit","99495000","Pembelian","2014-12-31","DISKOMINSA","Intra","Perangkat Sistem Manajemen Server - Bid. PSITT","0",,"0000-00-00",,NULL
"1.3.2.10.02.04.001","Server","0018",,"IBM / Xeon 6C E5-2620 95W",,"Unit","99495000","Pembelian","2014-12-31","DISKOMINSA","Intra","Perangkat Sistem Manajemen Server - Bid. PSITT","0",,"0000-00-00",,NULL
"1.3.2.10.02.04.001","Server","0019",,,,"Unit","99595000","Pembelian","2014-12-31","DISKOMINSA","Intra","Aksesoris Server - Bidang PSITT","0",,"0000-00-00",,NULL
"1.3.2.10.02.04.001","Server","0020",,"Fortinet / fortiddos 200B",,"Unit","590150000","Pembelian","2015-12-31","DISKOMINSA","Intra","PSITT, Perangkat Firewell (Anti Serangan Khusus)","0",,"0000-00-00",,NULL
"1.3.2.10.02.04.001","Server","0021",,"Load Balancer Appliance",,"Unit","198990000","Pembelian","2015-12-31","DISKOMINSA","Intra","PSITT/BA: 07/17/BA-PP/2015 (Load Balancer Appliance)","0",,"0000-00-00",,NULL
"1.3.2.10.02.04.001","Server","0022",,"Media Penyimpanan",,"Unit","592900000","Pembelian","2015-12-31","DISKOMINSA","Intra","PSITT (Media Penyimpanan Jaringan Tradisbusi)","0",,"0000-00-00",,NULL
"1.3.2.10.02.04.001","Server","0023",,"NAS Server",,"Unit","23650000","Pembelian","2015-12-31","DISKOMINSA","Intra","UPTD Telematika/BA: 10/15/BA-PP/2015 (NAS Server)","0",,"0000-00-00",,NULL
"1.3.2.10.02.04.001","Server","0024",,,,"Unit","39500000","Pembelian","2016-12-31","DISKOMINSA","Intra","Server Aplikasi Perpustakaan Rp.25.000.000 + biaya pengiriman Rp. 3.500.000 + biaya install dan konf","0",,"0000-00-00",,NULL
"1.3.2.10.02.04.001","Server","0025",,,,"Unit","592350000","Pembelian","2016-12-31","DISKOMINSA","Intra","Server Perangkat Keamanan untuk Aplikasi Berbasis WEB Bidang PSITT","0",,"0000-00-00",,NULL
"1.3.2.10.02.04.001","Server","0026",,"Storage Server NAS Synolo",,"Unit","46630000","Pembelian","2018-12-31","DISKOMINSA","Intra","Pengadaan Server Data NAS (Persandian) pada Dinas Kominfo dan Sandi Aceh. BAST No?","0",,"0000-00-00",,NULL
"1.3.2.10.02.04.001","Server","0030",,"Server NAS Synology 12 Ba",,"Unit","80227000","Pembelian","2018-12-31","DISKOMINSA","Intra","Pengadaan Server NAS + Instalasi Bid. E-Gov","0",,"0000-00-00",,NULL
"1.3.2.10.02.04.001","Server","0031",,"Fortinet FortiGate 1500D",,"Unit","1448150000","Pembelian","2019-12-31","DISKOMINSA","Intra","Pengadaan Perangkat Filtering Konten Internet Syariah, Instalasi dan Konfigurasi (MIGAS ACEH)","0",,"0000-00-00",,NULL
"1.3.2.10.02.04.001","Server","0032",,"SuperMicro Blade Node Ser",,"Unit","99663731","Pembelian","2019-12-31","DISKOMINSA","Intra","Pengadaan Blade Server, Instalasi dan Konfigurasi untuk Mendukung Data Warehouse SIAT (MIGAS ACEH)","0",,"0000-00-00",,NULL
"1.3.2.10.02.04.001","Server","0033",,"SuperMicro Blade Node Ser",,"Unit","99663726","Pembelian","2019-12-31","DISKOMINSA","Intra","Pengadaan Blade Server, Instalasi dan Konfigurasi untuk Mendukung Data Warehouse SIAT (MIGAS ACEH)","0",,"0000-00-00",,NULL
"1.3.2.10.02.04.001","Server","0034",,"SuperMicro Blade Node Ser",,"Unit","99663726","Pembelian","2019-12-31","DISKOMINSA","Intra","Pengadaan Blade Server, Instalasi dan Konfigurasi untuk Mendukung Data Warehouse SIAT (MIGAS ACEH)","0",,"0000-00-00",,NULL
"1.3.2.10.02.04.001","Server","0035",,"SuperMicro Blade Node Ser",,"Unit","99663726","Pembelian","2019-12-31","DISKOMINSA","Intra","Pengadaan Blade Server, Instalasi dan Konfigurasi untuk Mendukung Data Warehouse SIAT (MIGAS ACEH)","0",,"0000-00-00",,NULL
"1.3.2.10.02.04.001","Server","0036",,"SuperMicro Blade Node Ser",,"Unit","99663726","Pembelian","2019-12-31","DISKOMINSA","Intra","Pengadaan Blade Server, Instalasi dan Konfigurasi untuk Mendukung Data Warehouse SIAT (MIGAS ACEH)","0",,"0000-00-00",,NULL
"1.3.2.10.02.04.001","Server","0037",,"SuperMicro Blade Node Ser",,"Unit","99663726","Pembelian","2019-12-31","DISKOMINSA","Intra","Pengadaan Blade Server, Instalasi dan Konfigurasi untuk Mendukung Data Warehouse SIAT (MIGAS ACEH)","0",,"0000-00-00",,NULL
"1.3.2.10.02.04.001","Server","0038",,"SuperMicro Blade Node Ser",,"Unit","99663726","Pembelian","2019-12-31","DISKOMINSA","Intra","Pengadaan Blade Server, Instalasi dan Konfigurasi untuk Mendukung Data Warehouse SIAT (MIGAS ACEH)","0",,"0000-00-00",,NULL
"1.3.2.10.02.04.001","Server","0039",,"SuperMicro Blade Node Ser",,"Unit","99663726","Pembelian","2019-12-31","DISKOMINSA","Intra","Pengadaan Blade Server, Instalasi dan Konfigurasi untuk Mendukung Data Warehouse SIAT (MIGAS ACEH)","0",,"0000-00-00",,NULL
"1.3.2.10.02.04.001","Server","0040",,"SuperMicro Blade Node Ser",,"Unit","99663726","Pembelian","2019-12-31","DISKOMINSA","Intra","Pengadaan Blade Server, Instalasi dan Konfigurasi untuk Mendukung Data Warehouse SIAT (MIGAS ACEH)","0",,"0000-00-00",,NULL
"1.3.2.10.02.04.001","Server","0041",,"NAS Server NetApp",,"Unit","682550000","Pembelian","2019-12-31","DISKOMINSA","Intra","Pengadaan Media Penyimpanan Penunjang Program SIAT(MIGAS ACEH)","0",,"0000-00-00",,NULL
"1.3.2.10.02.04.001","Server","0042",,"Dell Server PowerEdge R74",,"Unit","156700000","Pembelian","2020-12-31","DISKOMINSA","Intra","Pengadaan Server/Rp.313.400.000","0",,"0000-00-00",,NULL
"1.3.2.10.02.04.001","Server","0043",,"Dell Server PowerEdge R74",,"Unit","156700000","Pembelian","2020-12-31","DISKOMINSA","Intra","Pengadaan Server/Rp.313.400.000","0",,"0000-00-00",,NULL
"1.3.2.10.02.04.001","Server","0044",,"IBM System X650 M4-C3A (D",,"Unit","73000000","Hibah","2015-12-31","DISKOMINSA","Intra","Alih status dari Bappeda sesuai BAST no. 027/2059 tanggal 30/12/2021 (UPTD Statistik)","0",,"0000-00-00",,NULL
"1.3.2.10.02.04.001","Server","0045",,"HP Proliant ML 350 PG-065",,"Unit","34500000","Hibah","2015-12-31","DISKOMINSA","Intra","Alih status dari Bappeda sesuai BAST no. 027/2059 tanggal 30/12/2021 (UPTD Statistik)","0",,"0000-00-00",,NULL
"1.3.2.10.02.04.001","Server","0046","Node Blade Server","SuperMicro/SYS-120C-TR",,"Unit","239760000","Pembelian","2022-05-24","DISKOMINSA","Intra","Pengadaan Node Blade Server Pendukung Layanan SIAT (NeuCentrIX DataCenter Jakarta)","0",,"0000-00-00",,NULL
"1.3.2.10.02.04.001","Server","0047","Node Blade Server","SuperMicro/SYS-120C-TR",,"Unit","239760000","Pembelian","2022-05-24","DISKOMINSA","Intra","Pengadaan Node Blade Server Pendukung Layanan SIAT (NeuCentrIX DataCenter Jakarta)","0",,"0000-00-00",,NULL
"1.3.2.10.02.04.001","Server","0048","Node Blade Server","SuperMicro/SYS-120C-TR",,"Unit","239760000","Pembelian","2022-05-24","DISKOMINSA","Intra","Pengadaan Node Blade Server Pendukung Layanan SIAT (NeuCentrIX DataCenter Jakarta)","0",,"0000-00-00",,NULL
"1.3.2.10.02.04.001","Server","0049","Node Blade Server","SuperMicro/SYS-120C-TR",,"Unit","239760000","Pembelian","2022-05-24","DISKOMINSA","Intra","Pengadaan Node Blade Server Pendukung Layanan SIAT (NeuCentrIX DataCenter Jakarta)","0",,"0000-00-00",,NULL
"1.3.2.10.02.04.001","Server","0050","Node Blade Server","SuperMicro/SYS-120C-TR",,"Unit","239760000","Pembelian","2022-05-24","DISKOMINSA","Intra","Pengadaan Node Blade Server Pendukung Layanan SIAT (NeuCentrIX DataCenter Jakarta)","0",,"0000-00-00",,NULL
"1.3.2.10.02.04.001","Server","0051","Node Blade Server","SuperMicro/SYS-120C-TR",,"Unit","239760000","Pembelian","2022-05-24","DISKOMINSA","Intra","Pengadaan Node Blade Server Pendukung Layanan SIAT (NeuCentrIX DataCenter Jakarta)","0",,"0000-00-00",,NULL
"1.3.2.10.02.04.001","Server","0052","Server","HPE Proliant DL380 Gen10",,"Unit","394737301","Pembelian","2022-11-14","DISKOMINSA","Intra","Pengadaan Server (Lokasi Medan) - Bid. TIK","0",,"0000-00-00",,NULL
"1.3.2.10.02.04.002","Router","0003",,"ROUTER BOARD / RB 800",,"Unit","4950000","Pembelian","2011-12-31","DISKOMINSA","Intra","Wireless Outdoor RB 800","0",,"0000-00-00",,NULL
"1.3.2.10.02.04.002","Router","0004",,"ROUTER BOARD / RB 800",,"Unit","4950000","Pembelian","2011-12-31","DISKOMINSA","Intra","Wireless Outdoor RB 800","0",,"0000-00-00",,NULL
"1.3.2.10.02.04.002","Router","0005",,,,"Unit","1430000","Pembelian","2012-12-31","DISKOMINSA","Intra","Router Wireless, Wireelees Indoor Komplit","0",,"0000-00-00",,NULL
"1.3.2.10.02.04.002","Router","0006",,,,"Unit","1430000","Pembelian","2012-12-31","DISKOMINSA","Intra","Router Wireless, Wireelees Indoor Komplit","0",,"0000-00-00",,NULL
"1.3.2.10.02.04.002","Router","0007",,,,"Unit","1430000","Pembelian","2012-12-31","DISKOMINSA","Intra","Router Wireless, Wireelees Indoor Komplit","0",,"0000-00-00",,NULL
"1.3.2.10.02.04.002","Router","0008",,,,"Unit","1430000","Pembelian","2012-12-31","DISKOMINSA","Intra","Router Wireless, Wireelees Indoor Komplit","0",,"0000-00-00",,NULL
"1.3.2.10.02.04.002","Router","0009",,,,"Unit","1430000","Pembelian","2012-12-31","DISKOMINSA","Intra","Router Wireless, Wireelees Indoor Komplit","0",,"0000-00-00",,NULL
"1.3.2.10.02.04.002","Router","0010",,"Mikrotik",,"Unit","2296000","Pembelian","2014-12-31","DISKOMINSA","Intra","Router Indor RB450G - Bidang PSITT","0",,"0000-00-00",,NULL
"1.3.2.10.02.04.002","Router","0011",,,,"Unit","6608234","Pembelian","2014-12-31","DISKOMINSA","Intra","Bidang PSITT","0",,"0000-00-00",,NULL
"1.3.2.10.02.04.002","Router","0012",,,,"Unit","6608234","Pembelian","2014-12-31","DISKOMINSA","Intra","Bidang PSITT","0",,"0000-00-00",,NULL
"1.3.2.10.02.04.002","Router","0013",,,,"Unit","6608234","Pembelian","2014-12-31","DISKOMINSA","Intra","Bidang PSITT","0",,"0000-00-00",,NULL
"1.3.2.10.02.04.002","Router","0014",,,,"Unit","6608234","Pembelian","2014-12-31","DISKOMINSA","Intra","Bidang PSITT","0",,"0000-00-00",,NULL
"1.3.2.10.02.04.002","Router","0015",,,,"Unit","6608234","Pembelian","2014-12-31","DISKOMINSA","Intra","Bidang PSITT","0",,"0000-00-00",,NULL
"1.3.2.10.02.04.002","Router","0016",,,,"Unit","6608234","Pembelian","2014-12-31","DISKOMINSA","Intra","Bidang PSITT","0",,"0000-00-00",,NULL
"1.3.2.10.02.04.002","Router","0017",,,,"Unit","6608234","Pembelian","2014-12-31","DISKOMINSA","Intra","Bidang PSITT","0",,"0000-00-00",,NULL
"1.3.2.10.02.04.002","Router","0018",,,,"Unit","6608234","Pembelian","2014-12-31","DISKOMINSA","Intra","Bidang PSITT","0",,"0000-00-00",,NULL
"1.3.2.10.02.04.002","Router","0019",,,,"Unit","6608234","Pembelian","2014-12-31","DISKOMINSA","Intra","Bidang PSITT","0",,"0000-00-00",,NULL
"1.3.2.10.02.04.002","Router","0020",,,,"Unit","6608234","Pembelian","2014-12-31","DISKOMINSA","Intra","Bidang PSITT","0",,"0000-00-00",,NULL
"1.3.2.10.02.04.002","Router","0021",,,,"Unit","6608234","Pembelian","2014-12-31","DISKOMINSA","Intra","Bidang PSITT","0",,"0000-00-00",,NULL
"1.3.2.10.02.04.002","Router","0022",,,,"Unit","6608234","Pembelian","2014-12-31","DISKOMINSA","Intra","Bidang PSITT","0",,"0000-00-00",,NULL
"1.3.2.10.02.04.002","Router","0023",,,,"Unit","6608234","Pembelian","2014-12-31","DISKOMINSA","Intra","Bidang PSITT","0",,"0000-00-00",,NULL
"1.3.2.10.02.04.002","Router","0024",,,,"Unit","6608234","Pembelian","2014-12-31","DISKOMINSA","Intra","Bidang PSITT","0",,"0000-00-00",,NULL
"1.3.2.10.02.04.002","Router","0025",,,,"Unit","6608234","Pembelian","2014-12-31","DISKOMINSA","Intra","Bidang PSITT","0",,"0000-00-00",,NULL
"1.3.2.10.02.04.002","Router","0026",,,,"Unit","6608234","Pembelian","2014-12-31","DISKOMINSA","Intra","Bidang PSITT","0",,"0000-00-00",,NULL
"1.3.2.10.02.04.002","Router","0027",,,,"Unit","6608234","Pembelian","2014-12-31","DISKOMINSA","Intra","Bidang PSITT","0",,"0000-00-00",,NULL
"1.3.2.10.02.04.002","Router","0028",,,,"Unit","6608234","Pembelian","2014-12-31","DISKOMINSA","Intra","Bidang PSITT","0",,"0000-00-00",,NULL
"1.3.2.10.02.04.002","Router","0029",,,,"Unit","6608234","Pembelian","2014-12-31","DISKOMINSA","Intra","Bidang PSITT","0",,"0000-00-00",,NULL
"1.3.2.10.02.04.002","Router","0030",,,,"Unit","6608234","Pembelian","2014-12-31","DISKOMINSA","Intra","Bidang PSITT","0",,"0000-00-00",,NULL
"1.3.2.10.02.04.002","Router","0031",,,,"Unit","6608234","Pembelian","2014-12-31","DISKOMINSA","Intra","Bidang PSITT","0",,"0000-00-00",,NULL
"1.3.2.10.02.04.002","Router","0032",,,,"Unit","6608234","Pembelian","2014-12-31","DISKOMINSA","Intra","Bidang PSITT","0",,"0000-00-00",,NULL
"1.3.2.10.02.04.002","Router","0033",,,,"Unit","6608234","Pembelian","2014-12-31","DISKOMINSA","Intra","Bidang PSITT","0",,"0000-00-00",,NULL
"1.3.2.10.02.04.002","Router","0034",,,,"Unit","6608234","Pembelian","2014-12-31","DISKOMINSA","Intra","Bidang PSITT","0",,"0000-00-00",,NULL
"1.3.2.10.02.04.002","Router","0035",,,,"Unit","6608234","Pembelian","2014-12-31","DISKOMINSA","Intra","Bidang PSITT","0",,"0000-00-00",,NULL
"1.3.2.10.02.04.002","Router","0036",,,,"Unit","6608234","Pembelian","2014-12-31","DISKOMINSA","Intra","Bidang PSITT","0",,"0000-00-00",,NULL
"1.3.2.10.02.04.002","Router","0037",,,,"Unit","6608234","Pembelian","2014-12-31","DISKOMINSA","Intra","Bidang PSITT","0",,"0000-00-00",,NULL
"1.3.2.10.02.04.002","Router","0038",,,,"Unit","6608234","Pembelian","2014-12-31","DISKOMINSA","Intra","Bidang PSITT","0",,"0000-00-00",,NULL
"1.3.2.10.02.04.002","Router","0039",,,,"Unit","6608234","Pembelian","2014-12-31","DISKOMINSA","Intra","Bidang PSITT","0",,"0000-00-00",,NULL
"1.3.2.10.02.04.002","Router","0040",,,,"Unit","6608214","Pembelian","2014-12-31","DISKOMINSA","Intra","Bidang PSITT","0",,"0000-00-00",,NULL
"1.3.2.10.02.04.002","Router","0041",,"Mikrobits / Ainos",,"Unit","18996000","Pembelian","2014-12-31","DISKOMINSA","Intra","di setiap SKPA - UPTD Telematika","0",,"0000-00-00",,NULL
"1.3.2.10.02.04.002","Router","0042",,"Mikrobits / Ainos",,"Unit","18996000","Pembelian","2014-12-31","DISKOMINSA","Intra","di setiap SKPA - UPTD Telematika","0",,"0000-00-00",,NULL
"1.3.2.10.02.04.002","Router","0043",,"Mikrobits / Ainos",,"Unit","18996000","Pembelian","2014-12-31","DISKOMINSA","Intra","di setiap SKPA - UPTD Telematika","0",,"0000-00-00",,NULL
"1.3.2.10.02.04.002","Router","0044",,"Mikrobits / Ainos",,"Unit","18996000","Pembelian","2014-12-31","DISKOMINSA","Intra","di setiap SKPA - UPTD Telematika","0",,"0000-00-00",,NULL
"1.3.2.10.02.04.002","Router","0045",,"Mikrobits / Ainos",,"Unit","18996000","Pembelian","2014-12-31","DISKOMINSA","Intra","di setiap SKPA - UPTD Telematika","0",,"0000-00-00",,NULL
"1.3.2.10.02.04.002","Router","0046",,"Mikrobits / Ainos",,"Unit","18996000","Pembelian","2014-12-31","DISKOMINSA","Intra","di setiap SKPA - UPTD Telematika","0",,"0000-00-00",,NULL
"1.3.2.10.02.04.002","Router","0047",,"Mikrobits / Ainos",,"Unit","18996000","Pembelian","2014-12-31","DISKOMINSA","Intra","di setiap SKPA - UPTD Telematika","0",,"0000-00-00",,NULL
"1.3.2.10.02.04.002","Router","0048",,"Mikrobits / Ainos",,"Unit","18996000","Pembelian","2014-12-31","DISKOMINSA","Intra","di setiap SKPA - UPTD Telematika","0",,"0000-00-00",,NULL
"1.3.2.10.02.04.002","Router","0049",,"Mikrobits / Ainos",,"Unit","18996000","Pembelian","2014-12-31","DISKOMINSA","Intra","di setiap SKPA - UPTD Telematika","0",,"0000-00-00",,NULL
"1.3.2.10.02.04.002","Router","0050",,"Mikrobits / Ainos",,"Unit","18996000","Pembelian","2014-12-31","DISKOMINSA","Intra","di setiap SKPA - UPTD Telematika","0",,"0000-00-00",,NULL
"1.3.2.10.02.04.002","Router","0051",,"Mikro Dinara",,"Unit","198550000","Pembelian","2014-12-31","DISKOMINSA","Intra","Router Core dan Instalasi - Bid. PSITT","0",,"0000-00-00",,NULL
"1.3.2.10.02.04.002","Router","0052",,"Wireless Router Indoor",,"Unit","1320000","Pembelian","2015-12-31","DISKOMINSA","Intra","PSITT/BA: 07/06/BA-PP/2015 (Wireless Router Indoor)","0",,"0000-00-00",,NULL
"1.3.2.10.02.04.002","Router","0053",,"Wireless Router Indoor",,"Unit","1320000","Pembelian","2015-12-31","DISKOMINSA","Intra","PSITT/BA: 07/06/BA-PP/2015 (Wireless Router Indoor)","0",,"0000-00-00",,NULL
"1.3.2.10.02.04.002","Router","0054",,"- / Wireless Router Board",,"Unit","7600000","Pembelian","2015-12-31","DISKOMINSA","Intra","PSITT/BA: 07/14/BA-PP/2015 (Wireless Router Board (PTP))","0",,"0000-00-00",,NULL
"1.3.2.10.02.04.002","Router","0055",,"- / Wireless Router Board",,"Unit","7600000","Pembelian","2015-12-31","DISKOMINSA","Intra","PSITT/BA: 07/14/BA-PP/2015 (Wireless Router Board (PTP))","0",,"0000-00-00",,NULL
"1.3.2.10.02.04.002","Router","0056",,"- / Wireless Router Board",,"Unit","7600000","Pembelian","2015-12-31","DISKOMINSA","Intra","PSITT/BA: 07/14/BA-PP/2015 (Wireless Router Board (PTP))","0",,"0000-00-00",,NULL
"1.3.2.10.02.04.002","Router","0057",,"- / Wireless Router Board",,"Unit","7600000","Pembelian","2015-12-31","DISKOMINSA","Intra","PSITT/BA: 07/14/BA-PP/2015 (Wireless Router Board (PTP))","0",,"0000-00-00",,NULL
"1.3.2.10.02.04.002","Router","0058",,"- / Wireless Router Board",,"Unit","7600000","Pembelian","2015-12-31","DISKOMINSA","Intra","PSITT/BA: 07/14/BA-PP/2015 (Wireless Router Board (PTP))","0",,"0000-00-00",,NULL
"1.3.2.10.02.04.002","Router","0059",,"- / Wireless Router Board",,"Unit","7600000","Pembelian","2015-12-31","DISKOMINSA","Intra","PSITT/BA: 07/14/BA-PP/2015 (Wireless Router Board (PTP))","0",,"0000-00-00",,NULL
"1.3.2.10.02.04.002","Router","0060",,"- / Router Board",,"Unit","10390000","Pembelian","2015-12-31","DISKOMINSA","Intra","PSITT/BA: 07/14/BA-PP/2015 (Router Board)","0",,"0000-00-00",,NULL
"1.3.2.10.02.04.002","Router","0061",,"- / Router Board",,"Unit","10390000","Pembelian","2015-12-31","DISKOMINSA","Intra","PSITT/BA: 07/14/BA-PP/2015 (Router Board)","0",,"0000-00-00",,NULL
"1.3.2.10.02.04.002","Router","0062",,"- / Router Board",,"Unit","10390000","Pembelian","2015-12-31","DISKOMINSA","Intra","PSITT/BA: 07/14/BA-PP/2015 (Router Board)","0",,"0000-00-00",,NULL
"1.3.2.10.02.04.002","Router","0063",,"Router Client SKPA",,"Unit","541200000","Pembelian","2015-12-31","DISKOMINSA","Intra","UPTD Telematika (Router (kebutuhan SIPKD) Client SKPA)","0",,"0000-00-00",,NULL
"1.3.2.10.02.04.002","Router","0064",,"Bonding Mobile  Router /",,"Unit","26390000","Pembelian","2015-12-31","DISKOMINSA","Intra","UPTD Telematika/BA: 10/20/BA-PP/2015 (Bonding Mobile  Router)","0",,"0000-00-00",,NULL
"1.3.2.10.02.04.002","Router","0065",,,,"Unit","2970000","Pembelian","2016-12-31","DISKOMINSA","Intra","Router Rp.1.430.000 + Biaya Instalasi Rp.1.540.000 -- Instalasi Jaringan Lokal Pada Media Center dan","0",,"0000-00-00",,NULL
"1.3.2.10.02.04.002","Router","0066",,,,"Unit","2970000","Pembelian","2016-12-31","DISKOMINSA","Intra","Router Rp.1.430.000 + Biaya Instalasi Rp.1.540.000 -- Instalasi Jaringan Lokal Pada Media Center dan","0",,"0000-00-00",,NULL
"1.3.2.05.01.05.002","CCTV - Camera Control Television System","0001",,"Avtech  / AVM428A",,"Unit","5766000","Pembelian","2015-12-31","DISKOMINSA","Intra","PSITT/BA: 07/11/BA-PP/2015(IP Camera)","0","RB","2026-01-04",,NULL
"1.3.2.10.02.04.002","Router","0068",,"Mikrobits",,"Unit","23517500","Pembelian","2016-12-31","DISKOMINSA","Intra","Radio Client/SKPA -- UPTD Telematika BA: 10/09/BA-PP/2016","0",,"0000-00-00",,NULL
"1.3.2.10.02.04.002","Router","0069",,"Mikrobits",,"Unit","23517500","Pembelian","2016-12-31","DISKOMINSA","Intra","Radio Client/SKPA -- UPTD Telematika BA: 10/09/BA-PP/2016","0",,"0000-00-00",,NULL
"1.3.2.10.02.04.002","Router","0070",,"Mikrobits",,"Unit","23517500","Pembelian","2016-12-31","DISKOMINSA","Intra","Radio Client/SKPA -- UPTD Telematika BA: 10/09/BA-PP/2016","0",,"0000-00-00",,NULL
"1.3.2.10.02.04.002","Router","0071",,"Mikrobits",,"Unit","23517500","Pembelian","2016-12-31","DISKOMINSA","Intra","Radio Client/SKPA -- UPTD Telematika BA: 10/09/BA-PP/2016","0",,"0000-00-00",,NULL
"1.3.2.10.02.04.002","Router","0072",,"Mikrobits",,"Unit","23517500","Pembelian","2016-12-31","DISKOMINSA","Intra","Radio Client/SKPA -- UPTD Telematika BA: 10/09/BA-PP/2016","0",,"0000-00-00",,NULL
"1.3.2.10.02.04.002","Router","0073",,"Mikrobits",,"Unit","23517500","Pembelian","2016-12-31","DISKOMINSA","Intra","Radio Client/SKPA -- UPTD Telematika BA: 10/09/BA-PP/2016","0",,"0000-00-00",,NULL
"1.3.2.10.02.04.002","Router","0074",,"Mikrobits",,"Unit","23517500","Pembelian","2016-12-31","DISKOMINSA","Intra","Radio Client/SKPA -- UPTD Telematika BA: 10/09/BA-PP/2016","0",,"0000-00-00",,NULL
"1.3.2.10.02.04.002","Router","0075",,"Mikrobits",,"Unit","23517500","Pembelian","2016-12-31","DISKOMINSA","Intra","Radio Client/SKPA -- UPTD Telematika BA: 10/09/BA-PP/2016","0",,"0000-00-00",,NULL
"1.3.2.10.02.04.002","Router","0076",,"Router",,"Unit","3047000","Pembelian","2016-12-31","DISKOMINSA","Intra","Router -- Aksesoris Jaringan dan Listrik Data Center PSITT BA: 07/16/BA-PP/2016","0",,"0000-00-00",,NULL
"1.3.2.10.02.04.002","Router","0077",,"Router",,"Unit","3047000","Pembelian","2016-12-31","DISKOMINSA","Intra","Router -- Aksesoris Jaringan dan Listrik Data Center PSITT BA: 07/16/BA-PP/2016","0",,"0000-00-00",,NULL
"1.3.2.10.02.04.002","Router","0078",,"Router Indoor",,"Unit","7287000","Pembelian","2017-12-31","DISKOMINSA","Intra","Pengadaan Perangkat Jaringan Informasi Agribisnis untuk PENAS KTNA 2017","0",,"0000-00-00",,NULL
"1.3.2.10.02.04.002","Router","0079",,"Router Indoor",,"Unit","7287000","Pembelian","2017-12-31","DISKOMINSA","Intra","Pengadaan Perangkat Jaringan Informasi Agribisnis untuk PENAS KTNA 2017","0",,"0000-00-00",,NULL
"1.3.2.10.02.04.002","Router","0080",,"Microbits Ainos",,"Unit","21394000","Pembelian","2017-12-31","DISKOMINSA","Intra","Pengadaan Router Client SKPA (UPTD Telematika) BAST No. 17/BAST/TIK/IX/2017 Tgl. 12/09/2017","0",,"0000-00-00",,NULL
"1.3.2.10.02.04.002","Router","0081",,"Microbits Ainos",,"Unit","21394000","Pembelian","2017-12-31","DISKOMINSA","Intra","Pengadaan Router Client SKPA (UPTD Telematika) BAST No. 17/BAST/TIK/IX/2017 Tgl. 12/09/2017","0",,"0000-00-00",,NULL
"1.3.2.10.02.04.002","Router","0082",,"Microbits Ainos",,"Unit","21394000","Pembelian","2017-12-31","DISKOMINSA","Intra","Pengadaan Router Client SKPA (UPTD Telematika) BAST No. 17/BAST/TIK/IX/2017 Tgl. 12/09/2017","0",,"0000-00-00",,NULL
"1.3.2.10.02.04.002","Router","0083",,"Microbits Ainos",,"Unit","21394000","Pembelian","2017-12-31","DISKOMINSA","Intra","Pengadaan Router Client SKPA (UPTD Telematika) BAST No. 17/BAST/TIK/IX/2017 Tgl. 12/09/2017","0",,"0000-00-00",,NULL
"1.3.2.10.02.04.002","Router","0084",,"Microbits Ainos",,"Unit","21394000","Pembelian","2017-12-31","DISKOMINSA","Intra","Pengadaan Router Client SKPA (UPTD Telematika) BAST No. 17/BAST/TIK/IX/2017 Tgl. 12/09/2017","0",,"0000-00-00",,NULL
"1.3.2.10.02.04.002","Router","0085",,"Mikrotik / RB750r2",,"Unit","2000000","Pembelian","2017-12-31","DISKOMINSA","Intra","Router Mikrotik -- Belanja Modal Pengadaan Peralatan Mini Komputer (KIA) BAST No. 179/KIA/PPTK/X/201","0",,"0000-00-00",,NULL
"1.3.2.10.02.04.002","Router","0086",,"Mikrotik Routerboard / RB",,"Unit","1560000","Pembelian","2017-12-31","DISKOMINSA","Intra","Router Indoor -- Pengadaan Aksesoris Pendukung WiFi Akses Publik BAST No. 23/BAST/TIK/XI/2017 Tgl. 2","0",,"0000-00-00",,NULL
"1.3.2.10.02.04.002","Router","0087",,"Mikrotik Routerboard / RB",,"Unit","1560000","Pembelian","2017-12-31","DISKOMINSA","Intra","Router Indoor -- Pengadaan Aksesoris Pendukung WiFi Akses Publik BAST No. 23/BAST/TIK/XI/2017 Tgl. 2","0",,"0000-00-00",,NULL
"1.3.2.10.02.04.002","Router","0088",,"Mikrotik Routerboard / RB",,"Unit","1560000","Pembelian","2017-12-31","DISKOMINSA","Intra","Router Indoor -- Pengadaan Aksesoris Pendukung WiFi Akses Publik BAST No. 23/BAST/TIK/XI/2017 Tgl. 2","0",,"0000-00-00",,NULL
"1.3.2.10.02.04.002","Router","0089",,"Mikrotik Routerboard / RB",,"Unit","1560000","Pembelian","2017-12-31","DISKOMINSA","Intra","Router Indoor -- Pengadaan Aksesoris Pendukung WiFi Akses Publik BAST No. 23/BAST/TIK/XI/2017 Tgl. 2","0",,"0000-00-00",,NULL
"1.3.2.10.02.04.002","Router","0090",,"Mikrotik Board / CCR1016-",,"Unit","30250000","Pembelian","2017-12-31","DISKOMINSA","Intra","Router Mikrotik Board CCR1016-125-15+Setting, Kabeling server dan instalasi -- Pememeliharaan Jaring","0",,"0000-00-00",,NULL
"1.3.2.10.02.04.002","Router","0091",,"Mikrotik / RB750r3",,"Unit","700000","Pembelian","2017-12-31","DISKOMINSA","Extra","Router Aceh Singkil -- Pengadaan Router RoIP (Aceh Singkil, Aceh Tengah, Gayo Lues, Pidie, Aceh Tami","0",,"0000-00-00",,NULL
"1.3.2.10.02.04.002","Router","0092",,"Mikrotik / RB750r3",,"Unit","700000","Pembelian","2017-12-31","DISKOMINSA","Extra","Router Aceh Tengah -- Pengadaan Router RoIP (Aceh Singkil, Aceh Tengah, Gayo Lues, Pidie, Aceh Tamia","0",,"0000-00-00",,NULL
"1.3.2.10.02.04.002","Router","0093",,"Mikrotik / RB750r3",,"Unit","700000","Pembelian","2017-12-31","DISKOMINSA","Extra","Router Gayo Lues -- Pengadaan Router RoIP (Aceh Singkil, Aceh Tengah, Gayo Lues, Pidie, Aceh Tamiang","0",,"0000-00-00",,NULL
"1.3.2.10.02.04.002","Router","0094",,"Mikrotik / RB750r3",,"Unit","700000","Pembelian","2017-12-31","DISKOMINSA","Extra","Router Pidie -- Pengadaan Router RoIP (Aceh Singkil, Aceh Tengah, Gayo Lues, Pidie, Aceh Tamiang, Ba","0",,"0000-00-00",,NULL
"1.3.2.10.02.04.002","Router","0096",,"Mikrotik / RB750r3",,"Unit","700000","Pembelian","2017-12-31","DISKOMINSA","Extra","Router Banda Aceh -- Pengadaan Router RoIP (Aceh Singkil, Aceh Tengah, Gayo Lues, Pidie, Aceh Tamian","0",,"0000-00-00",,NULL
"1.3.2.10.02.04.002","Router","0097",,"Routerboard 3011UiAS-RM",,"Unit","3414000","Pembelian","2018-12-31","DISKOMINSA","Intra","Pengadaan Router untuk kebutuhan interkoneksi E-Aceh","0",,"0000-00-00",,NULL
"1.3.2.10.02.04.002","Router","0098",,"Routerboard 3011UiAS-RM",,"Unit","3414000","Pembelian","2018-12-31","DISKOMINSA","Intra","Pengadaan Router untuk kebutuhan interkoneksi E-Aceh","0",,"0000-00-00",,NULL
"1.3.2.10.02.04.002","Router","0099",,"Routerboard 3011UiAS-RM",,"Unit","3414000","Pembelian","2018-12-31","DISKOMINSA","Intra","Pengadaan Router untuk kebutuhan interkoneksi E-Aceh","0",,"0000-00-00",,NULL
"1.3.2.10.02.04.002","Router","0100",,"Routerboard 3011UiAS-RM",,"Unit","3414000","Pembelian","2018-12-31","DISKOMINSA","Intra","Pengadaan Router untuk kebutuhan interkoneksi E-Aceh","0",,"0000-00-00",,NULL
"1.3.2.10.02.04.002","Router","0101",,"Routerboard 3011UiAS-RM",,"Unit","3414000","Pembelian","2018-12-31","DISKOMINSA","Intra","Pengadaan Router untuk kebutuhan interkoneksi E-Aceh","0",,"0000-00-00",,NULL
"1.3.2.10.02.04.002","Router","0102",,"Routerboard 3011UiAS-RM",,"Unit","3414000","Pembelian","2018-12-31","DISKOMINSA","Intra","Pengadaan Router untuk kebutuhan interkoneksi E-Aceh","0",,"0000-00-00",,NULL
"1.3.2.10.02.04.002","Router","0103",,"Routerboard 3011UiAS-RM",,"Unit","3414000","Pembelian","2018-12-31","DISKOMINSA","Intra","Pengadaan Router untuk kebutuhan interkoneksi E-Aceh","0",,"0000-00-00",,NULL
"1.3.2.10.02.04.002","Router","0104",,"Routerboard 3011UiAS-RM",,"Unit","3414000","Pembelian","2018-12-31","DISKOMINSA","Intra","Pengadaan Router untuk kebutuhan interkoneksi E-Aceh","0",,"0000-00-00",,NULL
"1.3.2.10.02.04.002","Router","0105",,"Routerboard 3011UiAS-RM",,"Unit","3414000","Pembelian","2018-12-31","DISKOMINSA","Intra","Pengadaan Router untuk kebutuhan interkoneksi E-Aceh","0",,"0000-00-00",,NULL
"1.3.2.10.02.04.002","Router","0106",,"Routerboard 3011UiAS-RM",,"Unit","3414000","Pembelian","2018-12-31","DISKOMINSA","Intra","Pengadaan Router untuk kebutuhan interkoneksi E-Aceh","0",,"0000-00-00",,NULL
"1.3.2.10.02.04.002","Router","0107",,"Routerboard 3011UiAS-RM",,"Unit","3414000","Pembelian","2018-12-31","DISKOMINSA","Intra","Pengadaan Router untuk kebutuhan interkoneksi E-Aceh","0",,"0000-00-00",,NULL
"1.3.2.10.02.04.002","Router","0108",,"Routerboard 3011UiAS-RM",,"Unit","3414000","Pembelian","2018-12-31","DISKOMINSA","Intra","Pengadaan Router untuk kebutuhan interkoneksi E-Aceh","0",,"0000-00-00",,NULL
"1.3.2.10.02.04.002","Router","0109",,"Routerboard 3011UiAS-RM",,"Unit","3414000","Pembelian","2018-12-31","DISKOMINSA","Intra","Pengadaan Router untuk kebutuhan interkoneksi E-Aceh","0",,"0000-00-00",,NULL
"1.3.2.10.02.04.002","Router","0110",,"Routerboard 3011UiAS-RM",,"Unit","3414000","Pembelian","2018-12-31","DISKOMINSA","Intra","Pengadaan Router untuk kebutuhan interkoneksi E-Aceh","0",,"0000-00-00",,NULL
"1.3.2.10.02.04.002","Router","0111",,"Routerboard 3011UiAS-RM",,"Unit","3414000","Pembelian","2018-12-31","DISKOMINSA","Intra","Pengadaan Router untuk kebutuhan interkoneksi E-Aceh","0",,"0000-00-00",,NULL
"1.3.2.10.02.04.002","Router","0112",,"Routerboard 3011UiAS-RM",,"Unit","3414000","Pembelian","2018-12-31","DISKOMINSA","Intra","Pengadaan Router untuk kebutuhan interkoneksi E-Aceh","0",,"0000-00-00",,NULL
"1.3.2.10.02.04.002","Router","0113",,"Routerboard 3011UiAS-RM",,"Unit","3414000","Pembelian","2018-12-31","DISKOMINSA","Intra","Pengadaan Router untuk kebutuhan interkoneksi E-Aceh","0",,"0000-00-00",,NULL
"1.3.2.10.02.04.002","Router","0114",,"Routerboard 3011UiAS-RM",,"Unit","3414000","Pembelian","2018-12-31","DISKOMINSA","Intra","Pengadaan Router untuk kebutuhan interkoneksi E-Aceh","0",,"0000-00-00",,NULL
"1.3.2.10.02.04.002","Router","0115",,"Routerboard 3011UiAS-RM",,"Unit","3414000","Pembelian","2018-12-31","DISKOMINSA","Intra","Pengadaan Router untuk kebutuhan interkoneksi E-Aceh","0",,"0000-00-00",,NULL
"1.3.2.10.02.04.002","Router","0116",,"Routerboard 3011UiAS-RM",,"Unit","3414000","Pembelian","2018-12-31","DISKOMINSA","Intra","Pengadaan Router untuk kebutuhan interkoneksi E-Aceh","0",,"0000-00-00",,NULL
"1.3.2.10.02.04.002","Router","0117",,"Routerboard 3011UiAS-RM",,"Unit","3414000","Pembelian","2018-12-31","DISKOMINSA","Intra","Pengadaan Router untuk kebutuhan interkoneksi E-Aceh","0",,"0000-00-00",,NULL
"1.3.2.10.02.04.002","Router","0118",,"Routerboard 3011UiAS-RM",,"Unit","3414000","Pembelian","2018-12-31","DISKOMINSA","Intra","Pengadaan Router untuk kebutuhan interkoneksi E-Aceh","0",,"0000-00-00",,NULL
"1.3.2.10.02.04.002","Router","0119",,"Routerboard 3011UiAS-RM",,"Unit","3440000","Pembelian","2018-12-31","DISKOMINSA","Intra","Pengadaan Router untuk kebutuhan interkoneksi E-Aceh","0",,"0000-00-00",,NULL
"1.3.2.10.02.04.002","Router","0120",,"Router Type 1 Gigabit + S",,"Unit","5986900","Pembelian","2019-12-31","DISKOMINSA","Intra","Pengadaan Router dan Akses Point untuk Kebutuhan Interkoneksi E-Aceh (MIGAS ACEH)","0",,"0000-00-00",,NULL
"1.3.2.10.02.04.002","Router","0121",,"Router Type 1 Gigabit + S",,"Unit","5986900","Pembelian","2019-12-31","DISKOMINSA","Intra","Pengadaan Router dan Akses Point untuk Kebutuhan Interkoneksi E-Aceh (MIGAS ACEH)","0",,"0000-00-00",,NULL
"1.3.2.10.02.04.002","Router","0122",,"Router Type 1 Gigabit + S",,"Unit","5986900","Pembelian","2019-12-31","DISKOMINSA","Intra","Pengadaan Router dan Akses Point untuk Kebutuhan Interkoneksi E-Aceh (MIGAS ACEH)","0",,"0000-00-00",,NULL
"1.3.2.10.02.04.002","Router","0123",,"Router Type 1 Gigabit + S",,"Unit","5986900","Pembelian","2019-12-31","DISKOMINSA","Intra","Pengadaan Router dan Akses Point untuk Kebutuhan Interkoneksi E-Aceh (MIGAS ACEH)","0",,"0000-00-00",,NULL
"1.3.2.10.02.04.002","Router","0124",,"Router Type 1 Gigabit + S",,"Unit","5986900","Pembelian","2019-12-31","DISKOMINSA","Intra","Pengadaan Router dan Akses Point untuk Kebutuhan Interkoneksi E-Aceh (MIGAS ACEH)","0",,"0000-00-00",,NULL
"1.3.2.10.02.04.002","Router","0125",,"Router Type 1 Gigabit + S",,"Unit","5986900","Pembelian","2019-12-31","DISKOMINSA","Intra","Pengadaan Router dan Akses Point untuk Kebutuhan Interkoneksi E-Aceh (MIGAS ACEH)","0",,"0000-00-00",,NULL
"1.3.2.10.02.04.002","Router","0126",,"Router Type 1 Gigabit + S",,"Unit","5986900","Pembelian","2019-12-31","DISKOMINSA","Intra","Pengadaan Router dan Akses Point untuk Kebutuhan Interkoneksi E-Aceh (MIGAS ACEH)","0",,"0000-00-00",,NULL
"1.3.2.10.02.04.002","Router","0127",,"Router Type 2 Gigabit + S",,"Unit","3849600","Pembelian","2019-12-31","DISKOMINSA","Intra","Pengadaan Router dan Akses Point untuk Kebutuhan Interkoneksi E-Aceh (MIGAS ACEH)","0",,"0000-00-00",,NULL
"1.3.2.10.02.04.002","Router","0128",,"Router Type 2 Gigabit + S",,"Unit","3849600","Pembelian","2019-12-31","DISKOMINSA","Intra","Pengadaan Router dan Akses Point untuk Kebutuhan Interkoneksi E-Aceh (MIGAS ACEH)","0",,"0000-00-00",,NULL
"1.3.2.10.02.04.002","Router","0129",,"Router Type 2 Gigabit + S",,"Unit","3849600","Pembelian","2019-12-31","DISKOMINSA","Intra","Pengadaan Router dan Akses Point untuk Kebutuhan Interkoneksi E-Aceh (MIGAS ACEH)","0",,"0000-00-00",,NULL
"1.3.2.10.02.04.002","Router","0130",,"Router Type 2 Gigabit + S",,"Unit","3849600","Pembelian","2019-12-31","DISKOMINSA","Intra","Pengadaan Router dan Akses Point untuk Kebutuhan Interkoneksi E-Aceh (MIGAS ACEH)","0",,"0000-00-00",,NULL
"1.3.2.10.02.04.002","Router","0131",,"Router Type 2 Gigabit + S",,"Unit","3849600","Pembelian","2019-12-31","DISKOMINSA","Intra","Pengadaan Router dan Akses Point untuk Kebutuhan Interkoneksi E-Aceh (MIGAS ACEH)","0",,"0000-00-00",,NULL
"1.3.2.10.02.04.002","Router","0132",,"Router Type 2 Gigabit + S",,"Unit","3849600","Pembelian","2019-12-31","DISKOMINSA","Intra","Pengadaan Router dan Akses Point untuk Kebutuhan Interkoneksi E-Aceh (MIGAS ACEH)","0",,"0000-00-00",,NULL
"1.3.2.10.02.04.002","Router","0133",,"Router Type 2 Gigabit + S",,"Unit","3849600","Pembelian","2019-12-31","DISKOMINSA","Intra","Pengadaan Router dan Akses Point untuk Kebutuhan Interkoneksi E-Aceh (MIGAS ACEH)","0",,"0000-00-00",,NULL
"1.3.2.10.02.04.002","Router","0134",,"Router Type 2 Gigabit + S",,"Unit","3849600","Pembelian","2019-12-31","DISKOMINSA","Intra","Pengadaan Router dan Akses Point untuk Kebutuhan Interkoneksi E-Aceh (MIGAS ACEH)","0",,"0000-00-00",,NULL
"1.3.2.10.02.04.002","Router","0135",,"Router Type 2 Gigabit + S",,"Unit","3849600","Pembelian","2019-12-31","DISKOMINSA","Intra","Pengadaan Router dan Akses Point untuk Kebutuhan Interkoneksi E-Aceh (MIGAS ACEH)","0",,"0000-00-00",,NULL
"1.3.2.10.02.04.002","Router","0136",,"Router Type 2 Gigabit + S",,"Unit","3849600","Pembelian","2019-12-31","DISKOMINSA","Intra","Pengadaan Router dan Akses Point untuk Kebutuhan Interkoneksi E-Aceh (MIGAS ACEH)","0",,"0000-00-00",,NULL
"1.3.2.10.02.04.002","Router","0137",,"Router Type 2 Gigabit + S",,"Unit","3849600","Pembelian","2019-12-31","DISKOMINSA","Intra","Pengadaan Router dan Akses Point untuk Kebutuhan Interkoneksi E-Aceh (MIGAS ACEH)","0",,"0000-00-00",,NULL
"1.3.2.10.02.04.002","Router","0138",,"Router Type 2 Gigabit + S",,"Unit","3849600","Pembelian","2019-12-31","DISKOMINSA","Intra","Pengadaan Router dan Akses Point untuk Kebutuhan Interkoneksi E-Aceh (MIGAS ACEH)","0",,"0000-00-00",,NULL
"1.3.2.10.02.04.002","Router","0139",,"Router Type 2 Gigabit + S",,"Unit","3849600","Pembelian","2019-12-31","DISKOMINSA","Intra","Pengadaan Router dan Akses Point untuk Kebutuhan Interkoneksi E-Aceh (MIGAS ACEH)","0",,"0000-00-00",,NULL
"1.3.2.10.02.04.002","Router","0140",,"Router Type 2 Gigabit + S",,"Unit","3849600","Pembelian","2019-12-31","DISKOMINSA","Intra","Pengadaan Router dan Akses Point untuk Kebutuhan Interkoneksi E-Aceh (MIGAS ACEH)","0",,"0000-00-00",,NULL
"1.3.2.10.02.04.002","Router","0141",,"Router Type 2 Gigabit + S",,"Unit","3849600","Pembelian","2019-12-31","DISKOMINSA","Intra","Pengadaan Router dan Akses Point untuk Kebutuhan Interkoneksi E-Aceh (MIGAS ACEH)","0",,"0000-00-00",,NULL
"1.3.2.10.02.04.002","Router","0142",,"Mikrotik Microbits Dinara",,"Unit","42905100","Pembelian","2020-12-31","DISKOMINSA","Intra","Pengadaan Router (dana otsus)/Rp.214.525.500","0",,"0000-00-00",,NULL
"1.3.2.10.02.04.002","Router","0143",,"Mikrotik Microbits Dinara",,"Unit","42905100","Pembelian","2020-12-31","DISKOMINSA","Intra","Pengadaan Router (dana otsus)/Rp.214.525.500","0",,"0000-00-00",,NULL
"1.3.2.10.02.04.002","Router","0144",,"Mikrotik Microbits Dinara",,"Unit","42905100","Pembelian","2020-12-31","DISKOMINSA","Intra","Pengadaan Router (dana otsus)/Rp.214.525.500","0",,"0000-00-00",,NULL
"1.3.2.10.02.04.002","Router","0145",,"Mikrotik Microbits Dinara",,"Unit","42905100","Pembelian","2020-12-31","DISKOMINSA","Intra","Pengadaan Router (dana otsus)/Rp.214.525.500","0",,"0000-00-00",,NULL
"1.3.2.10.02.04.002","Router","0146",,"Mikrotik Microbits Dinara",,"Unit","42905100","Pembelian","2020-12-31","DISKOMINSA","Intra","Pengadaan Router (dana otsus)/Rp.214.525.500","0",,"0000-00-00",,NULL
"1.3.2.10.02.04.002","Router","0147",,"Mikrobits Dinara RoS Leve",,"Unit","55770000","Pembelian","2020-12-31","DISKOMINSA","Intra","Pengadaan Router (dana otsus)/Rp. 167.310.000","0",,"0000-00-00",,NULL
"1.3.2.10.02.04.002","Router","0148",,"Mikrobits Dinara RoS Leve",,"Unit","55770000","Pembelian","2020-12-31","DISKOMINSA","Intra","Pengadaan Router (dana otsus)/Rp. 167.310.000","0",,"0000-00-00",,NULL
"1.3.2.10.02.04.002","Router","0149",,"Mikrobits Dinara RoS Leve",,"Unit","55770000","Pembelian","2020-12-31","DISKOMINSA","Intra","Pengadaan Router (dana otsus)/Rp. 167.310.000","0",,"0000-00-00",,NULL
"1.3.2.10.02.04.002","Router","0150",,"Ubiquiti UniFi Dream Mach",,"Unit","17586000","Pembelian","2021-12-31","DISKOMINSA","Intra","Pengadaan Decoder CCTV (DAU)","0",,"0000-00-00",,NULL
"1.3.2.10.02.04.002","Router","0151",,"Mikrotik CCR2004 Cloud Co",,"Unit","15785000","Pembelian","2021-12-31","DISKOMINSA","Intra","Pengadaan Sarana dan Prasarana Ruang Server Pemerintah Aceh","0",,"0000-00-00",,NULL
"1.3.2.10.02.04.004","Modem","0006",,,,"Unit","715000","Pembelian","2012-12-31","DISKOMINSA","Extra","Modem, Perangkat Accessories Jaringan","0",,"0000-00-00",,NULL
"1.3.2.10.02.04.004","Modem","0007",,,,"Unit","715000","Pembelian","2012-12-31","DISKOMINSA","Extra","Modem, Perangkat Accessories Jaringan","0",,"0000-00-00",,NULL
"1.3.2.10.02.04.004","Modem","0008",,,,"Unit","715000","Pembelian","2012-12-31","DISKOMINSA","Extra","Modem, Perangkat Accessories Jaringan","0",,"0000-00-00",,NULL
"1.3.2.10.02.04.004","Modem","0009",,,,"Unit","715000","Pembelian","2012-12-31","DISKOMINSA","Extra","Modem, Perangkat Accessories Jaringan","0",,"0000-00-00",,NULL
"1.3.2.10.02.04.004","Modem","0010",,,,"Unit","715000","Pembelian","2012-12-31","DISKOMINSA","Extra","Modem, Perangkat Accessories Jaringan","0",,"0000-00-00",,NULL
"1.3.2.10.02.04.004","Modem","0011",,,,"Unit","715000","Pembelian","2012-12-31","DISKOMINSA","Extra","Modem, Perangkat Accessories Jaringan","0",,"0000-00-00",,NULL
"1.3.2.10.02.04.004","Modem","0012",,,,"Unit","200000","Pembelian","2014-12-31","DISKOMINSA","Extra","KIA","0",,"0000-00-00",,NULL
"1.3.2.10.02.04.004","Modem","0013",,"GSM",,"Unit","588500","Pembelian","2014-12-31","DISKOMINSA","Extra","UPTD Seuramo","0",,"0000-00-00",,NULL
"1.3.2.10.02.04.004","Modem","0014",,"GSM",,"Unit","588500","Pembelian","2014-12-31","DISKOMINSA","Extra","UPTD Seuramo","0",,"0000-00-00",,NULL
"1.3.2.10.02.04.004","Modem","0015",,"GSM",,"Unit","588500","Pembelian","2014-12-31","DISKOMINSA","Extra","UPTD Seuramo","0",,"0000-00-00",,NULL
"1.3.2.10.02.04.004","Modem","0016",,"GSM",,"Unit","588500","Pembelian","2014-12-31","DISKOMINSA","Extra","UPTD Seuramo","0",,"0000-00-00",,NULL
"1.3.2.10.02.04.004","Modem","0017",,"Mifi / Portable",,"Unit","1730000","Pembelian","2015-12-31","DISKOMINSA","Intra","UPTD Telematika/BA: 10/20/BA-PP/2015 (Mifi Portable)","0",,"0000-00-00",,NULL
"1.3.2.10.02.04.004","Modem","0018",,"Mifi / Portable",,"Unit","1730000","Pembelian","2015-12-31","DISKOMINSA","Intra","UPTD Telematika/BA: 10/20/BA-PP/2015 (Mifi Portable)","0",,"0000-00-00",,NULL
"1.3.2.10.02.04.004","Modem","0019",,,,"Unit","528000","Pembelian","2016-12-31","DISKOMINSA","Extra","Modem SMS Gateway -- Aksesoris Jaringan dan Listrik Data Center PSITT BA: 07/16/BA-PP/2016","0",,"0000-00-00",,NULL
"1.3.2.10.02.04.004","Modem","0020",,,,"Unit","528000","Pembelian","2016-12-31","DISKOMINSA","Extra","Modem SMS Gateway -- Aksesoris Jaringan dan Listrik Data Center PSITT BA: 07/16/BA-PP/2016","0",,"0000-00-00",,NULL
"1.3.2.10.02.04.006","Repeater and Transciever","0002",,"Repeater Transceiver (Bui",,"Unit","27555500","Pembelian","2017-12-31","DISKOMINSA","Intra","Repeater Banda Aceh -- Pengadaan Repeater VHF (Complit) Lokasi Pidie Jaya dan Banda Aceh (UPTD Telem","0",,"0000-00-00",,NULL
"1.3.2.10.02.04.008","rack Modem","0001",,"Radyne Comstream / MD 240",,"Unit","143124300","Pembelian","2009-12-31","DISKOMINSA","Intra","TX-L Band SCPC modulator","0",,"0000-00-00",,NULL
"1.3.2.10.02.04.008","rack Modem","0002",,"Radyne Comstream / MD 240",,"Unit","143124300","Pembelian","2009-12-31","DISKOMINSA","Intra","TX-L Band SCPC modulator","0",,"0000-00-00",,NULL
"1.3.2.10.02.04.014","Rak Server","0001",,"Central",,"Unit","16500000","Pembelian","2006-12-31","DISKOMINSA","Intra","Rak Server","0",,"0000-00-00",,NULL
"1.3.2.10.02.04.014","Rak Server","0002",,"Central",,"Unit","16500000","Pembelian","2006-12-31","DISKOMINSA","Intra","Rak Server","0",,"0000-00-00",,NULL
"1.3.2.10.02.04.014","Rak Server","0003",,"Central",,"Unit","16500000","Pembelian","2006-12-31","DISKOMINSA","Intra","Rak Server","0",,"0000-00-00",,NULL
"1.3.2.10.02.04.014","Rak Server","0004",,"ABBA / Rack 42U",,"Unit","22000000","Pembelian","2008-12-31","DISKOMINSA","Intra","Rak Server","0",,"0000-00-00",,NULL
"1.3.2.10.02.04.014","Rak Server","0005",,,,"Unit","6600000","Pembelian","2012-12-31","DISKOMINSA","Intra","Rack 15 U","0",,"0000-00-00",,NULL
"1.3.2.10.02.04.014","Rak Server","0006",,,,"Unit","34721000","Pembelian","2013-12-31","DISKOMINSA","Intra","Rak Server. UPTD Telematika","0",,"0000-00-00",,NULL
"1.3.2.10.02.04.014","Rak Server","0007",,,,"Unit","36850000","Pembelian","2014-12-31","DISKOMINSA","Intra","Rak Server - Bid. PSITT","0",,"0000-00-00",,NULL
"1.3.2.10.02.04.014","Rak Server","0008",,,,"Unit","36850000","Pembelian","2014-12-31","DISKOMINSA","Intra","Rak Server - Bid. PSITT","0",,"0000-00-00",,NULL
"1.3.2.10.02.04.014","Rak Server","0009",,"APC Netshelter 5x 42U Net",,"Unit","29988160","Pembelian","2020-12-31","DISKOMINSA","Intra","Pengadaan Rak Server (DANA OTSUS)/Rp.149.940.800","0",,"0000-00-00",,NULL
"1.3.2.10.02.04.014","Rak Server","0010",,"APC Netshelter 5x 42U Net",,"Unit","29988160","Pembelian","2020-12-31","DISKOMINSA","Intra","Pengadaan Rak Server (DANA OTSUS)/Rp.149.940.800","0",,"0000-00-00",,NULL
"1.3.2.10.02.04.014","Rak Server","0011",,"APC Netshelter 5x 42U Net",,"Unit","29988160","Pembelian","2020-12-31","DISKOMINSA","Intra","Pengadaan Rak Server (DANA OTSUS)/Rp.149.940.800","0",,"0000-00-00",,NULL
"1.3.2.10.02.04.014","Rak Server","0012",,"APC Netshelter 5x 42U Net",,"Unit","29988160","Pembelian","2020-12-31","DISKOMINSA","Intra","Pengadaan Rak Server (DANA OTSUS)/Rp.149.940.800","0",,"0000-00-00",,NULL
"1.3.2.10.02.04.014","Rak Server","0013",,"APC Netshelter 5x 42U Net",,"Unit","29988160","Pembelian","2020-12-31","DISKOMINSA","Intra","Pengadaan Rak Server (DANA OTSUS)/Rp.149.940.800","0",,"0000-00-00",,NULL
"1.3.2.10.02.04.020","CAT 6 Cable","0003",,"Kabel STP Cat 6e",,"Unit","7523500","Pembelian","2015-12-31","DISKOMINSA","Intra","PSITT/BA: 07/06/BA-PP/2015 (Kabel STP Cat 6e)","0",,"0000-00-00",,NULL
"1.3.2.10.02.04.020","CAT 6 Cable","0004",,"Kabel UTP Cat 6e",,"Unit","2310000","Pembelian","2015-12-31","DISKOMINSA","Intra","PSITT/BA: 07/06/BA-PP/2015 (Kabel UTP Cat 6e)","0",,"0000-00-00",,NULL
"1.3.2.10.02.04.020","CAT 6 Cable","0005",,"Kabel UTP Cat 6e",,"Unit","2310000","Pembelian","2015-12-31","DISKOMINSA","Intra","PSITT/BA: 07/06/BA-PP/2015 (Kabel UTP Cat 6e)","0",,"0000-00-00",,NULL
"1.3.2.10.02.04.020","CAT 6 Cable","0006",,"- / FTP Outdoor Cable Cat",,"Unit","4840000","Pembelian","2015-12-31","DISKOMINSA","Intra","PSITT/BA: 07/14/BA-PP/2015 (TFTP Outdoor Cable Cat 6)","0",,"0000-00-00",,NULL
"1.3.2.10.02.04.020","CAT 6 Cable","0007",,"- / FTP Outdoor Cable Cat",,"Unit","4840000","Pembelian","2015-12-31","DISKOMINSA","Intra","PSITT/BA: 07/14/BA-PP/2015 (TFTP Outdoor Cable Cat 6)","0",,"0000-00-00",,NULL
"1.3.2.10.02.04.020","CAT 6 Cable","0008",,"- / FTP Outdoor Cable Cat",,"Unit","4840000","Pembelian","2015-12-31","DISKOMINSA","Intra","PSITT/BA: 07/14/BA-PP/2015 (TFTP Outdoor Cable Cat 6)","0",,"0000-00-00",,NULL
"1.3.2.10.02.04.020","CAT 6 Cable","0009",,"- / Kabel UTP Cat 6E",,"Unit","3060000","Pembelian","2015-12-31","DISKOMINSA","Intra","PSITT/BA: 07/11/BA-PP/2015 (Kabel UTP Cat 6E)","0",,"0000-00-00",,NULL
"1.3.2.10.02.04.020","CAT 6 Cable","0010",,"Kabel LAN CAT 6 Commscope",,"Unit","2372200","Pembelian","2019-12-31","DISKOMINSA","Intra","Pengadaan Aksesoris Jaringan dan Listrik Data Center (MIGAS ACEH)","0",,"0000-00-00",,NULL
"1.3.2.10.02.04.020","CAT 6 Cable","0011",,"Kabel LAN CAT 6 Commscope",,"Unit","2372200","Pembelian","2019-12-31","DISKOMINSA","Intra","Pengadaan Aksesoris Jaringan dan Listrik Data Center (MIGAS ACEH)","0",,"0000-00-00",,NULL
"1.3.2.10.02.04.020","CAT 6 Cable","0012",,"Kabel LAN CAT 6 Commscope",,"Unit","2372200","Pembelian","2019-12-31","DISKOMINSA","Intra","Pengadaan Aksesoris Jaringan dan Listrik Data Center (MIGAS ACEH)","0",,"0000-00-00",,NULL
"1.3.2.10.02.04.021","Kabel UTP","0001",,"Kabel UTP / CAT 5E Indoor",,"Unit","1870000","Pembelian","2016-12-31","DISKOMINSA","Intra","Kabel UTP -- Instalasi Jaringan Lokal Pada Media Center dan shelter Taman Digital PSITT BA:07/08/BA-","0",,"0000-00-00",,NULL
"1.3.2.10.02.04.021","Kabel UTP","0002",,"Kabel UTP / CAT 5E Indoor",,"Unit","1870000","Pembelian","2016-12-31","DISKOMINSA","Intra","Kabel UTP -- Instalasi Jaringan Lokal Pada Media Center dan shelter Taman Digital PSITT BA:07/08/BA-","0",,"0000-00-00",,NULL
"1.3.2.10.02.04.021","Kabel UTP","0003",,"Kabel UTP",,"Unit","3839000","Pembelian","2016-12-31","DISKOMINSA","Intra","Fasilitas Pendukung Jaringan Komunikasi UPTD Telematika BA : 10/01/BA-PP/2016","0",,"0000-00-00",,NULL
"1.3.2.10.02.04.021","Kabel UTP","0004",,"Kabel UTP",,"Unit","3839000","Pembelian","2016-12-31","DISKOMINSA","Intra","Fasilitas Pendukung Jaringan Komunikasi UPTD Telematika BA : 10/01/BA-PP/2016","0",,"0000-00-00",,NULL
"1.3.2.10.02.04.021","Kabel UTP","0005",,"Kabel UTP",,"Unit","3839000","Pembelian","2016-12-31","DISKOMINSA","Intra","Fasilitas Pendukung Jaringan Komunikasi UPTD Telematika BA : 10/01/BA-PP/2016","0",,"0000-00-00",,NULL
"1.3.2.10.02.04.021","Kabel UTP","0006",,"Kabel UTP",,"Unit","3839000","Pembelian","2016-12-31","DISKOMINSA","Intra","Fasilitas Pendukung Jaringan Komunikasi UPTD Telematika BA : 10/01/BA-PP/2016","0",,"0000-00-00",,NULL
"1.3.2.10.02.04.021","Kabel UTP","0007",,"Kabel UTP",,"Unit","3839000","Pembelian","2016-12-31","DISKOMINSA","Intra","Fasilitas Pendukung Jaringan Komunikasi UPTD Telematika BA : 10/01/BA-PP/2016","0",,"0000-00-00",,NULL
"1.3.2.10.02.04.021","Kabel UTP","0008",,"Kabel UTP",,"Unit","3839000","Pembelian","2016-12-31","DISKOMINSA","Intra","Fasilitas Pendukung Jaringan Komunikasi UPTD Telematika BA : 10/01/BA-PP/2016","0",,"0000-00-00",,NULL
"1.3.2.10.02.04.021","Kabel UTP","0009",,"Kabel UTP",,"Unit","3839000","Pembelian","2016-12-31","DISKOMINSA","Intra","Fasilitas Pendukung Jaringan Komunikasi UPTD Telematika BA : 10/01/BA-PP/2016","0",,"0000-00-00",,NULL
"1.3.2.10.02.04.021","Kabel UTP","0010",,"Kabel UTP",,"Unit","3839000","Pembelian","2016-12-31","DISKOMINSA","Intra","Fasilitas Pendukung Jaringan Komunikasi UPTD Telematika BA : 10/01/BA-PP/2016","0",,"0000-00-00",,NULL
"1.3.2.10.02.04.021","Kabel UTP","0011",,"Kabel UTP",,"Unit","3839000","Pembelian","2016-12-31","DISKOMINSA","Intra","Fasilitas Pendukung Jaringan Komunikasi UPTD Telematika BA : 10/01/BA-PP/2016","0",,"0000-00-00",,NULL
"1.3.2.10.02.04.021","Kabel UTP","0012",,"Kabel UTP",,"Unit","3839000","Pembelian","2016-12-31","DISKOMINSA","Intra","Fasilitas Pendukung Jaringan Komunikasi UPTD Telematika BA : 10/01/BA-PP/2016","0",,"0000-00-00",,NULL
"1.3.2.10.02.04.021","Kabel UTP","0013",,"Kabel UTP",,"Unit","3839000","Pembelian","2016-12-31","DISKOMINSA","Intra","Fasilitas Pendukung Jaringan Komunikasi UPTD Telematika BA : 10/01/BA-PP/2016","0",,"0000-00-00",,NULL
"1.3.2.10.02.04.021","Kabel UTP","0014",,"Kabel UTP",,"Unit","3839000","Pembelian","2016-12-31","DISKOMINSA","Intra","Fasilitas Pendukung Jaringan Komunikasi UPTD Telematika BA : 10/01/BA-PP/2016","0",,"0000-00-00",,NULL
"1.3.2.10.02.04.021","Kabel UTP","0015",,"Kabel UTP",,"Unit","3839000","Pembelian","2016-12-31","DISKOMINSA","Intra","Fasilitas Pendukung Jaringan Komunikasi UPTD Telematika BA : 10/01/BA-PP/2016","0",,"0000-00-00",,NULL
"1.3.2.10.02.04.021","Kabel UTP","0016",,"Kabel UTP",,"Unit","3839000","Pembelian","2016-12-31","DISKOMINSA","Intra","Fasilitas Pendukung Jaringan Komunikasi UPTD Telematika BA : 10/01/BA-PP/2016","0",,"0000-00-00",,NULL
"1.3.2.10.02.04.021","Kabel UTP","0017",,"Kabel UTP Outdoor",,"Unit","2277000","Pembelian","2017-12-31","DISKOMINSA","Intra","Kabel UTP Outdoor -- Pengadaan Fasilitas Pendukung Jaringan Komunikasi (UPTD Telematika) BAST No. 11","0",,"0000-00-00",,NULL
"1.3.2.10.02.04.021","Kabel UTP","0018",,"Kabel UTP Outdoor",,"Unit","2277000","Pembelian","2017-12-31","DISKOMINSA","Intra","Kabel UTP Outdoor -- Pengadaan Fasilitas Pendukung Jaringan Komunikasi (UPTD Telematika) BAST No. 11","0",,"0000-00-00",,NULL
"1.3.2.10.02.04.021","Kabel UTP","0019",,"Kabel UTP Outdoor",,"Unit","2277000","Pembelian","2017-12-31","DISKOMINSA","Intra","Kabel UTP Outdoor -- Pengadaan Fasilitas Pendukung Jaringan Komunikasi (UPTD Telematika) BAST No. 11","0",,"0000-00-00",,NULL
"1.3.2.10.02.04.021","Kabel UTP","0020",,"Kabel UTP Outdoor",,"Unit","2277000","Pembelian","2017-12-31","DISKOMINSA","Intra","Kabel UTP Outdoor -- Pengadaan Fasilitas Pendukung Jaringan Komunikasi (UPTD Telematika) BAST No. 11","0",,"0000-00-00",,NULL
"1.3.2.10.02.04.021","Kabel UTP","0021",,"Kabel UTP Outdoor",,"Unit","2277000","Pembelian","2017-12-31","DISKOMINSA","Intra","Kabel UTP Outdoor -- Pengadaan Fasilitas Pendukung Jaringan Komunikasi (UPTD Telematika) BAST No. 11","0",,"0000-00-00",,NULL
"1.3.2.10.02.04.021","Kabel UTP","0022",,"Kabel UTP Outdoor",,"Unit","2277000","Pembelian","2017-12-31","DISKOMINSA","Intra","Kabel UTP Outdoor -- Pengadaan Fasilitas Pendukung Jaringan Komunikasi (UPTD Telematika) BAST No. 11","0",,"0000-00-00",,NULL
"1.3.2.10.02.04.021","Kabel UTP","0023",,"Kabel UTP Outdoor",,"Unit","2277000","Pembelian","2017-12-31","DISKOMINSA","Intra","Kabel UTP Outdoor -- Pengadaan Fasilitas Pendukung Jaringan Komunikasi (UPTD Telematika) BAST No. 11","0",,"0000-00-00",,NULL
"1.3.2.10.02.04.021","Kabel UTP","0024",,"Kabel UTP Outdoor",,"Unit","2277000","Pembelian","2017-12-31","DISKOMINSA","Intra","Kabel UTP Outdoor -- Pengadaan Fasilitas Pendukung Jaringan Komunikasi (UPTD Telematika) BAST No. 11","0",,"0000-00-00",,NULL
"1.3.2.10.02.04.021","Kabel UTP","0025",,"Kabel UTP Outdoor",,"Unit","2277000","Pembelian","2017-12-31","DISKOMINSA","Intra","Kabel UTP Outdoor -- Pengadaan Fasilitas Pendukung Jaringan Komunikasi (UPTD Telematika) BAST No. 11","0",,"0000-00-00",,NULL
"1.3.2.10.02.04.021","Kabel UTP","0026",,"Kabel UTP Outdoor",,"Unit","2277000","Pembelian","2017-12-31","DISKOMINSA","Intra","Kabel UTP Outdoor -- Pengadaan Fasilitas Pendukung Jaringan Komunikasi (UPTD Telematika) BAST No. 11","0",,"0000-00-00",,NULL
"1.3.2.10.02.04.021","Kabel UTP","0027",,"Kabel UTP Outdoor",,"Unit","2277000","Pembelian","2017-12-31","DISKOMINSA","Intra","Kabel UTP Outdoor -- Pengadaan Fasilitas Pendukung Jaringan Komunikasi (UPTD Telematika) BAST No. 11","0",,"0000-00-00",,NULL
"1.3.2.10.02.04.021","Kabel UTP","0028",,"Kabel UTP Outdoor",,"Unit","2277000","Pembelian","2017-12-31","DISKOMINSA","Intra","Kabel UTP Outdoor -- Pengadaan Fasilitas Pendukung Jaringan Komunikasi (UPTD Telematika) BAST No. 11","0",,"0000-00-00",,NULL
"1.3.2.10.02.04.021","Kabel UTP","0029",,"Kabel UTP Outdoor",,"Unit","2277000","Pembelian","2017-12-31","DISKOMINSA","Intra","Kabel UTP Outdoor -- Pengadaan Fasilitas Pendukung Jaringan Komunikasi (UPTD Telematika) BAST No. 11","0",,"0000-00-00",,NULL
"1.3.2.10.02.04.021","Kabel UTP","0030",,"Kabel UTP Outdoor",,"Unit","2277000","Pembelian","2017-12-31","DISKOMINSA","Intra","Kabel UTP Outdoor -- Pengadaan Fasilitas Pendukung Jaringan Komunikasi (UPTD Telematika) BAST No. 11","0",,"0000-00-00",,NULL
"1.3.2.10.02.04.021","Kabel UTP","0031",,"Kabel UTP Outdoor",,"Unit","2277000","Pembelian","2017-12-31","DISKOMINSA","Intra","Kabel UTP Outdoor -- Pengadaan Fasilitas Pendukung Jaringan Komunikasi (UPTD Telematika) BAST No. 11","0",,"0000-00-00",,NULL
"1.3.2.10.02.04.021","Kabel UTP","0032",,"Kabel UTP Outdoor",,"Unit","2277000","Pembelian","2017-12-31","DISKOMINSA","Intra","Kabel UTP Outdoor -- Pengadaan Fasilitas Pendukung Jaringan Komunikasi (UPTD Telematika) BAST No. 11","0",,"0000-00-00",,NULL
"1.3.2.10.02.04.021","Kabel UTP","0033",,"Kabel UTP Cat 5 Ubiquiti",,"Unit","3146000","Pembelian","2020-12-31","DISKOMINSA","Intra","Pengadaan Kabel UTP Cat 5/Rp.31.460.000","0",,"0000-00-00",,NULL
"1.3.2.10.02.04.021","Kabel UTP","0034",,"Kabel UTP Cat 5 Ubiquiti",,"Unit","3146000","Pembelian","2020-12-31","DISKOMINSA","Intra","Pengadaan Kabel UTP Cat 5/Rp.31.460.000","0",,"0000-00-00",,NULL
"1.3.2.10.02.04.021","Kabel UTP","0035",,"Kabel UTP Cat 5 Ubiquiti",,"Unit","3146000","Pembelian","2020-12-31","DISKOMINSA","Intra","Pengadaan Kabel UTP Cat 5/Rp.31.460.000","0",,"0000-00-00",,NULL
"1.3.2.10.02.04.021","Kabel UTP","0036",,"Kabel UTP Cat 5 Ubiquiti",,"Unit","3146000","Pembelian","2020-12-31","DISKOMINSA","Intra","Pengadaan Kabel UTP Cat 5/Rp.31.460.000","0",,"0000-00-00",,NULL
"1.3.2.10.02.04.021","Kabel UTP","0037",,"Kabel UTP Cat 5 Ubiquiti",,"Unit","3146000","Pembelian","2020-12-31","DISKOMINSA","Intra","Pengadaan Kabel UTP Cat 5/Rp.31.460.000","0",,"0000-00-00",,NULL
"1.3.2.10.02.04.021","Kabel UTP","0038",,"Kabel UTP Cat 5 Ubiquiti",,"Unit","3146000","Pembelian","2020-12-31","DISKOMINSA","Intra","Pengadaan Kabel UTP Cat 5/Rp.31.460.000","0",,"0000-00-00",,NULL
"1.3.2.10.02.04.021","Kabel UTP","0039",,"Kabel UTP Cat 5 Ubiquiti",,"Unit","3146000","Pembelian","2020-12-31","DISKOMINSA","Intra","Pengadaan Kabel UTP Cat 5/Rp.31.460.000","0",,"0000-00-00",,NULL
"1.3.2.10.02.04.021","Kabel UTP","0040",,"Kabel UTP Cat 5 Ubiquiti",,"Unit","3146000","Pembelian","2020-12-31","DISKOMINSA","Intra","Pengadaan Kabel UTP Cat 5/Rp.31.460.000","0",,"0000-00-00",,NULL
"1.3.2.10.02.04.021","Kabel UTP","0041",,"Kabel UTP Cat 5 Ubiquiti",,"Unit","3146000","Pembelian","2020-12-31","DISKOMINSA","Intra","Pengadaan Kabel UTP Cat 5/Rp.31.460.000","0",,"0000-00-00",,NULL
"1.3.2.10.02.04.021","Kabel UTP","0042",,"Kabel UTP Cat 5 Ubiquiti",,"Unit","3146000","Pembelian","2020-12-31","DISKOMINSA","Intra","Pengadaan Kabel UTP Cat 5/Rp.31.460.000","0",,"0000-00-00",,NULL
"1.3.2.10.02.04.021","Kabel UTP","0043",,"Cabel AMP UTP CAT 6 305",,"Unit","2992000","Pembelian","2020-12-31","DISKOMINSA","Intra","Pengadaan Kabel LAN CAT 6 UTP dan RJ 45 CAT 6 (OTSUS)/Rp.38.590.000","0",,"0000-00-00",,NULL
"1.3.2.10.02.04.021","Kabel UTP","0044",,"Cabel AMP UTP CAT 6 305",,"Unit","2992000","Pembelian","2020-12-31","DISKOMINSA","Intra","Pengadaan Kabel LAN CAT 6 UTP dan RJ 45 CAT 6 (OTSUS)/Rp.38.590.000","0",,"0000-00-00",,NULL
"1.3.2.10.02.04.021","Kabel UTP","0045",,"Cabel AMP UTP CAT 6 305",,"Unit","2992000","Pembelian","2020-12-31","DISKOMINSA","Intra","Pengadaan Kabel LAN CAT 6 UTP dan RJ 45 CAT 6 (OTSUS)/Rp.38.590.000","0",,"0000-00-00",,NULL
"1.3.2.10.02.04.021","Kabel UTP","0046",,"Cabel AMP UTP CAT 6 305",,"Unit","2992000","Pembelian","2020-12-31","DISKOMINSA","Intra","Pengadaan Kabel LAN CAT 6 UTP dan RJ 45 CAT 6 (OTSUS)/Rp.38.590.000","0",,"0000-00-00",,NULL
"1.3.2.10.02.04.021","Kabel UTP","0047",,"Cabel AMP UTP CAT 6 305",,"Unit","2992000","Pembelian","2020-12-31","DISKOMINSA","Intra","Pengadaan Kabel LAN CAT 6 UTP dan RJ 45 CAT 6 (OTSUS)/Rp.38.590.000","0",,"0000-00-00",,NULL
"1.3.2.10.02.04.021","Kabel UTP","0048",,"Cabel AMP UTP CAT 6 305",,"Unit","2992000","Pembelian","2020-12-31","DISKOMINSA","Intra","Pengadaan Kabel LAN CAT 6 UTP dan RJ 45 CAT 6 (OTSUS)/Rp.38.590.000","0",,"0000-00-00",,NULL
"1.3.2.10.02.04.021","Kabel UTP","0049",,"Cabel AMP UTP CAT 6 305",,"Unit","2992000","Pembelian","2020-12-31","DISKOMINSA","Intra","Pengadaan Kabel LAN CAT 6 UTP dan RJ 45 CAT 6 (OTSUS)/Rp.38.590.000","0",,"0000-00-00",,NULL
"1.3.2.10.02.04.021","Kabel UTP","0050",,"Cabel AMP UTP CAT 6 305",,"Unit","2992000","Pembelian","2020-12-31","DISKOMINSA","Intra","Pengadaan Kabel LAN CAT 6 UTP dan RJ 45 CAT 6 (OTSUS)/Rp.38.590.000","0",,"0000-00-00",,NULL
"1.3.2.10.02.04.021","Kabel UTP","0051",,"Cabel AMP UTP CAT 6 305",,"Unit","2992000","Pembelian","2020-12-31","DISKOMINSA","Intra","Pengadaan Kabel LAN CAT 6 UTP dan RJ 45 CAT 6 (OTSUS)/Rp.38.590.000","0",,"0000-00-00",,NULL
"1.3.2.10.02.04.021","Kabel UTP","0052",,"Cabel AMP UTP CAT 6 305",,"Unit","2992000","Pembelian","2020-12-31","DISKOMINSA","Intra","Pengadaan Kabel LAN CAT 6 UTP dan RJ 45 CAT 6 (OTSUS)/Rp.38.590.000","0",,"0000-00-00",,NULL
"1.3.2.10.02.04.021","Kabel UTP","0053",,"Cabel AMP UTP CAT 6 305",,"Unit","2992000","Pembelian","2020-12-31","DISKOMINSA","Intra","Pengadaan Kabel LAN CAT 6 UTP dan RJ 45 CAT 6 (OTSUS)/Rp.38.590.000","0",,"0000-00-00",,NULL
"1.3.2.10.02.04.021","Kabel UTP","0054",,"Cabel AMP UTP CAT 6 305",,"Unit","2992000","Pembelian","2020-12-31","DISKOMINSA","Intra","Pengadaan Kabel LAN CAT 6 UTP dan RJ 45 CAT 6 (OTSUS)/Rp.38.590.000","0",,"0000-00-00",,NULL
"1.3.2.10.02.04.022","Wireless PCI Card","0001",,"Minipci / W BG",,"Unit","1518000","Pembelian","2012-12-31","DISKOMINSA","Intra","XR2 Wireless, Perangkat Accessories Jaringan","0",,"0000-00-00",,NULL
"1.3.2.10.02.04.022","Wireless PCI Card","0002",,"Minipci / W BG",,"Unit","1518000","Pembelian","2012-12-31","DISKOMINSA","Intra","XR2 Wireless, Perangkat Accessories Jaringan","0",,"0000-00-00",,NULL
"1.3.2.10.02.04.022","Wireless PCI Card","0003",,"Minipci / W BG",,"Unit","1518000","Pembelian","2012-12-31","DISKOMINSA","Intra","XR2 Wireless, Perangkat Accessories Jaringan","0",,"0000-00-00",,NULL
"1.3.2.10.02.04.022","Wireless PCI Card","0004",,"Minipci / W BG",,"Unit","1518000","Pembelian","2012-12-31","DISKOMINSA","Intra","XR2 Wireless, Perangkat Accessories Jaringan","0",,"0000-00-00",,NULL
"1.3.2.10.02.04.022","Wireless PCI Card","0005",,"Minipci / W BG",,"Unit","1518000","Pembelian","2012-12-31","DISKOMINSA","Intra","XR2 Wireless, Perangkat Accessories Jaringan","0",,"0000-00-00",,NULL
"1.3.2.10.02.04.022","Wireless PCI Card","0006",,"Minipci / W BG",,"Unit","1518000","Pembelian","2012-12-31","DISKOMINSA","Intra","XR2 Wireless, Perangkat Accessories Jaringan","0",,"0000-00-00",,NULL
"1.3.2.10.02.04.023","Wireless Access Point","0001",,"Peralatan Perangkat Keras",,"Unit","1198162000","Hibah","2007-12-31","DISKOMINSA","Intra","Pengadaan dan pemasangan Peralatan Perangkat Keras Pelatihan dan Pengolahan Data (Provinsi NAD) No.","0",,"0000-00-00",,NULL
"1.3.2.10.02.04.023","Wireless Access Point","0002",,"Perangkat Jaringan Komuni",,"Unit","2147483647","Hibah","2007-12-31","DISKOMINSA","Intra","Pengadaan dan Pemasangan Peralatan Perangkat Jaringan Komunikasi Data Provinsi NAD (Tersebar di Prov","0",,"0000-00-00",,NULL
"1.3.2.10.02.04.023","Wireless Access Point","0003",,,,"Unit","1645380000","Pembelian","2008-12-31","DISKOMINSA","Intra","Reklas dari TDF (2020) Perangkat WIFI Untuk 7 Kab/Kota,Lengkap Dengan Komponen nya.","0",,"0000-00-00",,NULL
"1.3.2.10.02.04.023","Wireless Access Point","0006",,"ATHEROS / AR 2313",,"Unit","1925000","Pembelian","2011-12-31","DISKOMINSA","Intra","Power Station Ubiquiti PS2 - 17D","0",,"0000-00-00",,NULL
"1.3.2.10.02.04.023","Wireless Access Point","0007",,"ATHEROS / AR 2313",,"Unit","1925000","Pembelian","2011-12-31","DISKOMINSA","Intra","Power Station Ubiquiti PS2 - 17D","0",,"0000-00-00",,NULL
"1.3.2.10.02.04.023","Wireless Access Point","0008",,"DATA LINK / DWL-3200 AP",,"Unit","2420000","Pembelian","2011-12-31","DISKOMINSA","Intra","Wireless LAN Access","0",,"0000-00-00",,NULL
"1.3.2.10.02.04.023","Wireless Access Point","0009",,"DATA LINK / DWL-3200 AP",,"Unit","2420000","Pembelian","2011-12-31","DISKOMINSA","Intra","Wireless LAN Access","0",,"0000-00-00",,NULL
"1.3.2.10.02.04.023","Wireless Access Point","0010",,"DATA LINK / DWL-3200 AP",,"Unit","2420000","Pembelian","2011-12-31","DISKOMINSA","Intra","Wireless LAN Access","0",,"0000-00-00",,NULL
"1.3.2.10.02.04.023","Wireless Access Point","0011",,"DATA LINK / DWL-3200 AP",,"Unit","2420000","Pembelian","2011-12-31","DISKOMINSA","Intra","Wireless LAN Access","0",,"0000-00-00",,NULL
"1.3.2.10.02.04.023","Wireless Access Point","0012",,"DATA LINK / DWL-3200 AP",,"Unit","2420000","Pembelian","2011-12-31","DISKOMINSA","Intra","Wireless LAN Access","0",,"0000-00-00",,NULL
"1.3.2.10.02.04.023","Wireless Access Point","0013",,"DATA LINK / DWL-3200 AP",,"Unit","2420000","Pembelian","2011-12-31","DISKOMINSA","Intra","Wireless LAN Access","0",,"0000-00-00",,NULL
"1.3.2.10.02.04.023","Wireless Access Point","0014",,"3 COM /  3Crewer 200 - 75",,"Unit","1265000","Pembelian","2011-12-31","DISKOMINSA","Intra","3Com 3Crewer 200 - 75","0",,"0000-00-00",,NULL
"1.3.2.10.02.04.023","Wireless Access Point","0015",,"3 COM /  3Crewer 200 - 75",,"Unit","1265000","Pembelian","2011-12-31","DISKOMINSA","Intra","3Com 3Crewer 200 - 75","0",,"0000-00-00",,NULL
"1.3.2.10.02.04.023","Wireless Access Point","0016",,,,"Unit","1210000","Pembelian","2012-12-31","DISKOMINSA","Intra","Bridge, Wireelees Indoor Komplit","0",,"0000-00-00",,NULL
"1.3.2.10.02.04.023","Wireless Access Point","0017",,,,"Unit","1210000","Pembelian","2012-12-31","DISKOMINSA","Intra","Bridge, Wireelees Indoor Komplit","0",,"0000-00-00",,NULL
"1.3.2.10.02.04.023","Wireless Access Point","0018",,,,"Unit","1210000","Pembelian","2012-12-31","DISKOMINSA","Intra","Bridge, Wireelees Indoor Komplit","0",,"0000-00-00",,NULL
"1.3.2.10.02.04.023","Wireless Access Point","0019",,,,"Unit","1210000","Pembelian","2012-12-31","DISKOMINSA","Intra","Bridge, Wireelees Indoor Komplit","0",,"0000-00-00",,NULL
"1.3.2.10.02.04.023","Wireless Access Point","0020",,,,"Unit","1210000","Pembelian","2012-12-31","DISKOMINSA","Intra","Bridge, Wireelees Indoor Komplit","0",,"0000-00-00",,NULL
"1.3.2.10.02.04.023","Wireless Access Point","0021",,,,"Unit","3558500","Pembelian","2012-12-31","DISKOMINSA","Intra","Power Bridge, Wireelees Outdoor Komplit","0",,"0000-00-00",,NULL
"1.3.2.10.02.04.023","Wireless Access Point","0022",,,,"Unit","3558500","Pembelian","2012-12-31","DISKOMINSA","Intra","Power Bridge, Wireelees Outdoor Komplit","0",,"0000-00-00",,NULL
"1.3.2.10.02.04.023","Wireless Access Point","0023",,,,"Unit","3558500","Pembelian","2012-12-31","DISKOMINSA","Intra","Power Bridge, Wireelees Outdoor Komplit","0",,"0000-00-00",,NULL
"1.3.2.10.02.04.023","Wireless Access Point","0024",,,,"Unit","3558500","Pembelian","2012-12-31","DISKOMINSA","Intra","Power Bridge, Wireelees Outdoor Komplit","0",,"0000-00-00",,NULL
"1.3.2.10.02.04.023","Wireless Access Point","0025",,,,"Unit","5280000","Pembelian","2012-12-31","DISKOMINSA","Intra","Wireless Outdoor, Wireelees Outdoor Komplit","0",,"0000-00-00",,NULL
"1.3.2.10.02.04.023","Wireless Access Point","0026",,,,"Unit","5280000","Pembelian","2012-12-31","DISKOMINSA","Intra","Wireless Outdoor, Wireelees Outdoor Komplit","0",,"0000-00-00",,NULL
"1.3.2.10.02.04.023","Wireless Access Point","0027",,,,"Unit","5280000","Pembelian","2012-12-31","DISKOMINSA","Intra","Wireless Outdoor, Wireelees Outdoor Komplit","0",,"0000-00-00",,NULL
"1.3.2.10.02.04.023","Wireless Access Point","0028",,,,"Unit","5280000","Pembelian","2012-12-31","DISKOMINSA","Intra","Wireless Outdoor, Wireelees Outdoor Komplit","0",,"0000-00-00",,NULL
"1.3.2.10.02.04.023","Wireless Access Point","0029",,,,"Unit","5280000","Pembelian","2012-12-31","DISKOMINSA","Intra","Wireless Outdoor, Wireelees Outdoor Komplit","0",,"0000-00-00",,NULL
"1.3.2.10.02.04.023","Wireless Access Point","0030",,,,"Unit","5280000","Pembelian","2012-12-31","DISKOMINSA","Intra","Wireless Outdoor, Wireelees Outdoor Komplit","0",,"0000-00-00",,NULL
"1.3.2.10.02.04.023","Wireless Access Point","0031",,,,"Unit","5280000","Pembelian","2012-12-31","DISKOMINSA","Intra","Wireless Outdoor, Wireelees Outdoor Komplit","0",,"0000-00-00",,NULL
"1.3.2.10.02.04.023","Wireless Access Point","0032",,,,"Unit","5280000","Pembelian","2012-12-31","DISKOMINSA","Intra","Wireless Outdoor, Wireelees Outdoor Komplit","0",,"0000-00-00",,NULL
"1.3.2.10.02.04.023","Wireless Access Point","0033",,"Booster / Indoor",,"Unit","583000","Pembelian","2012-12-31","DISKOMINSA","Extra","Reklas dari TDF (2020), Booster, Perangkat Accessories Jaringan","0",,"0000-00-00",,NULL
"1.3.2.10.02.04.023","Wireless Access Point","0034",,"Booster / Indoor",,"Unit","583000","Pembelian","2012-12-31","DISKOMINSA","Extra","Reklas dari TDF (2020), Booster, Perangkat Accessories Jaringan","0",,"0000-00-00",,NULL
"1.3.2.10.02.04.023","Wireless Access Point","0035",,"Booster / Indoor",,"Unit","583000","Pembelian","2012-12-31","DISKOMINSA","Extra","Reklas dari TDF (2020), Booster, Perangkat Accessories Jaringan","0",,"0000-00-00",,NULL
"1.3.2.10.02.04.023","Wireless Access Point","0036",,"Booster / Indoor",,"Unit","583000","Pembelian","2012-12-31","DISKOMINSA","Extra","Reklas dari TDF (2020), Booster, Perangkat Accessories Jaringan","0",,"0000-00-00",,NULL
"1.3.2.10.02.04.023","Wireless Access Point","0037",,,,"Unit","74050000","Pembelian","2013-12-31","DISKOMINSA","Intra","Wireelees Outdoor dan Indoor Komplit","0",,"0000-00-00",,NULL
"1.3.2.10.02.04.023","Wireless Access Point","0038",,,,"Unit","2413500","Pembelian","2014-12-31","DISKOMINSA","Intra","Wireless Indoor - UPTD Telematika","0",,"0000-00-00",,NULL
"1.3.2.10.02.04.023","Wireless Access Point","0039",,,,"Unit","2413500","Pembelian","2014-12-31","DISKOMINSA","Intra","Wireless Indoor - UPTD Telematika","0",,"0000-00-00",,NULL
"1.3.2.10.02.04.023","Wireless Access Point","0040",,,,"Unit","2413500","Pembelian","2014-12-31","DISKOMINSA","Intra","Wireless Indoor - UPTD Telematika","0",,"0000-00-00",,NULL
"1.3.2.10.02.04.023","Wireless Access Point","0041",,,,"Unit","2413500","Pembelian","2014-12-31","DISKOMINSA","Intra","Wireless Indoor - UPTD Telematika","0",,"0000-00-00",,NULL
"1.3.2.10.02.04.023","Wireless Access Point","0042",,,,"Unit","2413500","Pembelian","2014-12-31","DISKOMINSA","Intra","Wireless Indoor - UPTD Telematika","0",,"0000-00-00",,NULL
"1.3.2.10.02.04.023","Wireless Access Point","0043",,,,"Unit","2413500","Pembelian","2014-12-31","DISKOMINSA","Intra","Wireless Indoor - UPTD Telematika","0",,"0000-00-00",,NULL
"1.3.2.10.02.04.023","Wireless Access Point","0044",,,,"Unit","9834000","Pembelian","2014-12-31","DISKOMINSA","Intra","Wireless Outdoor","0",,"0000-00-00",,NULL
"1.3.2.10.02.04.023","Wireless Access Point","0045",,,,"Unit","9834000","Pembelian","2014-12-31","DISKOMINSA","Intra","Wireless Outdoor","0",,"0000-00-00",,NULL
"1.3.2.10.02.04.023","Wireless Access Point","0046",,,,"Unit","9834000","Pembelian","2014-12-31","DISKOMINSA","Intra","Wireless Outdoor","0",,"0000-00-00",,NULL
"1.3.2.10.02.04.023","Wireless Access Point","0047",,"Linksys N300",,"Unit","1540000","Pembelian","2014-12-31","DISKOMINSA","Intra","Wireless Bridge - Bidang PSITT","0",,"0000-00-00",,NULL
"1.3.2.10.02.04.023","Wireless Access Point","0048",,"Linksys N300",,"Unit","1540000","Pembelian","2014-12-31","DISKOMINSA","Intra","Wireless Bridge - Bidang PSITT","0",,"0000-00-00",,NULL
"1.3.2.10.02.04.023","Wireless Access Point","0049",,"Linksys",,"Unit","2200000","Pembelian","2014-12-31","DISKOMINSA","Intra","Bidang PSITT","0",,"0000-00-00",,NULL
"1.3.2.10.02.04.023","Wireless Access Point","0050",,"Linksys",,"Unit","2200000","Pembelian","2014-12-31","DISKOMINSA","Intra","Bidang PSITT","0",,"0000-00-00",,NULL
"1.3.2.10.02.04.023","Wireless Access Point","0051",,"Linksys",,"Unit","2200000","Pembelian","2014-12-31","DISKOMINSA","Intra","Bidang PSITT","0",,"0000-00-00",,NULL
"1.3.2.10.02.04.023","Wireless Access Point","0052",,,,"Unit","2691000","Pembelian","2014-12-31","DISKOMINSA","Intra","Wifi Outdoor - UPTD Seuramo","0",,"0000-00-00",,NULL
"1.3.2.10.02.04.023","Wireless Access Point","0053",,"Wireless Bridge Indoor",,"Unit","1287000","Pembelian","2015-12-31","DISKOMINSA","Intra","PSITT/BA: 07/06/BA-PP/2015 (Wireless Bridge Indoor)","0",,"0000-00-00",,NULL
"1.3.2.10.02.04.023","Wireless Access Point","0054",,"Wireless Bridge Indoor",,"Unit","1287000","Pembelian","2015-12-31","DISKOMINSA","Intra","PSITT/BA: 07/06/BA-PP/2015 (Wireless Bridge Indoor)","0",,"0000-00-00",,NULL
"1.3.2.10.02.04.023","Wireless Access Point","0055",,"Wireless",,"Unit","2350000","Pembelian","2015-12-31","DISKOMINSA","Intra","UPTD Telematika/BA: 10/12/BA-PP/2015 (Wireless Indoor Long Range)","0",,"0000-00-00",,NULL
"1.3.2.10.02.04.023","Wireless Access Point","0056",,"Wireless",,"Unit","2350000","Pembelian","2015-12-31","DISKOMINSA","Intra","UPTD Telematika/BA: 10/12/BA-PP/2015 (Wireless Indoor Long Range)","0",,"0000-00-00",,NULL
"1.3.2.10.02.04.023","Wireless Access Point","0057",,"Wireless",,"Unit","2350000","Pembelian","2015-12-31","DISKOMINSA","Intra","UPTD Telematika/BA: 10/12/BA-PP/2015 (Wireless Indoor Long Range)","0",,"0000-00-00",,NULL
"1.3.2.10.02.04.023","Wireless Access Point","0058",,"Wireless",,"Unit","2350000","Pembelian","2015-12-31","DISKOMINSA","Intra","UPTD Telematika/BA: 10/12/BA-PP/2015 (Wireless Indoor Long Range)","0",,"0000-00-00",,NULL
"1.3.2.10.02.04.023","Wireless Access Point","0059",,"Wireless",,"Unit","2350000","Pembelian","2015-12-31","DISKOMINSA","Intra","UPTD Telematika/BA: 10/12/BA-PP/2015 (Wireless Indoor Long Range)","0",,"0000-00-00",,NULL
"1.3.2.10.02.04.023","Wireless Access Point","0060",,"Wireless",,"Unit","2350000","Pembelian","2015-12-31","DISKOMINSA","Intra","UPTD Telematika/BA: 10/12/BA-PP/2015 (Wireless Indoor Long Range)","0",,"0000-00-00",,NULL
"1.3.2.10.02.04.023","Wireless Access Point","0061",,"Wireless",,"Unit","2350000","Pembelian","2015-12-31","DISKOMINSA","Intra","UPTD Telematika/BA: 10/12/BA-PP/2015 (Wireless Indoor Long Range)","0",,"0000-00-00",,NULL
"1.3.2.10.02.04.023","Wireless Access Point","0062",,"Wireless",,"Unit","2350000","Pembelian","2015-12-31","DISKOMINSA","Intra","UPTD Telematika/BA: 10/12/BA-PP/2015 (Wireless Indoor Long Range)","0",,"0000-00-00",,NULL
"1.3.2.10.02.04.023","Wireless Access Point","0063",,"Wireless",,"Unit","2350000","Pembelian","2015-12-31","DISKOMINSA","Intra","UPTD Telematika/BA: 10/12/BA-PP/2015 (Wireless Indoor Long Range)","0",,"0000-00-00",,NULL
"1.3.2.10.02.04.023","Wireless Access Point","0064",,"Wireless",,"Unit","2350000","Pembelian","2015-12-31","DISKOMINSA","Intra","UPTD Telematika/BA: 10/12/BA-PP/2015 (Wireless Indoor Long Range)","0",,"0000-00-00",,NULL
"1.3.2.10.02.04.023","Wireless Access Point","0065",,"Wireless",,"Unit","2350000","Pembelian","2015-12-31","DISKOMINSA","Intra","UPTD Telematika/BA: 10/12/BA-PP/2015 (Wireless Indoor Long Range)","0",,"0000-00-00",,NULL
"1.3.2.10.02.04.023","Wireless Access Point","0066",,"Wireless",,"Unit","2350000","Pembelian","2015-12-31","DISKOMINSA","Intra","UPTD Telematika/BA: 10/12/BA-PP/2015 (Wireless Indoor Long Range)","0",,"0000-00-00",,NULL
"1.3.2.05.01.05.002","CCTV - Camera Control Television System","0001",,"Avtech  / AVM428A",,"Unit","5766000","Pembelian","2015-12-31","DISKOMINSA","Intra","PSITT/BA: 07/11/BA-PP/2015(IP Camera)","0","RB","2026-01-04",,NULL
"1.3.2.10.02.04.023","Wireless Access Point","0068",,"Wireless INdoor 5 Port",,"Unit","1870500","Pembelian","2015-12-31","DISKOMINSA","Intra","UPTD Telematika/BA: 10/12/BA-PP/2015 (Wireless Indoor 5 Port)","0",,"0000-00-00",,NULL
"1.3.2.10.02.04.023","Wireless Access Point","0069",,"Wireless INdoor 5 Port",,"Unit","1870500","Pembelian","2015-12-31","DISKOMINSA","Intra","UPTD Telematika/BA: 10/12/BA-PP/2015 (Wireless Indoor 5 Port)","0",,"0000-00-00",,NULL
"1.3.2.10.02.04.023","Wireless Access Point","0070",,"Wireless INdoor 5 Port",,"Unit","1870500","Pembelian","2015-12-31","DISKOMINSA","Intra","UPTD Telematika/BA: 10/12/BA-PP/2015 (Wireless Indoor 5 Port)","0",,"0000-00-00",,NULL
"1.3.2.10.02.04.023","Wireless Access Point","0071",,"Wireless INdoor 5 Port",,"Unit","1870500","Pembelian","2015-12-31","DISKOMINSA","Intra","UPTD Telematika/BA: 10/12/BA-PP/2015 (Wireless Indoor 5 Port)","0",,"0000-00-00",,NULL
"1.3.2.10.02.04.023","Wireless Access Point","0072",,"Wireless INdoor 5 Port",,"Unit","1870500","Pembelian","2015-12-31","DISKOMINSA","Intra","UPTD Telematika/BA: 10/12/BA-PP/2015 (Wireless Indoor 5 Port)","0",,"0000-00-00",,NULL
"1.3.2.10.02.04.023","Wireless Access Point","0073",,"Wireless INdoor 5 Port",,"Unit","1870500","Pembelian","2015-12-31","DISKOMINSA","Intra","UPTD Telematika/BA: 10/12/BA-PP/2015 (Wireless Indoor 5 Port)","0",,"0000-00-00",,NULL
"1.3.2.10.02.04.023","Wireless Access Point","0074",,"Wireless INdoor 5 Port",,"Unit","1870500","Pembelian","2015-12-31","DISKOMINSA","Intra","UPTD Telematika/BA: 10/12/BA-PP/2015 (Wireless Indoor 5 Port)","0",,"0000-00-00",,NULL
"1.3.2.10.02.04.023","Wireless Access Point","0075",,"Wireless INdoor 5 Port",,"Unit","1870500","Pembelian","2015-12-31","DISKOMINSA","Intra","UPTD Telematika/BA: 10/12/BA-PP/2015 (Wireless Indoor 5 Port)","0",,"0000-00-00",,NULL
"1.3.2.10.02.04.023","Wireless Access Point","0076",,"Wireless INdoor 5 Port",,"Unit","1870500","Pembelian","2015-12-31","DISKOMINSA","Intra","UPTD Telematika/BA: 10/12/BA-PP/2015 (Wireless Indoor 5 Port)","0",,"0000-00-00",,NULL
"1.3.2.10.02.04.023","Wireless Access Point","0077",,"Wireless INdoor 5 Port",,"Unit","1870500","Pembelian","2015-12-31","DISKOMINSA","Intra","UPTD Telematika/BA: 10/12/BA-PP/2015 (Wireless Indoor 5 Port)","0",,"0000-00-00",,NULL
"1.3.2.10.02.04.023","Wireless Access Point","0078",,"Wireless INdoor 5 Port",,"Unit","1870500","Pembelian","2015-12-31","DISKOMINSA","Intra","UPTD Telematika/BA: 10/12/BA-PP/2015 (Wireless Indoor 5 Port)","0",,"0000-00-00",,NULL
"1.3.2.10.02.04.023","Wireless Access Point","0079",,"Wireless INdoor 5 Port",,"Unit","1870500","Pembelian","2015-12-31","DISKOMINSA","Intra","UPTD Telematika/BA: 10/12/BA-PP/2015 (Wireless Indoor 5 Port)","0",,"0000-00-00",,NULL
"1.3.2.10.02.04.023","Wireless Access Point","0080",,"Wireless INdoor 5 Port",,"Unit","1870500","Pembelian","2015-12-31","DISKOMINSA","Intra","UPTD Telematika/BA: 10/12/BA-PP/2015 (Wireless Indoor 5 Port)","0",,"0000-00-00",,NULL
"1.3.2.10.02.04.023","Wireless Access Point","0081",,"Wireless INdoor 5 Port",,"Unit","1870500","Pembelian","2015-12-31","DISKOMINSA","Intra","UPTD Telematika/BA: 10/12/BA-PP/2015 (Wireless Indoor 5 Port)","0",,"0000-00-00",,NULL
"1.3.2.10.02.04.023","Wireless Access Point","0082",,"Wireless INdoor 5 Port",,"Unit","1870500","Pembelian","2015-12-31","DISKOMINSA","Intra","UPTD Telematika/BA: 10/12/BA-PP/2015 (Wireless Indoor 5 Port)","0",,"0000-00-00",,NULL
"1.3.2.10.02.04.023","Wireless Access Point","0083",,"Wireless INdoor 5 Port",,"Unit","1870500","Pembelian","2015-12-31","DISKOMINSA","Intra","UPTD Telematika/BA: 10/12/BA-PP/2015 (Wireless Indoor 5 Port)","0",,"0000-00-00",,NULL
"1.3.2.10.02.04.023","Wireless Access Point","0084",,"Wireless INdoor 5 Port",,"Unit","1870500","Pembelian","2015-12-31","DISKOMINSA","Intra","UPTD Telematika/BA: 10/12/BA-PP/2015 (Wireless Indoor 5 Port)","0",,"0000-00-00",,NULL
"1.3.2.10.02.04.023","Wireless Access Point","0085",,"Wireless INdoor 5 Port",,"Unit","1870500","Pembelian","2015-12-31","DISKOMINSA","Intra","UPTD Telematika/BA: 10/12/BA-PP/2015 (Wireless Indoor 5 Port)","0",,"0000-00-00",,NULL
"1.3.2.10.02.04.023","Wireless Access Point","0086",,"Wireless INdoor 5 Port",,"Unit","1870500","Pembelian","2015-12-31","DISKOMINSA","Intra","UPTD Telematika/BA: 10/12/BA-PP/2015 (Wireless Indoor 5 Port)","0",,"0000-00-00",,NULL
"1.3.2.10.02.04.023","Wireless Access Point","0087",,"Wireless INdoor 5 Port",,"Unit","1870500","Pembelian","2015-12-31","DISKOMINSA","Intra","UPTD Telematika/BA: 10/12/BA-PP/2015 (Wireless Indoor 5 Port)","0",,"0000-00-00",,NULL
"1.3.2.10.02.04.023","Wireless Access Point","0088",,"Wireless INdoor 5 Port",,"Unit","1870500","Pembelian","2015-12-31","DISKOMINSA","Intra","UPTD Telematika/BA: 10/12/BA-PP/2015 (Wireless Indoor 5 Port)","0",,"0000-00-00",,NULL
"1.3.2.10.02.04.023","Wireless Access Point","0089",,"Wireless INdoor 5 Port",,"Unit","1870500","Pembelian","2015-12-31","DISKOMINSA","Intra","UPTD Telematika/BA: 10/12/BA-PP/2015 (Wireless Indoor 5 Port)","0",,"0000-00-00",,NULL
"1.3.2.10.02.04.023","Wireless Access Point","0090",,"Wireless INdoor 5 Port",,"Unit","1870500","Pembelian","2015-12-31","DISKOMINSA","Intra","UPTD Telematika/BA: 10/12/BA-PP/2015 (Wireless Indoor 5 Port)","0",,"0000-00-00",,NULL
"1.3.2.10.02.04.023","Wireless Access Point","0091",,"Wireless INdoor 5 Port",,"Unit","1870500","Pembelian","2015-12-31","DISKOMINSA","Intra","UPTD Telematika/BA: 10/12/BA-PP/2015 (Wireless Indoor 5 Port)","0",,"0000-00-00",,NULL
"1.3.2.10.02.04.023","Wireless Access Point","0092",,"Wireless INdoor 5 Port",,"Unit","1870500","Pembelian","2015-12-31","DISKOMINSA","Intra","UPTD Telematika/BA: 10/12/BA-PP/2015 (Wireless Indoor 5 Port)","0",,"0000-00-00",,NULL
"1.3.2.10.02.04.023","Wireless Access Point","0093",,"Wireless INdoor 5 Port",,"Unit","1870500","Pembelian","2015-12-31","DISKOMINSA","Intra","UPTD Telematika/BA: 10/12/BA-PP/2015 (Wireless Indoor 5 Port)","0",,"0000-00-00",,NULL
"1.3.2.10.02.04.023","Wireless Access Point","0094",,"Wireless INdoor 5 Port",,"Unit","1870500","Pembelian","2015-12-31","DISKOMINSA","Intra","UPTD Telematika/BA: 10/12/BA-PP/2015 (Wireless Indoor 5 Port)","0",,"0000-00-00",,NULL
"1.3.2.10.02.04.023","Wireless Access Point","0095",,"Wireless INdoor 5 Port",,"Unit","1870500","Pembelian","2015-12-31","DISKOMINSA","Intra","UPTD Telematika/BA: 10/12/BA-PP/2015 (Wireless Indoor 5 Port)","0",,"0000-00-00",,NULL
"1.3.2.10.02.04.023","Wireless Access Point","0096",,"Wireless INdoor 5 Port",,"Unit","1870500","Pembelian","2015-12-31","DISKOMINSA","Intra","UPTD Telematika/BA: 10/12/BA-PP/2015 (Wireless Indoor 5 Port)","0",,"0000-00-00",,NULL
"1.3.2.10.02.04.023","Wireless Access Point","0097",,"Wireless INdoor 5 Port",,"Unit","1870500","Pembelian","2015-12-31","DISKOMINSA","Intra","UPTD Telematika/BA: 10/12/BA-PP/2015 (Wireless Indoor 5 Port)","0",,"0000-00-00",,NULL
"1.3.2.10.02.04.023","Wireless Access Point","0098",,"Wireless INdoor 5 Port",,"Unit","1870500","Pembelian","2015-12-31","DISKOMINSA","Intra","UPTD Telematika/BA: 10/12/BA-PP/2015 (Wireless Indoor 5 Port)","0",,"0000-00-00",,NULL
"1.3.2.10.02.04.023","Wireless Access Point","0099",,"Wireless INdoor 5 Port",,"Unit","1870500","Pembelian","2015-12-31","DISKOMINSA","Intra","UPTD Telematika/BA: 10/12/BA-PP/2015 (Wireless Indoor 5 Port)","0",,"0000-00-00",,NULL
"1.3.2.10.02.04.023","Wireless Access Point","0100",,"Wireless INdoor 5 Port",,"Unit","1870500","Pembelian","2015-12-31","DISKOMINSA","Intra","UPTD Telematika/BA: 10/12/BA-PP/2015 (Wireless Indoor 5 Port)","0",,"0000-00-00",,NULL
"1.3.2.10.02.04.023","Wireless Access Point","0101",,"Wireless INdoor 5 Port",,"Unit","1870500","Pembelian","2015-12-31","DISKOMINSA","Intra","UPTD Telematika/BA: 10/12/BA-PP/2015 (Wireless Indoor 5 Port)","0",,"0000-00-00",,NULL
"1.3.2.10.02.04.023","Wireless Access Point","0102",,"Wireless INdoor 5 Port",,"Unit","1870500","Pembelian","2015-12-31","DISKOMINSA","Intra","UPTD Telematika/BA: 10/12/BA-PP/2015 (Wireless Indoor 5 Port)","0",,"0000-00-00",,NULL
"1.3.2.10.02.04.023","Wireless Access Point","0103",,"Wireless INdoor 5 Port",,"Unit","1870500","Pembelian","2015-12-31","DISKOMINSA","Intra","UPTD Telematika/BA: 10/12/BA-PP/2015 (Wireless Indoor 5 Port)","0",,"0000-00-00",,NULL
"1.3.2.10.02.04.023","Wireless Access Point","0104",,"Wireless INdoor 5 Port",,"Unit","1870500","Pembelian","2015-12-31","DISKOMINSA","Intra","UPTD Telematika/BA: 10/12/BA-PP/2015 (Wireless Indoor 5 Port)","0",,"0000-00-00",,NULL
"1.3.2.10.02.04.023","Wireless Access Point","0105",,"Wireless Outdoor + GSM",,"Unit","2543550","Pembelian","2015-12-31","DISKOMINSA","Intra","UPTD Telematika/BA: 10/12/BA-PP/2015 ( Wireless Outdoor + GSM)","0",,"0000-00-00",,NULL
"1.3.2.10.02.04.023","Wireless Access Point","0106",,"Wireless Outdoor + GSM",,"Unit","2543550","Pembelian","2015-12-31","DISKOMINSA","Intra","UPTD Telematika/BA: 10/12/BA-PP/2015 ( Wireless Outdoor + GSM)","0",,"0000-00-00",,NULL
"1.3.2.10.02.04.023","Wireless Access Point","0107",," Wireless Outdoor Sectora",,"Unit","3857700","Pembelian","2015-12-31","DISKOMINSA","Intra","UPTD Telematika/BA: 10/12/BA-PP/2015 (  Wireless Outdoor Sectoral)","0",,"0000-00-00",,NULL
"1.3.2.10.02.04.023","Wireless Access Point","0108",," Wireless Outdoor Sectora",,"Unit","3857700","Pembelian","2015-12-31","DISKOMINSA","Intra","UPTD Telematika/BA: 10/12/BA-PP/2015 (  Wireless Outdoor Sectoral)","0",,"0000-00-00",,NULL
"1.3.2.10.02.04.023","Wireless Access Point","0109",," Wireless Outdoor Sectora",,"Unit","3857700","Pembelian","2015-12-31","DISKOMINSA","Intra","UPTD Telematika/BA: 10/12/BA-PP/2015 (  Wireless Outdoor Sectoral)","0",,"0000-00-00",,NULL
"1.3.2.10.02.04.023","Wireless Access Point","0110",," Wireless Outdoor Sectora",,"Unit","3857700","Pembelian","2015-12-31","DISKOMINSA","Intra","UPTD Telematika/BA: 10/12/BA-PP/2015 (  Wireless Outdoor Sectoral)","0",,"0000-00-00",,NULL
"1.3.2.10.02.04.023","Wireless Access Point","0111",," Wireless Outdoor Sectora",,"Unit","3857700","Pembelian","2015-12-31","DISKOMINSA","Intra","UPTD Telematika/BA: 10/12/BA-PP/2015 (  Wireless Outdoor Sectoral)","0",,"0000-00-00",,NULL
"1.3.2.10.02.04.023","Wireless Access Point","0112",," Wireless Outdoor Sectora",,"Unit","3857700","Pembelian","2015-12-31","DISKOMINSA","Intra","UPTD Telematika/BA: 10/12/BA-PP/2015 (  Wireless Outdoor Sectoral)","0",,"0000-00-00",,NULL
"1.3.2.10.02.04.023","Wireless Access Point","0113",,"Wireless Outdoor",,"Unit","8165000","Pembelian","2015-12-31","DISKOMINSA","Intra","UPTD Telematika/BA: 10/12/BA-PP/2015 (  Wireless Outdoor 2,4 Ghz)","0",,"0000-00-00",,NULL
"1.3.2.10.02.04.023","Wireless Access Point","0114",,"Wireless Outdoor",,"Unit","8165000","Pembelian","2015-12-31","DISKOMINSA","Intra","UPTD Telematika/BA: 10/12/BA-PP/2015 (  Wireless Outdoor 2,4 Ghz)","0",,"0000-00-00",,NULL
"1.3.2.10.02.04.023","Wireless Access Point","0115",,"Wireless Outdoor",,"Unit","8165000","Pembelian","2015-12-31","DISKOMINSA","Intra","UPTD Telematika/BA: 10/12/BA-PP/2015 (  Wireless Outdoor 2,4 Ghz)","0",,"0000-00-00",,NULL
"1.3.2.10.02.04.023","Wireless Access Point","0116",,"POE",,"Unit","665500","Pembelian","2015-12-31","DISKOMINSA","Extra","UPTD Telematika/BA: 10/11/BA-PP/2015 (Power Over Ethernet Wireless)","0",,"0000-00-00",,NULL
"1.3.2.10.02.04.023","Wireless Access Point","0117",,"POE",,"Unit","665500","Pembelian","2015-12-31","DISKOMINSA","Extra","UPTD Telematika/BA: 10/11/BA-PP/2015 (Power Over Ethernet Wireless)","0",,"0000-00-00",,NULL
"1.3.2.10.02.04.023","Wireless Access Point","0118",,"POE",,"Unit","665500","Pembelian","2015-12-31","DISKOMINSA","Extra","UPTD Telematika/BA: 10/11/BA-PP/2015 (Power Over Ethernet Wireless)","0",,"0000-00-00",,NULL
"1.3.2.10.02.04.023","Wireless Access Point","0119",,"POE",,"Unit","665500","Pembelian","2015-12-31","DISKOMINSA","Extra","UPTD Telematika/BA: 10/11/BA-PP/2015 (Power Over Ethernet Wireless)","0",,"0000-00-00",,NULL
"1.3.2.10.02.04.023","Wireless Access Point","0120",,"POE",,"Unit","665500","Pembelian","2015-12-31","DISKOMINSA","Extra","UPTD Telematika/BA: 10/11/BA-PP/2015 (Power Over Ethernet Wireless)","0",,"0000-00-00",,NULL
"1.3.2.10.02.04.023","Wireless Access Point","0121",,"POE",,"Unit","445500","Pembelian","2015-12-31","DISKOMINSA","Extra","UPTD Telematika/BA: 10/11/BA-PP/2015 (Power Over Ethernet)","0",,"0000-00-00",,NULL
"1.3.2.10.02.04.023","Wireless Access Point","0122",,"POE",,"Unit","445500","Pembelian","2015-12-31","DISKOMINSA","Extra","UPTD Telematika/BA: 10/11/BA-PP/2015 (Power Over Ethernet)","0",,"0000-00-00",,NULL
"1.3.2.10.02.04.023","Wireless Access Point","0123",,"POE",,"Unit","445500","Pembelian","2015-12-31","DISKOMINSA","Extra","UPTD Telematika/BA: 10/11/BA-PP/2015 (Power Over Ethernet)","0",,"0000-00-00",,NULL
"1.3.2.10.02.04.023","Wireless Access Point","0124",,"POE",,"Unit","445500","Pembelian","2015-12-31","DISKOMINSA","Extra","UPTD Telematika/BA: 10/11/BA-PP/2015 (Power Over Ethernet)","0",,"0000-00-00",,NULL
"1.3.2.10.02.04.023","Wireless Access Point","0125",,"POE",,"Unit","445500","Pembelian","2015-12-31","DISKOMINSA","Extra","UPTD Telematika/BA: 10/11/BA-PP/2015 (Power Over Ethernet)","0",,"0000-00-00",,NULL
"1.3.2.10.02.04.023","Wireless Access Point","0126",,"POE",,"Unit","445500","Pembelian","2015-12-31","DISKOMINSA","Extra","UPTD Telematika/BA: 10/11/BA-PP/2015 (Power Over Ethernet)","0",,"0000-00-00",,NULL
"1.3.2.10.02.04.023","Wireless Access Point","0127",,"POE",,"Unit","445500","Pembelian","2015-12-31","DISKOMINSA","Extra","UPTD Telematika/BA: 10/11/BA-PP/2015 (Power Over Ethernet)","0",,"0000-00-00",,NULL
"1.3.2.10.02.04.023","Wireless Access Point","0128",,"POE",,"Unit","445500","Pembelian","2015-12-31","DISKOMINSA","Extra","UPTD Telematika/BA: 10/11/BA-PP/2015 (Power Over Ethernet)","0",,"0000-00-00",,NULL
"1.3.2.10.02.04.023","Wireless Access Point","0129",,"POE",,"Unit","445500","Pembelian","2015-12-31","DISKOMINSA","Extra","UPTD Telematika/BA: 10/11/BA-PP/2015 (Power Over Ethernet)","0",,"0000-00-00",,NULL
"1.3.2.10.02.04.023","Wireless Access Point","0130",,"POE",,"Unit","445500","Pembelian","2015-12-31","DISKOMINSA","Extra","UPTD Telematika/BA: 10/11/BA-PP/2015 (Power Over Ethernet)","0",,"0000-00-00",,NULL
"1.3.2.10.02.04.023","Wireless Access Point","0131",,,,"Unit","2200000","Pembelian","2016-12-31","DISKOMINSA","Intra","Access Point -- Aksesoris Jaringan dan Listrik Data Center PSITT BA: 07/16/BA-PP/2016","0",,"0000-00-00",,NULL
"1.3.2.10.02.04.023","Wireless Access Point","0132",,,,"Unit","2200000","Pembelian","2016-12-31","DISKOMINSA","Intra","Access Point -- Aksesoris Jaringan dan Listrik Data Center PSITT BA: 07/16/BA-PP/2016","0",,"0000-00-00",,NULL
"1.3.2.10.02.04.023","Wireless Access Point","0133",,,,"Unit","2200000","Pembelian","2016-12-31","DISKOMINSA","Intra","Access Point -- Aksesoris Jaringan dan Listrik Data Center PSITT BA: 07/16/BA-PP/2016","0",,"0000-00-00",,NULL
"1.3.2.10.02.04.023","Wireless Access Point","0134",,,,"Unit","2200000","Pembelian","2016-12-31","DISKOMINSA","Intra","Access Point -- Aksesoris Jaringan dan Listrik Data Center PSITT BA: 07/16/BA-PP/2016","0",,"0000-00-00",,NULL
"1.3.2.10.02.04.023","Wireless Access Point","0135",,,,"Unit","2200000","Pembelian","2016-12-31","DISKOMINSA","Intra","Access Point -- Aksesoris Jaringan dan Listrik Data Center PSITT BA: 07/16/BA-PP/2016","0",,"0000-00-00",,NULL
"1.3.2.10.02.04.023","Wireless Access Point","0136",,,,"Unit","2200000","Pembelian","2016-12-31","DISKOMINSA","Intra","Access Point -- Aksesoris Jaringan dan Listrik Data Center PSITT BA: 07/16/BA-PP/2016","0",,"0000-00-00",,NULL
"1.3.2.10.02.04.023","Wireless Access Point","0137",,,,"Unit","3190000","Pembelian","2016-12-31","DISKOMINSA","Intra","Wireless Rp.1.650.000 + Biaya Instalasi Rp.1.540.000 -- Instalasi Jaringan Lokal Pada Media Center d","0",,"0000-00-00",,NULL
"1.3.2.10.02.04.023","Wireless Access Point","0138",,,,"Unit","3190000","Pembelian","2016-12-31","DISKOMINSA","Intra","Wireless Rp.1.650.000 + Biaya Instalasi Rp.1.540.000 -- Instalasi Jaringan Lokal Pada Media Center d","0",,"0000-00-00",,NULL
"1.3.2.10.02.04.023","Wireless Access Point","0139",,,,"Unit","3190000","Pembelian","2016-12-31","DISKOMINSA","Intra","Wireless Rp.1.650.000 + Biaya Instalasi Rp.1.540.000 -- Instalasi Jaringan Lokal Pada Media Center d","0",,"0000-00-00",,NULL
"1.3.2.10.02.04.023","Wireless Access Point","0140",,"Radio Link AP 2,4 GHz",,"Unit","2480000","Pembelian","2016-12-31","DISKOMINSA","Intra","Pengadaan dan Konfigurasi Perangkat Radio Link AP 2,4 GHz + Jasa Konfigurasi UPTD Telematika BA : 10","0",,"0000-00-00",,NULL
"1.3.2.10.02.04.023","Wireless Access Point","0141",,"Radio Link AP 2,4 GHz",,"Unit","2480000","Pembelian","2016-12-31","DISKOMINSA","Intra","Pengadaan dan Konfigurasi Perangkat Radio Link AP 2,4 GHz + Jasa Konfigurasi UPTD Telematika BA : 10","0",,"0000-00-00",,NULL
"1.3.2.10.02.04.023","Wireless Access Point","0142",,"Radio Link AP 2,4 GHz",,"Unit","2480000","Pembelian","2016-12-31","DISKOMINSA","Intra","Pengadaan dan Konfigurasi Perangkat Radio Link AP 2,4 GHz + Jasa Konfigurasi UPTD Telematika BA : 10","0",,"0000-00-00",,NULL
"1.3.2.10.02.04.023","Wireless Access Point","0143",,"Radio Link AP 2,4 GHz",,"Unit","2480000","Pembelian","2016-12-31","DISKOMINSA","Intra","Pengadaan dan Konfigurasi Perangkat Radio Link AP 2,4 GHz + Jasa Konfigurasi UPTD Telematika BA : 10","0",,"0000-00-00",,NULL
"1.3.2.10.02.04.023","Wireless Access Point","0144",,"Radio Link AP 2,4 GHz",,"Unit","2480000","Pembelian","2016-12-31","DISKOMINSA","Intra","Pengadaan dan Konfigurasi Perangkat Radio Link AP 2,4 GHz + Jasa Konfigurasi UPTD Telematika BA : 10","0",,"0000-00-00",,NULL
"1.3.2.10.02.04.023","Wireless Access Point","0145",,"Radio Link AP 2,4 GHz",,"Unit","2480000","Pembelian","2016-12-31","DISKOMINSA","Intra","Pengadaan dan Konfigurasi Perangkat Radio Link AP 2,4 GHz + Jasa Konfigurasi UPTD Telematika BA : 10","0",,"0000-00-00",,NULL
"1.3.2.10.02.04.023","Wireless Access Point","0146",,"Radio Link AP 2,4 GHz",,"Unit","2480000","Pembelian","2016-12-31","DISKOMINSA","Intra","Pengadaan dan Konfigurasi Perangkat Radio Link AP 2,4 GHz + Jasa Konfigurasi UPTD Telematika BA : 10","0",,"0000-00-00",,NULL
"1.3.2.10.02.04.023","Wireless Access Point","0147",,"Radio Link AP 2,4 GHz",,"Unit","2480000","Pembelian","2016-12-31","DISKOMINSA","Intra","Pengadaan dan Konfigurasi Perangkat Radio Link AP 2,4 GHz + Jasa Konfigurasi UPTD Telematika BA : 10","0",,"0000-00-00",,NULL
"1.3.2.10.02.04.023","Wireless Access Point","0148",,"Radio Link AP 2,4 GHz",,"Unit","2480000","Pembelian","2016-12-31","DISKOMINSA","Intra","Pengadaan dan Konfigurasi Perangkat Radio Link AP 2,4 GHz + Jasa Konfigurasi UPTD Telematika BA : 10","0",,"0000-00-00",,NULL
"1.3.2.10.02.04.023","Wireless Access Point","0149",,"Radio Link AP 2,4 GHz",,"Unit","2480000","Pembelian","2016-12-31","DISKOMINSA","Intra","Pengadaan dan Konfigurasi Perangkat Radio Link AP 2,4 GHz + Jasa Konfigurasi UPTD Telematika BA : 10","0",,"0000-00-00",,NULL
"1.3.2.10.02.04.023","Wireless Access Point","0150",,"Unifi",,"Unit","1787500","Pembelian","2016-12-31","DISKOMINSA","Intra","Radio Access Point 2,4 GHz UPTD Telematika BA : 10/07/BA-PP/2016","0",,"0000-00-00",,NULL
"1.3.2.10.02.04.023","Wireless Access Point","0151",,"Unifi",,"Unit","1787500","Pembelian","2016-12-31","DISKOMINSA","Intra","Radio Access Point 2,4 GHz UPTD Telematika BA : 10/07/BA-PP/2016","0",,"0000-00-00",,NULL
"1.3.2.10.02.04.023","Wireless Access Point","0152",,"Unifi",,"Unit","1787500","Pembelian","2016-12-31","DISKOMINSA","Intra","Radio Access Point 2,4 GHz UPTD Telematika BA : 10/07/BA-PP/2016","0",,"0000-00-00",,NULL
"1.3.2.10.02.04.023","Wireless Access Point","0153",,"Unifi",,"Unit","1787500","Pembelian","2016-12-31","DISKOMINSA","Intra","Radio Access Point 2,4 GHz UPTD Telematika BA : 10/07/BA-PP/2016","0",,"0000-00-00",,NULL
"1.3.2.10.02.04.023","Wireless Access Point","0154",,"Unifi",,"Unit","1787500","Pembelian","2016-12-31","DISKOMINSA","Intra","Radio Access Point 2,4 GHz UPTD Telematika BA : 10/07/BA-PP/2016","0",,"0000-00-00",,NULL
"1.3.2.10.02.04.023","Wireless Access Point","0155",,"Unifi",,"Unit","1787500","Pembelian","2016-12-31","DISKOMINSA","Intra","Radio Access Point 2,4 GHz UPTD Telematika BA : 10/07/BA-PP/2016","0",,"0000-00-00",,NULL
"1.3.2.10.02.04.023","Wireless Access Point","0156",,"Unifi",,"Unit","1787500","Pembelian","2016-12-31","DISKOMINSA","Intra","Radio Access Point 2,4 GHz UPTD Telematika BA : 10/07/BA-PP/2016","0",,"0000-00-00",,NULL
"1.3.2.10.02.04.023","Wireless Access Point","0157",,"Unifi",,"Unit","1787500","Pembelian","2016-12-31","DISKOMINSA","Intra","Radio Access Point 2,4 GHz UPTD Telematika BA : 10/07/BA-PP/2016","0",,"0000-00-00",,NULL
"1.3.2.10.02.04.023","Wireless Access Point","0158",,"Unifi",,"Unit","1787500","Pembelian","2016-12-31","DISKOMINSA","Intra","Radio Access Point 2,4 GHz UPTD Telematika BA : 10/07/BA-PP/2016","0",,"0000-00-00",,NULL
"1.3.2.10.02.04.023","Wireless Access Point","0159",,"Unifi",,"Unit","1787500","Pembelian","2016-12-31","DISKOMINSA","Intra","Radio Access Point 2,4 GHz UPTD Telematika BA : 10/07/BA-PP/2016","0",,"0000-00-00",,NULL
"1.3.2.10.02.04.023","Wireless Access Point","0160",,"Unifi",,"Unit","1787500","Pembelian","2016-12-31","DISKOMINSA","Intra","Radio Access Point 2,4 GHz UPTD Telematika BA : 10/07/BA-PP/2016","0",,"0000-00-00",,NULL
"1.3.2.10.02.04.023","Wireless Access Point","0161",,"Unifi",,"Unit","1787500","Pembelian","2016-12-31","DISKOMINSA","Intra","Radio Access Point 2,4 GHz UPTD Telematika BA : 10/07/BA-PP/2016","0",,"0000-00-00",,NULL
"1.3.2.10.02.04.023","Wireless Access Point","0162",,"Apple",,"Unit","6160000","Pembelian","2016-12-31","DISKOMINSA","Intra","Aksesoris Pendukung R. Studio Multimedia UPTD Telematika BA: 10/05/BA-PP/2016 (Wireless Access Point","0",,"0000-00-00",,NULL
"1.3.2.10.02.04.023","Wireless Access Point","0163",,"Wireless Access Point Ind",,"Unit","6530000","Pembelian","2017-12-31","DISKOMINSA","Intra","Pengadaan Perangkat Jaringan Informasi Agribisnis untuk PENAS KTNA 2017","0",,"0000-00-00",,NULL
"1.3.2.10.02.04.023","Wireless Access Point","0164",,"Wireless Access Point Ind",,"Unit","6530000","Pembelian","2017-12-31","DISKOMINSA","Intra","Pengadaan Perangkat Jaringan Informasi Agribisnis untuk PENAS KTNA 2017","0",,"0000-00-00",,NULL
"1.3.2.10.02.04.023","Wireless Access Point","0165",,"Wireless Access Point Ind",,"Unit","6530000","Pembelian","2017-12-31","DISKOMINSA","Intra","Pengadaan Perangkat Jaringan Informasi Agribisnis untuk PENAS KTNA 2017","0",,"0000-00-00",,NULL
"1.3.2.10.02.04.023","Wireless Access Point","0166",,"Wireless Access Point Out",,"Unit","6580000","Pembelian","2017-12-31","DISKOMINSA","Intra","Pengadaan Perangkat Jaringan Informasi Agribisnis untuk PENAS KTNA 2017","0",,"0000-00-00",,NULL
"1.3.2.10.02.04.023","Wireless Access Point","0167",,"Wireless Access Point Out",,"Unit","6580000","Pembelian","2017-12-31","DISKOMINSA","Intra","Pengadaan Perangkat Jaringan Informasi Agribisnis untuk PENAS KTNA 2017","0",,"0000-00-00",,NULL
"1.3.2.10.02.04.023","Wireless Access Point","0168",,"Radio Access Point Omni",,"Unit","6030000","Pembelian","2017-12-31","DISKOMINSA","Intra","Pengadaan Perangkat Jaringan Informasi Agribisnis untuk PENAS KTNA 2017","0",,"0000-00-00",,NULL
"1.3.2.10.02.04.023","Wireless Access Point","0169",,"Radio Access Point Omni",,"Unit","6030000","Pembelian","2017-12-31","DISKOMINSA","Intra","Pengadaan Perangkat Jaringan Informasi Agribisnis untuk PENAS KTNA 2017","0",,"0000-00-00",,NULL
"1.3.2.10.02.04.023","Wireless Access Point","0170",,"Wireless Indoor / Ubiquit",,"Unit","1870000","Pembelian","2017-12-31","DISKOMINSA","Intra","Pengadaan Wireless Indoor","0",,"0000-00-00",,NULL
"1.3.2.10.02.04.023","Wireless Access Point","0171",,"Wireless Indoor / Ubiquit",,"Unit","1870000","Pembelian","2017-12-31","DISKOMINSA","Intra","Pengadaan Wireless Indoor","0",,"0000-00-00",,NULL
"1.3.2.10.02.04.023","Wireless Access Point","0172",,"Wireless Indoor / Ubiquit",,"Unit","1870000","Pembelian","2017-12-31","DISKOMINSA","Intra","Pengadaan Wireless Indoor","0",,"0000-00-00",,NULL
"1.3.2.10.02.04.023","Wireless Access Point","0173",,"Wireless Indoor / Ubiquit",,"Unit","1870000","Pembelian","2017-12-31","DISKOMINSA","Intra","Pengadaan Wireless Indoor","0",,"0000-00-00",,NULL
"1.3.2.10.02.04.023","Wireless Access Point","0174",,"Wireless Indoor / Ubiquit",,"Unit","1870000","Pembelian","2017-12-31","DISKOMINSA","Intra","Pengadaan Wireless Indoor","0",,"0000-00-00",,NULL
"1.3.2.10.02.04.023","Wireless Access Point","0175",,"Wireless Indoor / Ubiquit",,"Unit","1870000","Pembelian","2017-12-31","DISKOMINSA","Intra","Pengadaan Wireless Indoor","0",,"0000-00-00",,NULL
"1.3.2.10.02.04.023","Wireless Access Point","0176",,"Wireless Indoor / Ubiquit",,"Unit","1870000","Pembelian","2017-12-31","DISKOMINSA","Intra","Pengadaan Wireless Indoor","0",,"0000-00-00",,NULL
"1.3.2.10.02.04.023","Wireless Access Point","0177",,"Wireless Indoor / Ubiquit",,"Unit","1870000","Pembelian","2017-12-31","DISKOMINSA","Intra","Pengadaan Wireless Indoor","0",,"0000-00-00",,NULL
"1.3.2.10.02.04.023","Wireless Access Point","0178",,"Wireless Indoor / Ubiquit",,"Unit","1870000","Pembelian","2017-12-31","DISKOMINSA","Intra","Pengadaan Wireless Indoor","0",,"0000-00-00",,NULL
"1.3.2.10.02.04.023","Wireless Access Point","0179",,"Wireless Indoor / Ubiquit",,"Unit","1870000","Pembelian","2017-12-31","DISKOMINSA","Intra","Pengadaan Wireless Indoor","0",,"0000-00-00",,NULL
"1.3.2.10.02.04.023","Wireless Access Point","0180",,"Wireless Indoor / Ubiquit",,"Unit","1870000","Pembelian","2017-12-31","DISKOMINSA","Intra","Pengadaan Wireless Indoor","0",,"0000-00-00",,NULL
"1.3.2.10.02.04.023","Wireless Access Point","0181",,"Wireless Indoor / Ubiquit",,"Unit","1870000","Pembelian","2017-12-31","DISKOMINSA","Intra","Pengadaan Wireless Indoor","0",,"0000-00-00",,NULL
"1.3.2.10.02.04.023","Wireless Access Point","0182",,"Wireless Indoor / Ubiquit",,"Unit","1870000","Pembelian","2017-12-31","DISKOMINSA","Intra","Pengadaan Wireless Indoor","0",,"0000-00-00",,NULL
"1.3.2.10.02.04.023","Wireless Access Point","0183",,"Wireless Indoor / Ubiquit",,"Unit","1870000","Pembelian","2017-12-31","DISKOMINSA","Intra","Pengadaan Wireless Indoor","0",,"0000-00-00",,NULL
"1.3.2.10.02.04.023","Wireless Access Point","0184",,"Wireless Indoor / Ubiquit",,"Unit","1870000","Pembelian","2017-12-31","DISKOMINSA","Intra","Pengadaan Wireless Indoor","0",,"0000-00-00",,NULL
"1.3.2.10.02.04.023","Wireless Access Point","0185",,"Radio Wireless Outdoor /",,"Unit","1772800","Pembelian","2017-12-31","DISKOMINSA","Intra","Pengadaan Wireless Outdoor","0",,"0000-00-00",,NULL
"1.3.2.10.02.04.023","Wireless Access Point","0186",,"Radio Wireless Outdoor /",,"Unit","1772800","Pembelian","2017-12-31","DISKOMINSA","Intra","Pengadaan Wireless Outdoor","0",,"0000-00-00",,NULL
"1.3.2.10.02.04.023","Wireless Access Point","0187",,"Radio Wireless Outdoor /",,"Unit","1772800","Pembelian","2017-12-31","DISKOMINSA","Intra","Pengadaan Wireless Outdoor","0",,"0000-00-00",,NULL
"1.3.2.10.02.04.023","Wireless Access Point","0188",,"Radio Wireless Outdoor /",,"Unit","1772800","Pembelian","2017-12-31","DISKOMINSA","Intra","Pengadaan Wireless Outdoor","0",,"0000-00-00",,NULL
"1.3.2.10.02.04.023","Wireless Access Point","0189",,"Radio Wireless Outdoor /",,"Unit","1772800","Pembelian","2017-12-31","DISKOMINSA","Intra","Pengadaan Wireless Outdoor","0",,"0000-00-00",,NULL
"1.3.2.10.02.04.023","Wireless Access Point","0190",,"Radio Wireless Outdoor /",,"Unit","1772800","Pembelian","2017-12-31","DISKOMINSA","Intra","Pengadaan Wireless Outdoor","0",,"0000-00-00",,NULL
"1.3.2.10.02.04.023","Wireless Access Point","0191",,"Antena Wireless Outdoor /",,"Unit","4353800","Pembelian","2017-12-31","DISKOMINSA","Intra","Pengadaan Wireless Outdoor","0",,"0000-00-00",,NULL
"1.3.2.10.02.04.023","Wireless Access Point","0192",,"Antena Wireless Outdoor /",,"Unit","4353800","Pembelian","2017-12-31","DISKOMINSA","Intra","Pengadaan Wireless Outdoor","0",,"0000-00-00",,NULL
"1.3.2.10.02.04.023","Wireless Access Point","0193",,"Antena Wireless Outdoor /",,"Unit","4353800","Pembelian","2017-12-31","DISKOMINSA","Intra","Pengadaan Wireless Outdoor","0",,"0000-00-00",,NULL
"1.3.2.10.02.04.023","Wireless Access Point","0194",,"Antena Wireless Outdoor /",,"Unit","4353800","Pembelian","2017-12-31","DISKOMINSA","Intra","Pengadaan Wireless Outdoor","0",,"0000-00-00",,NULL
"1.3.2.10.02.04.023","Wireless Access Point","0195",,"Antena Wireless Outdoor /",,"Unit","4353800","Pembelian","2017-12-31","DISKOMINSA","Intra","Pengadaan Wireless Outdoor","0",,"0000-00-00",,NULL
"1.3.2.10.02.04.023","Wireless Access Point","0196",,"Antena Wireless Outdoor /",,"Unit","4354200","Pembelian","2017-12-31","DISKOMINSA","Intra","Pengadaan Wireless Outdoor","0",,"0000-00-00",,NULL
"1.3.2.10.02.04.023","Wireless Access Point","0197",,"Ubiquiti / Unifi AP",,"Unit","2000000","Pembelian","2017-12-31","DISKOMINSA","Intra","WiFi Dongle -- Belanja Modal Pengadaan Peralatan Mini Komputer (KIA) BAST No. 179/KIA/PPTK/X/2017 Tg","0",,"0000-00-00",,NULL
"1.3.2.10.02.04.023","Wireless Access Point","0198",,"Router Wireless RB962UiGS",,"Unit","2634000","Pembelian","2018-12-31","DISKOMINSA","Intra","Pengadaan Router untuk kebutuhan interkoneksi E-Aceh","0",,"0000-00-00",,NULL
"1.3.2.10.02.04.023","Wireless Access Point","0199",,"Router Wireless RB962UiGS",,"Unit","2634000","Pembelian","2018-12-31","DISKOMINSA","Intra","Pengadaan Router untuk kebutuhan interkoneksi E-Aceh","0",,"0000-00-00",,NULL
"1.3.2.10.02.04.023","Wireless Access Point","0200",,"Router Wireless RB962UiGS",,"Unit","2634000","Pembelian","2018-12-31","DISKOMINSA","Intra","Pengadaan Router untuk kebutuhan interkoneksi E-Aceh","0",,"0000-00-00",,NULL
"1.3.2.10.02.04.023","Wireless Access Point","0201",,"Router Wireless RB962UiGS",,"Unit","2634000","Pembelian","2018-12-31","DISKOMINSA","Intra","Pengadaan Router untuk kebutuhan interkoneksi E-Aceh","0",,"0000-00-00",,NULL
"1.3.2.10.02.04.023","Wireless Access Point","0202",,"Router Wireless RB962UiGS",,"Unit","2634000","Pembelian","2018-12-31","DISKOMINSA","Intra","Pengadaan Router untuk kebutuhan interkoneksi E-Aceh","0",,"0000-00-00",,NULL
"1.3.2.10.02.04.023","Wireless Access Point","0203",,"Router Wireless RB962UiGS",,"Unit","2634000","Pembelian","2018-12-31","DISKOMINSA","Intra","Pengadaan Router untuk kebutuhan interkoneksi E-Aceh","0",,"0000-00-00",,NULL
"1.3.2.10.02.04.023","Wireless Access Point","0204",,"Router Wireless RB962UiGS",,"Unit","2634000","Pembelian","2018-12-31","DISKOMINSA","Intra","Pengadaan Router untuk kebutuhan interkoneksi E-Aceh","0",,"0000-00-00",,NULL
"1.3.2.10.02.04.023","Wireless Access Point","0205",,"Router Wireless RB962UiGS",,"Unit","2634000","Pembelian","2018-12-31","DISKOMINSA","Intra","Pengadaan Router untuk kebutuhan interkoneksi E-Aceh","0",,"0000-00-00",,NULL
"1.3.2.10.02.04.023","Wireless Access Point","0206",,"Radio Wireless Client Out",,"Unit","2619800","Pembelian","2019-12-31","DISKOMINSA","Intra","Pengadaan Router dan Akses Point untuk Kebutuhan Interkoneksi E-Aceh (MIGAS ACEH)","0",,"0000-00-00",,NULL
"1.3.2.10.02.04.023","Wireless Access Point","0207",,"Radio Wireless Client Out",,"Unit","2619800","Pembelian","2019-12-31","DISKOMINSA","Intra","Pengadaan Router dan Akses Point untuk Kebutuhan Interkoneksi E-Aceh (MIGAS ACEH)","0",,"0000-00-00",,NULL
"1.3.2.10.02.04.023","Wireless Access Point","0208",,"Radio Wireless Client Out",,"Unit","2619800","Pembelian","2019-12-31","DISKOMINSA","Intra","Pengadaan Router dan Akses Point untuk Kebutuhan Interkoneksi E-Aceh (MIGAS ACEH)","0",,"0000-00-00",,NULL
"1.3.2.10.02.04.023","Wireless Access Point","0209",,"Radio Wireless Client Out",,"Unit","2619800","Pembelian","2019-12-31","DISKOMINSA","Intra","Pengadaan Router dan Akses Point untuk Kebutuhan Interkoneksi E-Aceh (MIGAS ACEH)","0",,"0000-00-00",,NULL
"1.3.2.10.02.04.023","Wireless Access Point","0210",,"Radio Wireless Client Out",,"Unit","2619800","Pembelian","2019-12-31","DISKOMINSA","Intra","Pengadaan Router dan Akses Point untuk Kebutuhan Interkoneksi E-Aceh (MIGAS ACEH)","0",,"0000-00-00",,NULL
"1.3.2.10.02.04.023","Wireless Access Point","0211",,"Radio Wireless Client Out",,"Unit","2619800","Pembelian","2019-12-31","DISKOMINSA","Intra","Pengadaan Router dan Akses Point untuk Kebutuhan Interkoneksi E-Aceh (MIGAS ACEH)","0",,"0000-00-00",,NULL
"1.3.2.10.02.04.023","Wireless Access Point","0212",,"Radio Wireless Client Out",,"Unit","2619800","Pembelian","2019-12-31","DISKOMINSA","Intra","Pengadaan Router dan Akses Point untuk Kebutuhan Interkoneksi E-Aceh (MIGAS ACEH)","0",,"0000-00-00",,NULL
"1.3.2.10.02.04.023","Wireless Access Point","0213",,"Radio Wireless Client Out",,"Unit","2619800","Pembelian","2019-12-31","DISKOMINSA","Intra","Pengadaan Router dan Akses Point untuk Kebutuhan Interkoneksi E-Aceh (MIGAS ACEH)","0",,"0000-00-00",,NULL
"1.3.2.10.02.04.023","Wireless Access Point","0214",,"Radio Wireless Client Out",,"Unit","2619800","Pembelian","2019-12-31","DISKOMINSA","Intra","Pengadaan Router dan Akses Point untuk Kebutuhan Interkoneksi E-Aceh (MIGAS ACEH)","0",,"0000-00-00",,NULL
"1.3.2.10.02.04.023","Wireless Access Point","0215",,"Radio Wireless Client Out",,"Unit","2619800","Pembelian","2019-12-31","DISKOMINSA","Intra","Pengadaan Router dan Akses Point untuk Kebutuhan Interkoneksi E-Aceh (MIGAS ACEH)","0",,"0000-00-00",,NULL
"1.3.2.10.02.04.023","Wireless Access Point","0216",,"Radio Wireless Client Out",,"Unit","2619800","Pembelian","2019-12-31","DISKOMINSA","Intra","Pengadaan Router dan Akses Point untuk Kebutuhan Interkoneksi E-Aceh (MIGAS ACEH)","0",,"0000-00-00",,NULL
"1.3.2.10.02.04.023","Wireless Access Point","0217",,"Radio Wireless Client Out",,"Unit","2619800","Pembelian","2019-12-31","DISKOMINSA","Intra","Pengadaan Router dan Akses Point untuk Kebutuhan Interkoneksi E-Aceh (MIGAS ACEH)","0",,"0000-00-00",,NULL
"1.3.2.10.02.04.023","Wireless Access Point","0218",,"Radio Wireless Akses Poin",,"Unit","2711100","Pembelian","2019-12-31","DISKOMINSA","Intra","Pengadaan Router dan Akses Point untuk Kebutuhan Interkoneksi E-Aceh (MIGAS ACEH)","0",,"0000-00-00",,NULL
"1.3.2.10.02.04.023","Wireless Access Point","0219",,"Radio Wireless Akses Poin",,"Unit","2711100","Pembelian","2019-12-31","DISKOMINSA","Intra","Pengadaan Router dan Akses Point untuk Kebutuhan Interkoneksi E-Aceh (MIGAS ACEH)","0",,"0000-00-00",,NULL
"1.3.2.10.02.04.023","Wireless Access Point","0220",,"Radio Wireless Akses Poin",,"Unit","2711100","Pembelian","2019-12-31","DISKOMINSA","Intra","Pengadaan Router dan Akses Point untuk Kebutuhan Interkoneksi E-Aceh (MIGAS ACEH)","0",,"0000-00-00",,NULL
"1.3.2.10.02.04.023","Wireless Access Point","0221",,"Radio Wireless Akses Poin",,"Unit","2711100","Pembelian","2019-12-31","DISKOMINSA","Intra","Pengadaan Router dan Akses Point untuk Kebutuhan Interkoneksi E-Aceh (MIGAS ACEH)","0",,"0000-00-00",,NULL
"1.3.2.10.02.04.023","Wireless Access Point","0222",,"Radio Wireless Akses Poin",,"Unit","2711100","Pembelian","2019-12-31","DISKOMINSA","Intra","Pengadaan Router dan Akses Point untuk Kebutuhan Interkoneksi E-Aceh (MIGAS ACEH)","0",,"0000-00-00",,NULL
"1.3.2.10.02.04.023","Wireless Access Point","0223",,"Radio Wireless Akses Poin",,"Unit","2711100","Pembelian","2019-12-31","DISKOMINSA","Intra","Pengadaan Router dan Akses Point untuk Kebutuhan Interkoneksi E-Aceh (MIGAS ACEH)","0",,"0000-00-00",,NULL
"1.3.2.10.02.04.023","Wireless Access Point","0224",,"Radio Wireless Akses Poin",,"Unit","2711100","Pembelian","2019-12-31","DISKOMINSA","Intra","Pengadaan Router dan Akses Point untuk Kebutuhan Interkoneksi E-Aceh (MIGAS ACEH)","0",,"0000-00-00",,NULL
"1.3.2.10.02.04.023","Wireless Access Point","0225",,"Radio Wireless Point to P",,"Unit","5429200","Pembelian","2019-12-31","DISKOMINSA","Intra","Pengadaan Router dan Akses Point untuk Kebutuhan Interkoneksi E-Aceh (MIGAS ACEH)","0",,"0000-00-00",,NULL
"1.3.2.10.02.04.023","Wireless Access Point","0226",,"Radio Wireless Point to P",,"Unit","5429200","Pembelian","2019-12-31","DISKOMINSA","Intra","Pengadaan Router dan Akses Point untuk Kebutuhan Interkoneksi E-Aceh (MIGAS ACEH)","0",,"0000-00-00",,NULL
"1.3.2.10.02.04.023","Wireless Access Point","0227",,"Radio Wireless Point to P",,"Unit","5429200","Pembelian","2019-12-31","DISKOMINSA","Intra","Pengadaan Router dan Akses Point untuk Kebutuhan Interkoneksi E-Aceh (MIGAS ACEH)","0",,"0000-00-00",,NULL
"1.3.2.10.02.04.023","Wireless Access Point","0228",,"Radio Wireless Point to P",,"Unit","5429200","Pembelian","2019-12-31","DISKOMINSA","Intra","Pengadaan Router dan Akses Point untuk Kebutuhan Interkoneksi E-Aceh (MIGAS ACEH)","0",,"0000-00-00",,NULL
"1.3.2.10.02.04.023","Wireless Access Point","0229",,"Radio Wireless Akses Poin",,"Unit","4853100","Pembelian","2019-12-31","DISKOMINSA","Intra","Pengadaan Router dan Akses Point untuk Kebutuhan Interkoneksi E-Aceh (MIGAS ACEH)","0",,"0000-00-00",,NULL
"1.3.2.10.02.04.023","Wireless Access Point","0230",,"Radio Wireless Akses Poin",,"Unit","4853100","Pembelian","2019-12-31","DISKOMINSA","Intra","Pengadaan Router dan Akses Point untuk Kebutuhan Interkoneksi E-Aceh (MIGAS ACEH)","0",,"0000-00-00",,NULL
"1.3.2.10.02.04.023","Wireless Access Point","0231",,"Radio Wireless Akses Poin",,"Unit","4853100","Pembelian","2019-12-31","DISKOMINSA","Intra","Pengadaan Router dan Akses Point untuk Kebutuhan Interkoneksi E-Aceh (MIGAS ACEH)","0",,"0000-00-00",,NULL
"1.3.2.10.02.04.023","Wireless Access Point","0232",,"Radio Wireless Akses Poin",,"Unit","4853100","Pembelian","2019-12-31","DISKOMINSA","Intra","Pengadaan Router dan Akses Point untuk Kebutuhan Interkoneksi E-Aceh (MIGAS ACEH)","0",,"0000-00-00",,NULL
"1.3.2.10.02.04.023","Wireless Access Point","0233",,"Mikrotik Routerboard RB 4",,"Unit","4700500","Pembelian","2020-12-31","DISKOMINSA","Intra","Pengadaan Router dan Akses Point dan Radio Client Untuk Kebutuhan Interkoneksi E-Aceh/Rp.202.134.500","0",,"0000-00-00",,NULL
"1.3.2.10.02.04.023","Wireless Access Point","0234",,"Mikrotik Routerboard RB 4",,"Unit","4700500","Pembelian","2020-12-31","DISKOMINSA","Intra","Pengadaan Router dan Akses Point dan Radio Client Untuk Kebutuhan Interkoneksi E-Aceh/Rp.202.134.500","0",,"0000-00-00",,NULL
"1.3.2.10.02.04.023","Wireless Access Point","0235",,"Mikrotik Routerboard RB 4",,"Unit","4700500","Pembelian","2020-12-31","DISKOMINSA","Intra","Pengadaan Router dan Akses Point dan Radio Client Untuk Kebutuhan Interkoneksi E-Aceh/Rp.202.134.500","0",,"0000-00-00",,NULL
"1.3.2.10.02.04.023","Wireless Access Point","0236",,"Mikrotik Routerboard RB 4",,"Unit","4700000","Pembelian","2020-12-31","DISKOMINSA","Intra","Pengadaan Router dan Akses Point dan Radio Client Untuk Kebutuhan Interkoneksi E-Aceh/Rp.202.134.500","0",,"0000-00-00",,NULL
"1.3.2.10.02.04.023","Wireless Access Point","0237",,"Mikrotik Routerboard RB 4",,"Unit","4700000","Pembelian","2020-12-31","DISKOMINSA","Intra","Pengadaan Router dan Akses Point dan Radio Client Untuk Kebutuhan Interkoneksi E-Aceh/Rp.202.134.500","0",,"0000-00-00",,NULL
"1.3.2.10.02.04.023","Wireless Access Point","0238",,"Mikrotik Routerboard RB 4",,"Unit","4700000","Pembelian","2020-12-31","DISKOMINSA","Intra","Pengadaan Router dan Akses Point dan Radio Client Untuk Kebutuhan Interkoneksi E-Aceh/Rp.202.134.500","0",,"0000-00-00",,NULL
"1.3.2.10.02.04.023","Wireless Access Point","0239",,"Mikrotik Routerboard RB 4",,"Unit","4700000","Pembelian","2020-12-31","DISKOMINSA","Intra","Pengadaan Router dan Akses Point dan Radio Client Untuk Kebutuhan Interkoneksi E-Aceh/Rp.202.134.500","0",,"0000-00-00",,NULL
"1.3.2.10.02.04.023","Wireless Access Point","0240",,"Mikrotik Routerboard RB 4",,"Unit","4700000","Pembelian","2020-12-31","DISKOMINSA","Intra","Pengadaan Router dan Akses Point dan Radio Client Untuk Kebutuhan Interkoneksi E-Aceh/Rp.202.134.500","0",,"0000-00-00",,NULL
"1.3.2.10.02.04.023","Wireless Access Point","0241",,"Mikrotik Routerboard RB 4",,"Unit","4700000","Pembelian","2020-12-31","DISKOMINSA","Intra","Pengadaan Router dan Akses Point dan Radio Client Untuk Kebutuhan Interkoneksi E-Aceh/Rp.202.134.500","0",,"0000-00-00",,NULL
"1.3.2.10.02.04.023","Wireless Access Point","0242",,"Mikrotik Routerboard RB 4",,"Unit","4700000","Pembelian","2020-12-31","DISKOMINSA","Intra","Pengadaan Router dan Akses Point dan Radio Client Untuk Kebutuhan Interkoneksi E-Aceh/Rp.202.134.500","0",,"0000-00-00",,NULL
"1.3.2.10.02.04.023","Wireless Access Point","0243",,"Mikrotik Routerboard RB 4",,"Unit","4700000","Pembelian","2020-12-31","DISKOMINSA","Intra","Pengadaan Router dan Akses Point dan Radio Client Untuk Kebutuhan Interkoneksi E-Aceh/Rp.202.134.500","0",,"0000-00-00",,NULL
"1.3.2.10.02.04.023","Wireless Access Point","0244",,"Mikrotik Routerboard RB 4",,"Unit","4700000","Pembelian","2020-12-31","DISKOMINSA","Intra","Pengadaan Router dan Akses Point dan Radio Client Untuk Kebutuhan Interkoneksi E-Aceh/Rp.202.134.500","0",,"0000-00-00",,NULL
"1.3.2.10.02.04.023","Wireless Access Point","0245",,"Mikrotik Routerboard RB 4",,"Unit","4700000","Pembelian","2020-12-31","DISKOMINSA","Intra","Pengadaan Router dan Akses Point dan Radio Client Untuk Kebutuhan Interkoneksi E-Aceh/Rp.202.134.500","0",,"0000-00-00",,NULL
"1.3.2.10.02.04.023","Wireless Access Point","0246",,"Mikrotik Routerboard RB 4",,"Unit","4700000","Pembelian","2020-12-31","DISKOMINSA","Intra","Pengadaan Router dan Akses Point dan Radio Client Untuk Kebutuhan Interkoneksi E-Aceh/Rp.202.134.500","0",,"0000-00-00",,NULL
"1.3.2.10.02.04.023","Wireless Access Point","0247",,"Mikrotik Routerboard RB 4",,"Unit","4700000","Pembelian","2020-12-31","DISKOMINSA","Intra","Pengadaan Router dan Akses Point dan Radio Client Untuk Kebutuhan Interkoneksi E-Aceh/Rp.202.134.500","0",,"0000-00-00",,NULL
"1.3.2.10.02.04.023","Wireless Access Point","0248",,"Mikrotik Routerboard RB 4",,"Unit","4700000","Pembelian","2020-12-31","DISKOMINSA","Intra","Pengadaan Router dan Akses Point dan Radio Client Untuk Kebutuhan Interkoneksi E-Aceh/Rp.202.134.500","0",,"0000-00-00",,NULL
"1.3.2.10.02.04.023","Wireless Access Point","0249",,"Mikrotik Routerboard RB 4",,"Unit","4700000","Pembelian","2020-12-31","DISKOMINSA","Intra","Pengadaan Router dan Akses Point dan Radio Client Untuk Kebutuhan Interkoneksi E-Aceh/Rp.202.134.500","0",,"0000-00-00",,NULL
"1.3.2.10.02.04.023","Wireless Access Point","0250",,"Mikrotik Routerboard RB 4",,"Unit","4700000","Pembelian","2020-12-31","DISKOMINSA","Intra","Pengadaan Router dan Akses Point dan Radio Client Untuk Kebutuhan Interkoneksi E-Aceh/Rp.202.134.500","0",,"0000-00-00",,NULL
"1.3.2.10.02.04.023","Wireless Access Point","0251",,"Mikrotik Routerboard RB 4",,"Unit","4700000","Pembelian","2020-12-31","DISKOMINSA","Intra","Pengadaan Router dan Akses Point dan Radio Client Untuk Kebutuhan Interkoneksi E-Aceh/Rp.202.134.500","0",,"0000-00-00",,NULL
"1.3.2.10.02.04.023","Wireless Access Point","0252",,"Mikrotik Routerboard RB 4",,"Unit","4700000","Pembelian","2020-12-31","DISKOMINSA","Intra","Pengadaan Router dan Akses Point dan Radio Client Untuk Kebutuhan Interkoneksi E-Aceh/Rp.202.134.500","0",,"0000-00-00",,NULL
"1.3.2.10.02.04.023","Wireless Access Point","0253",,"Mikrotik Routerboard RB 4",,"Unit","4700000","Pembelian","2020-12-31","DISKOMINSA","Intra","Pengadaan Router dan Akses Point dan Radio Client Untuk Kebutuhan Interkoneksi E-Aceh/Rp.202.134.500","0",,"0000-00-00",,NULL
"1.3.2.10.02.04.023","Wireless Access Point","0254",,"Mikrotik Routerboard RB 4",,"Unit","4700000","Pembelian","2020-12-31","DISKOMINSA","Intra","Pengadaan Router dan Akses Point dan Radio Client Untuk Kebutuhan Interkoneksi E-Aceh/Rp.202.134.500","0",,"0000-00-00",,NULL
"1.3.2.10.02.04.023","Wireless Access Point","0255",,"Mikrotik Routerboard RB 4",,"Unit","4700000","Pembelian","2020-12-31","DISKOMINSA","Intra","Pengadaan Router dan Akses Point dan Radio Client Untuk Kebutuhan Interkoneksi E-Aceh/Rp.202.134.500","0",,"0000-00-00",,NULL
"1.3.2.10.02.04.023","Wireless Access Point","0256",,"Mikrotik Routerboard RB 4",,"Unit","4700000","Pembelian","2020-12-31","DISKOMINSA","Intra","Pengadaan Router dan Akses Point dan Radio Client Untuk Kebutuhan Interkoneksi E-Aceh/Rp.202.134.500","0",,"0000-00-00",,NULL
"1.3.2.10.02.04.023","Wireless Access Point","0257",,"Mikrotik Routerboard RB 4",,"Unit","4700000","Pembelian","2020-12-31","DISKOMINSA","Intra","Pengadaan Router dan Akses Point dan Radio Client Untuk Kebutuhan Interkoneksi E-Aceh/Rp.202.134.500","0",,"0000-00-00",,NULL
"1.3.2.10.02.04.023","Wireless Access Point","0258",,"Mikrotik Routerboard RB 4",,"Unit","4700000","Pembelian","2020-12-31","DISKOMINSA","Intra","Pengadaan Router dan Akses Point dan Radio Client Untuk Kebutuhan Interkoneksi E-Aceh/Rp.202.134.500","0",,"0000-00-00",,NULL
"1.3.2.10.02.04.023","Wireless Access Point","0259",,"Mikrotik Routerboard RB 4",,"Unit","4700000","Pembelian","2020-12-31","DISKOMINSA","Intra","Pengadaan Router dan Akses Point dan Radio Client Untuk Kebutuhan Interkoneksi E-Aceh/Rp.202.134.500","0",,"0000-00-00",,NULL
"1.3.2.10.02.04.023","Wireless Access Point","0260",,"Mikrotik Routerboard RB 4",,"Unit","4700000","Pembelian","2020-12-31","DISKOMINSA","Intra","Pengadaan Router dan Akses Point dan Radio Client Untuk Kebutuhan Interkoneksi E-Aceh/Rp.202.134.500","0",,"0000-00-00",,NULL
"1.3.2.10.02.04.023","Wireless Access Point","0261",,"Mikrotik Routerboard RB 4",,"Unit","4700000","Pembelian","2020-12-31","DISKOMINSA","Intra","Pengadaan Router dan Akses Point dan Radio Client Untuk Kebutuhan Interkoneksi E-Aceh/Rp.202.134.500","0",,"0000-00-00",,NULL
"1.3.2.10.02.04.023","Wireless Access Point","0262",,"Mikrotik Routerboard RB 4",,"Unit","4700000","Pembelian","2020-12-31","DISKOMINSA","Intra","Pengadaan Router dan Akses Point dan Radio Client Untuk Kebutuhan Interkoneksi E-Aceh/Rp.202.134.500","0",,"0000-00-00",,NULL
"1.3.2.10.02.04.023","Wireless Access Point","0263",,"Mikrotik Routerboard RB 4",,"Unit","4700000","Pembelian","2020-12-31","DISKOMINSA","Intra","Pengadaan Router dan Akses Point dan Radio Client Untuk Kebutuhan Interkoneksi E-Aceh/Rp.202.134.500","0",,"0000-00-00",,NULL
"1.3.2.10.02.04.023","Wireless Access Point","0264",,"Mikrotik Routerboard RB 4",,"Unit","4700000","Pembelian","2020-12-31","DISKOMINSA","Intra","Pengadaan Router dan Akses Point dan Radio Client Untuk Kebutuhan Interkoneksi E-Aceh/Rp.202.134.500","0",,"0000-00-00",,NULL
"1.3.2.10.02.04.023","Wireless Access Point","0265",,"Mikrotik Routerboard RB 4",,"Unit","4700000","Pembelian","2020-12-31","DISKOMINSA","Intra","Pengadaan Router dan Akses Point dan Radio Client Untuk Kebutuhan Interkoneksi E-Aceh/Rp.202.134.500","0",,"0000-00-00",,NULL
"1.3.2.10.02.04.023","Wireless Access Point","0266",,"Mikrotik Routerboard RB 4",,"Unit","4700000","Pembelian","2020-12-31","DISKOMINSA","Intra","Pengadaan Router dan Akses Point dan Radio Client Untuk Kebutuhan Interkoneksi E-Aceh/Rp.202.134.500","0",,"0000-00-00",,NULL
"1.3.2.10.02.04.023","Wireless Access Point","0267",,"Mikrotik Routerboard RB 4",,"Unit","4700000","Pembelian","2020-12-31","DISKOMINSA","Intra","Pengadaan Router dan Akses Point dan Radio Client Untuk Kebutuhan Interkoneksi E-Aceh/Rp.202.134.500","0",,"0000-00-00",,NULL
"1.3.2.10.02.04.023","Wireless Access Point","0268",,"Mikrotik Routerboard RB 4",,"Unit","4700000","Pembelian","2020-12-31","DISKOMINSA","Intra","Pengadaan Router dan Akses Point dan Radio Client Untuk Kebutuhan Interkoneksi E-Aceh/Rp.202.134.500","0",,"0000-00-00",,NULL
"1.3.2.10.02.04.023","Wireless Access Point","0269",,"Mikrotik Routerboard RB 4",,"Unit","4700000","Pembelian","2020-12-31","DISKOMINSA","Intra","Pengadaan Router dan Akses Point dan Radio Client Untuk Kebutuhan Interkoneksi E-Aceh/Rp.202.134.500","0",,"0000-00-00",,NULL
"1.3.2.10.02.04.023","Wireless Access Point","0270",,"Mikrotik Routerboard RB 4",,"Unit","4700000","Pembelian","2020-12-31","DISKOMINSA","Intra","Pengadaan Router dan Akses Point dan Radio Client Untuk Kebutuhan Interkoneksi E-Aceh/Rp.202.134.500","0",,"0000-00-00",,NULL
"1.3.2.10.02.04.023","Wireless Access Point","0271",,"Mikrotik Routerboard RB 4",,"Unit","4700000","Pembelian","2020-12-31","DISKOMINSA","Intra","Pengadaan Router dan Akses Point dan Radio Client Untuk Kebutuhan Interkoneksi E-Aceh/Rp.202.134.500","0",,"0000-00-00",,NULL
"1.3.2.10.02.04.023","Wireless Access Point","0272",,"Mikrotik Routerboard RB 4",,"Unit","4700000","Pembelian","2020-12-31","DISKOMINSA","Intra","Pengadaan Router dan Akses Point dan Radio Client Untuk Kebutuhan Interkoneksi E-Aceh/Rp.202.134.500","0",,"0000-00-00",,NULL
"1.3.2.10.02.04.023","Wireless Access Point","0273",,"Ubiquiti PowerBeam M5 5GH",,"Unit","1703700","Pembelian","2020-12-31","DISKOMINSA","Intra","Pengadaan Router dan Akses Point dan Radio Client Untuk Kebutuhan Interkoneksi E-Aceh/Rp.202.134.500","0",,"0000-00-00",,NULL
"1.3.2.10.02.04.023","Wireless Access Point","0274",,"Ubiquiti PowerBeam M5 5GH",,"Unit","1703700","Pembelian","2020-12-31","DISKOMINSA","Intra","Pengadaan Router dan Akses Point dan Radio Client Untuk Kebutuhan Interkoneksi E-Aceh/Rp.202.134.500","0",,"0000-00-00",,NULL
"1.3.2.10.02.04.023","Wireless Access Point","0275",,"Ubiquiti PowerBeam M5 5GH",,"Unit","1703700","Pembelian","2020-12-31","DISKOMINSA","Intra","Pengadaan Router dan Akses Point dan Radio Client Untuk Kebutuhan Interkoneksi E-Aceh/Rp.202.134.500","0",,"0000-00-00",,NULL
"1.3.2.10.02.04.023","Wireless Access Point","0276",,"Ubiquiti PowerBeam M5 5GH",,"Unit","1703700","Pembelian","2020-12-31","DISKOMINSA","Intra","Pengadaan Router dan Akses Point dan Radio Client Untuk Kebutuhan Interkoneksi E-Aceh/Rp.202.134.500","0",,"0000-00-00",,NULL
"1.3.2.10.02.04.023","Wireless Access Point","0277",,"Ubiquiti PowerBeam M5 5GH",,"Unit","1703700","Pembelian","2020-12-31","DISKOMINSA","Intra","Pengadaan Router dan Akses Point dan Radio Client Untuk Kebutuhan Interkoneksi E-Aceh/Rp.202.134.500","0",,"0000-00-00",,NULL
"1.3.2.10.02.04.024","Switch","0032",,"Ethernet / Black",,"Unit","82500","Pembelian","2012-12-31","DISKOMINSA","Extra","Reklas dari TDF (2020), Power Over, Perangkat Accessories Jaringan","0",,"0000-00-00",,NULL
"1.3.2.10.02.04.024","Switch","0033",,"Ethernet / Black",,"Unit","82500","Pembelian","2012-12-31","DISKOMINSA","Extra","Reklas dari TDF (2020), Power Over, Perangkat Accessories Jaringan","0",,"0000-00-00",,NULL
"1.3.2.10.02.04.024","Switch","0034",,"Ethernet / Black",,"Unit","82500","Pembelian","2012-12-31","DISKOMINSA","Extra","Reklas dari TDF (2020), Power Over, Perangkat Accessories Jaringan","0",,"0000-00-00",,NULL
"1.3.2.10.02.04.024","Switch","0035",,"Ethernet / Black",,"Unit","82500","Pembelian","2012-12-31","DISKOMINSA","Extra","Reklas dari TDF (2020), Power Over, Perangkat Accessories Jaringan","0",,"0000-00-00",,NULL
"1.3.2.10.02.04.024","Switch","0036",,"Ethernet / Black",,"Unit","82500","Pembelian","2012-12-31","DISKOMINSA","Extra","Reklas dari TDF (2020), Power Over, Perangkat Accessories Jaringan","0",,"0000-00-00",,NULL
"1.3.2.10.02.04.024","Switch","0037",,"Ethernet / Black",,"Unit","82500","Pembelian","2012-12-31","DISKOMINSA","Extra","Reklas dari TDF (2020), Power Over, Perangkat Accessories Jaringan","0",,"0000-00-00",,NULL
"1.3.2.10.02.04.024","Switch","0038",,"Ethernet / Black",,"Unit","82500","Pembelian","2012-12-31","DISKOMINSA","Extra","Reklas dari TDF (2020), Power Over, Perangkat Accessories Jaringan","0",,"0000-00-00",,NULL
"1.3.2.10.02.04.024","Switch","0039",,"Ethernet / Black",,"Unit","82500","Pembelian","2012-12-31","DISKOMINSA","Extra","Reklas dari TDF (2020), Power Over, Perangkat Accessories Jaringan","0",,"0000-00-00",,NULL
"1.3.2.10.02.04.024","Switch","0040",,"Ethernet / Black",,"Unit","82500","Pembelian","2012-12-31","DISKOMINSA","Extra","Reklas dari TDF (2020), Power Over, Perangkat Accessories Jaringan","0",,"0000-00-00",,NULL
"1.3.2.10.02.04.024","Switch","0041",,"Ethernet / Black",,"Unit","82500","Pembelian","2012-12-31","DISKOMINSA","Extra","Reklas dari TDF (2020), Power Over, Perangkat Accessories Jaringan","0",,"0000-00-00",,NULL
"1.3.2.10.02.04.024","Switch","0042",,"Ethernet / Black",,"Unit","82500","Pembelian","2012-12-31","DISKOMINSA","Extra","Reklas dari TDF (2020), Power Over, Perangkat Accessories Jaringan","0",,"0000-00-00",,NULL
"1.3.2.10.02.04.024","Switch","0043",,"Ethernet / Black",,"Unit","82500","Pembelian","2012-12-31","DISKOMINSA","Extra","Reklas dari TDF (2020), Power Over, Perangkat Accessories Jaringan","0",,"0000-00-00",,NULL
"1.3.2.10.02.04.024","Switch","0044",,"Ethernet / White",,"Unit","121000","Pembelian","2012-12-31","DISKOMINSA","Extra","Reklas dari TDF (2020), Power Over, Perangkat Accessories Jaringan","0",,"0000-00-00",,NULL
"1.3.2.10.02.04.024","Switch","0045",,"Ethernet / White",,"Unit","121000","Pembelian","2012-12-31","DISKOMINSA","Extra","Reklas dari TDF (2020), Power Over, Perangkat Accessories Jaringan","0",,"0000-00-00",,NULL
"1.3.2.10.02.04.024","Switch","0046",,"Ethernet / White",,"Unit","121000","Pembelian","2012-12-31","DISKOMINSA","Extra","Reklas dari TDF (2020), Power Over, Perangkat Accessories Jaringan","0",,"0000-00-00",,NULL
"1.3.2.10.02.04.024","Switch","0047",,"Ethernet / White",,"Unit","121000","Pembelian","2012-12-31","DISKOMINSA","Extra","Reklas dari TDF (2020), Power Over, Perangkat Accessories Jaringan","0",,"0000-00-00",,NULL
"1.3.2.10.02.04.024","Switch","0048",,"Ethernet / White",,"Unit","121000","Pembelian","2012-12-31","DISKOMINSA","Extra","Reklas dari TDF (2020), Power Over, Perangkat Accessories Jaringan","0",,"0000-00-00",,NULL
"1.3.2.10.02.04.024","Switch","0049",,"Ethernet / White",,"Unit","121000","Pembelian","2012-12-31","DISKOMINSA","Extra","Reklas dari TDF (2020), Power Over, Perangkat Accessories Jaringan","0",,"0000-00-00",,NULL
"1.3.2.10.02.04.024","Switch","0050",,"Ethernet / White",,"Unit","121000","Pembelian","2012-12-31","DISKOMINSA","Extra","Reklas dari TDF (2020), Power Over, Perangkat Accessories Jaringan","0",,"0000-00-00",,NULL
"1.3.2.10.02.04.024","Switch","0051",,"Ethernet / White",,"Unit","121000","Pembelian","2012-12-31","DISKOMINSA","Extra","Reklas dari TDF (2020), Power Over, Perangkat Accessories Jaringan","0",,"0000-00-00",,NULL
"1.3.2.10.02.04.024","Switch","0052",,"Ethernet / White",,"Unit","121000","Pembelian","2012-12-31","DISKOMINSA","Extra","Reklas dari TDF (2020), Power Over, Perangkat Accessories Jaringan","0",,"0000-00-00",,NULL
"1.3.2.10.02.04.024","Switch","0053",,"Ethernet / White",,"Unit","121000","Pembelian","2012-12-31","DISKOMINSA","Extra","Reklas dari TDF (2020), Power Over, Perangkat Accessories Jaringan","0",,"0000-00-00",,NULL
"1.3.2.10.02.04.024","Switch","0054",,"Ethernet / White",,"Unit","121000","Pembelian","2012-12-31","DISKOMINSA","Extra","Reklas dari TDF (2020), Power Over, Perangkat Accessories Jaringan","0",,"0000-00-00",,NULL
"1.3.2.10.02.04.024","Switch","0055",,"Ethernet / White",,"Unit","121000","Pembelian","2012-12-31","DISKOMINSA","Extra","Reklas dari TDF (2020), Power Over, Perangkat Accessories Jaringan","0",,"0000-00-00",,NULL
"1.3.2.05.01.05.002","CCTV - Camera Control Television System","0001",,"Avtech  / AVM428A",,"Unit","5766000","Pembelian","2015-12-31","DISKOMINSA","Intra","PSITT/BA: 07/11/BA-PP/2015(IP Camera)","0","RB","2026-01-04",,NULL
"1.3.2.10.02.04.024","Switch","0068",,"D-Link",,"Unit","6483000","Pembelian","2014-12-31","DISKOMINSA","Intra","Switch Hub - UPTD Telematika","0",,"0000-00-00",,NULL
"1.3.2.10.02.04.024","Switch","0069",,"D-Link",,"Unit","6483000","Pembelian","2014-12-31","DISKOMINSA","Intra","Switch Hub - UPTD Telematika","0",,"0000-00-00",,NULL
"1.3.2.10.02.04.024","Switch","0070",,"D-Link",,"Unit","6483000","Pembelian","2014-12-31","DISKOMINSA","Intra","Switch Hub - UPTD Telematika","0",,"0000-00-00",,NULL
"1.3.2.10.02.04.024","Switch","0071",,"D-Link",,"Unit","6483000","Pembelian","2014-12-31","DISKOMINSA","Intra","Switch Hub - UPTD Telematika","0",,"0000-00-00",,NULL
"1.3.2.10.02.04.024","Switch","0072",,"D-Link",,"Unit","6483000","Pembelian","2014-12-31","DISKOMINSA","Intra","Switch Hub - UPTD Telematika","0",,"0000-00-00",,NULL
"1.3.2.10.02.04.024","Switch","0073",,"D-Link",,"Unit","6483000","Pembelian","2014-12-31","DISKOMINSA","Intra","Switch Hub - UPTD Telematika","0",,"0000-00-00",,NULL
"1.3.2.10.02.04.024","Switch","0074",,"D-Link",,"Unit","6483000","Pembelian","2014-12-31","DISKOMINSA","Intra","Switch Hub - UPTD Telematika","0",,"0000-00-00",,NULL
"1.3.2.10.02.04.024","Switch","0075",,"D-Link",,"Unit","6483000","Pembelian","2014-12-31","DISKOMINSA","Intra","Switch Hub - UPTD Telematika","0",,"0000-00-00",,NULL
"1.3.2.10.02.04.024","Switch","0076",,"D-Link",,"Unit","6483000","Pembelian","2014-12-31","DISKOMINSA","Intra","Switch Hub - UPTD Telematika","0",,"0000-00-00",,NULL
"1.3.2.10.02.04.024","Switch","0077",,"Cisco / WS-C2960S-24PDL",,"Unit","74140000","Pembelian","2014-12-31","DISKOMINSA","Intra","Switch dgn Interface Giga Ethernet - Bid. PSITT","0",,"0000-00-00",,NULL
"1.3.2.10.02.04.024","Switch","0078",,"Cisco / WS-C2960S-24PDL",,"Unit","74140000","Pembelian","2014-12-31","DISKOMINSA","Intra","Switch dgn Interface Giga Ethernet - Bid. PSITT","0",,"0000-00-00",,NULL
"1.3.2.10.02.04.024","Switch","0079",,"- /  Gigabit Switch",,"Unit","396220000","Pembelian","2015-12-31","DISKOMINSA","Intra","PSITT (Perangkat Gigabit Switch)","0",,"0000-00-00",,NULL
"1.3.2.10.02.04.024","Switch","0080",,"TP-Link Jet Stream / Swit",,"Unit","5983950","Pembelian","2015-12-31","DISKOMINSA","Intra","UPTD Telematika/BA: 10/02/BA-PP/2015 (Switch Hub)","0",,"0000-00-00",,NULL
"1.3.2.10.02.04.024","Switch","0081",,"TP-Link Jet Stream / Swit",,"Unit","5983950","Pembelian","2015-12-31","DISKOMINSA","Intra","UPTD Telematika/BA: 10/02/BA-PP/2015 (Switch Hub)","0",,"0000-00-00",,NULL
"1.3.2.10.02.04.024","Switch","0082",,"TP-Link Jet Stream / Swit",,"Unit","5983950","Pembelian","2015-12-31","DISKOMINSA","Intra","UPTD Telematika/BA: 10/02/BA-PP/2015 (Switch Hub)","0",,"0000-00-00",,NULL
"1.3.2.10.02.04.024","Switch","0083",,"TP-Link Jet Stream / Swit",,"Unit","5983950","Pembelian","2015-12-31","DISKOMINSA","Intra","UPTD Telematika/BA: 10/02/BA-PP/2015 (Switch Hub)","0",,"0000-00-00",,NULL
"1.3.2.10.02.04.024","Switch","0084",,"TP-Link Jet Stream / Swit",,"Unit","5983950","Pembelian","2015-12-31","DISKOMINSA","Intra","UPTD Telematika/BA: 10/02/BA-PP/2015 (Switch Hub)","0",,"0000-00-00",,NULL
"1.3.2.10.02.04.024","Switch","0085",,"TP-Link Jet Stream / Swit",,"Unit","5983950","Pembelian","2015-12-31","DISKOMINSA","Intra","UPTD Telematika/BA: 10/02/BA-PP/2015 (Switch Hub)","0",,"0000-00-00",,NULL
"1.3.2.10.02.04.024","Switch","0086",,"TP-Link Jet Stream / Swit",,"Unit","5983950","Pembelian","2015-12-31","DISKOMINSA","Intra","UPTD Telematika/BA: 10/02/BA-PP/2015 (Switch Hub)","0",,"0000-00-00",,NULL
"1.3.2.10.02.04.024","Switch","0087",,"TP-Link Jet Stream / Swit",,"Unit","5983950","Pembelian","2015-12-31","DISKOMINSA","Intra","UPTD Telematika/BA: 10/02/BA-PP/2015 (Switch Hub)","0",,"0000-00-00",,NULL
"1.3.2.10.02.04.024","Switch","0088",,"TP-Link Jet Stream / Swit",,"Unit","5983950","Pembelian","2015-12-31","DISKOMINSA","Intra","UPTD Telematika/BA: 10/02/BA-PP/2015 (Switch Hub)","0",,"0000-00-00",,NULL
"1.3.2.10.02.04.024","Switch","0089",,"TP-Link Jet Stream / Swit",,"Unit","5983950","Pembelian","2015-12-31","DISKOMINSA","Intra","UPTD Telematika/BA: 10/02/BA-PP/2015 (Switch Hub)","0",,"0000-00-00",,NULL
"1.3.2.10.02.04.024","Switch","0090",,"TP-Link Jet Stream / Swit",,"Unit","5983950","Pembelian","2015-12-31","DISKOMINSA","Intra","UPTD Telematika/BA: 10/02/BA-PP/2015 (Switch Hub)","0",,"0000-00-00",,NULL
"1.3.2.10.02.04.024","Switch","0091",,"TP-Link Jet Stream / Swit",,"Unit","5983950","Pembelian","2015-12-31","DISKOMINSA","Intra","UPTD Telematika/BA: 10/02/BA-PP/2015 (Switch Hub)","0",,"0000-00-00",,NULL
"1.3.2.10.02.04.024","Switch","0092",,"TP-Link Jet Stream / Swit",,"Unit","5983950","Pembelian","2015-12-31","DISKOMINSA","Intra","UPTD Telematika/BA: 10/02/BA-PP/2015 (Switch Hub)","0",,"0000-00-00",,NULL
"1.3.2.10.02.04.024","Switch","0093",,"TP-Link Jet Stream / Swit",,"Unit","5983950","Pembelian","2015-12-31","DISKOMINSA","Intra","UPTD Telematika/BA: 10/02/BA-PP/2015 (Switch Hub)","0",,"0000-00-00",,NULL
"1.3.2.10.02.04.024","Switch","0094",,"TP-Link Jet Stream / Swit",,"Unit","5983950","Pembelian","2015-12-31","DISKOMINSA","Intra","UPTD Telematika/BA: 10/02/BA-PP/2015 (Switch Hub)","0",,"0000-00-00",,NULL
"1.3.2.10.02.04.024","Switch","0095",,"TP-Link Jet Stream / Swit",,"Unit","5983950","Pembelian","2015-12-31","DISKOMINSA","Intra","UPTD Telematika/BA: 10/02/BA-PP/2015 (Switch Hub)","0",,"0000-00-00",,NULL
"1.3.2.10.02.04.024","Switch","0096",,"TP-Link Jet Stream / Swit",,"Unit","5983950","Pembelian","2015-12-31","DISKOMINSA","Intra","UPTD Telematika/BA: 10/02/BA-PP/2015 (Switch Hub)","0",,"0000-00-00",,NULL
"1.3.2.10.02.04.024","Switch","0097",,"TP-Link Jet Stream / Swit",,"Unit","5983950","Pembelian","2015-12-31","DISKOMINSA","Intra","UPTD Telematika/BA: 10/02/BA-PP/2015 (Switch Hub)","0",,"0000-00-00",,NULL
"1.3.2.10.02.04.024","Switch","0098",,"TP-Link Jet Stream / Swit",,"Unit","5983950","Pembelian","2015-12-31","DISKOMINSA","Intra","UPTD Telematika/BA: 10/02/BA-PP/2015 (Switch Hub)","0",,"0000-00-00",,NULL
"1.3.2.10.02.04.024","Switch","0099",,"TP-Link Jet Stream / Swit",,"Unit","5983950","Pembelian","2015-12-31","DISKOMINSA","Intra","UPTD Telematika/BA: 10/02/BA-PP/2015 (Switch Hub)","0",,"0000-00-00",,NULL
"1.3.2.10.02.04.024","Switch","0100",,"TP-Link Jet Stream / Swit",,"Unit","5983950","Pembelian","2015-12-31","DISKOMINSA","Intra","UPTD Telematika/BA: 10/02/BA-PP/2015 (Switch Hub)","0",,"0000-00-00",,NULL
"1.3.2.10.02.04.024","Switch","0101",,"TP-Link Jet Stream / Swit",,"Unit","5983950","Pembelian","2015-12-31","DISKOMINSA","Intra","UPTD Telematika/BA: 10/02/BA-PP/2015 (Switch Hub)","0",,"0000-00-00",,NULL
"1.3.2.10.02.04.024","Switch","0102",,"TP-Link Jet Stream / Swit",,"Unit","5983950","Pembelian","2015-12-31","DISKOMINSA","Intra","UPTD Telematika/BA: 10/02/BA-PP/2015 (Switch Hub)","0",,"0000-00-00",,NULL
"1.3.2.10.02.04.024","Switch","0103",,"TP-Link Jet Stream / Swit",,"Unit","5983950","Pembelian","2015-12-31","DISKOMINSA","Intra","UPTD Telematika/BA: 10/02/BA-PP/2015 (Switch Hub)","0",,"0000-00-00",,NULL
"1.3.2.10.02.04.024","Switch","0104",,"TP-Link Jet Stream / Swit",,"Unit","5983950","Pembelian","2015-12-31","DISKOMINSA","Intra","UPTD Telematika/BA: 10/02/BA-PP/2015 (Switch Hub)","0",,"0000-00-00",,NULL
"1.3.2.10.02.04.024","Switch","0105",,"TP-Link Jet Stream / Swit",,"Unit","5983950","Pembelian","2015-12-31","DISKOMINSA","Intra","UPTD Telematika/BA: 10/02/BA-PP/2015 (Switch Hub)","0",,"0000-00-00",,NULL
"1.3.2.10.02.04.024","Switch","0106",,"TP-Link Jet Stream / Swit",,"Unit","5983950","Pembelian","2015-12-31","DISKOMINSA","Intra","UPTD Telematika/BA: 10/02/BA-PP/2015 (Switch Hub)","0",,"0000-00-00",,NULL
"1.3.2.10.02.04.024","Switch","0107",,"TP-Link Jet Stream / Swit",,"Unit","5983350","Pembelian","2015-12-31","DISKOMINSA","Intra","UPTD Telematika/BA: 10/02/BA-PP/2015 (Switch Hub)","0",,"0000-00-00",,NULL
"1.3.2.10.02.04.024","Switch","0108",,"Switch",,"Unit","1430000","Pembelian","2015-12-31","DISKOMINSA","Intra","E-KINERJA PSITT (Switch )","0",,"0000-00-00",,NULL
"1.3.2.10.02.04.024","Switch","0109",,"Switch",,"Unit","1430000","Pembelian","2015-12-31","DISKOMINSA","Intra","E-KINERJA PSITT (Switch )","0",,"0000-00-00",,NULL
"1.3.2.10.02.04.024","Switch","0110",,"Switch",,"Unit","1430000","Pembelian","2015-12-31","DISKOMINSA","Intra","E-KINERJA PSITT (Switch )","0",,"0000-00-00",,NULL
"1.3.2.10.02.04.024","Switch","0111",,"Switch",,"Unit","1430000","Pembelian","2015-12-31","DISKOMINSA","Intra","E-KINERJA PSITT (Switch )","0",,"0000-00-00",,NULL
"1.3.2.10.02.04.024","Switch","0112",,"Switch",,"Unit","1430000","Pembelian","2015-12-31","DISKOMINSA","Intra","E-KINERJA PSITT (Switch )","0",,"0000-00-00",,NULL
"1.3.2.10.02.04.024","Switch","0113",,"Switch",,"Unit","1430000","Pembelian","2015-12-31","DISKOMINSA","Intra","E-KINERJA PSITT (Switch )","0",,"0000-00-00",,NULL
"1.3.2.10.02.04.024","Switch","0114",,"Switch",,"Unit","1430000","Pembelian","2015-12-31","DISKOMINSA","Intra","E-KINERJA PSITT (Switch )","0",,"0000-00-00",,NULL
"1.3.2.10.02.04.024","Switch","0115",,"Switch",,"Unit","1430000","Pembelian","2015-12-31","DISKOMINSA","Intra","E-KINERJA PSITT (Switch )","0",,"0000-00-00",,NULL
"1.3.2.10.02.04.024","Switch","0116",,"Switch",,"Unit","1430000","Pembelian","2015-12-31","DISKOMINSA","Intra","E-KINERJA PSITT (Switch )","0",,"0000-00-00",,NULL
"1.3.2.10.02.04.024","Switch","0117",,"Switch",,"Unit","1430000","Pembelian","2015-12-31","DISKOMINSA","Intra","E-KINERJA PSITT (Switch )","0",,"0000-00-00",,NULL
"1.3.2.10.02.04.024","Switch","0118",,"Switch",,"Unit","1430000","Pembelian","2015-12-31","DISKOMINSA","Intra","E-KINERJA PSITT (Switch )","0",,"0000-00-00",,NULL
"1.3.2.10.02.04.024","Switch","0119",,"Switch",,"Unit","1430000","Pembelian","2015-12-31","DISKOMINSA","Intra","E-KINERJA PSITT (Switch )","0",,"0000-00-00",,NULL
"1.3.2.10.02.04.024","Switch","0120",,"Switch",,"Unit","1430000","Pembelian","2015-12-31","DISKOMINSA","Intra","E-KINERJA PSITT (Switch )","0",,"0000-00-00",,NULL
"1.3.2.10.02.04.024","Switch","0121",,"Switch",,"Unit","1430000","Pembelian","2015-12-31","DISKOMINSA","Intra","E-KINERJA PSITT (Switch )","0",,"0000-00-00",,NULL
"1.3.2.10.02.04.024","Switch","0122",,"Switch",,"Unit","1430000","Pembelian","2015-12-31","DISKOMINSA","Intra","E-KINERJA PSITT (Switch )","0",,"0000-00-00",,NULL
"1.3.2.10.02.04.024","Switch","0123",,"Switch",,"Unit","1430000","Pembelian","2015-12-31","DISKOMINSA","Intra","E-KINERJA PSITT (Switch )","0",,"0000-00-00",,NULL
"1.3.2.10.02.04.024","Switch","0124",,"Switch",,"Unit","1430000","Pembelian","2015-12-31","DISKOMINSA","Intra","E-KINERJA PSITT (Switch )","0",,"0000-00-00",,NULL
"1.3.2.10.02.04.024","Switch","0125",,"Switch",,"Unit","1430000","Pembelian","2015-12-31","DISKOMINSA","Intra","E-KINERJA PSITT (Switch )","0",,"0000-00-00",,NULL
"1.3.2.10.02.04.024","Switch","0126",,"Switch",,"Unit","1430000","Pembelian","2015-12-31","DISKOMINSA","Intra","E-KINERJA PSITT (Switch )","0",,"0000-00-00",,NULL
"1.3.2.10.02.04.024","Switch","0127",,"Switch",,"Unit","1430000","Pembelian","2015-12-31","DISKOMINSA","Intra","E-KINERJA PSITT (Switch )","0",,"0000-00-00",,NULL
"1.3.2.10.02.04.024","Switch","0128",,"Switch",,"Unit","1430000","Pembelian","2015-12-31","DISKOMINSA","Intra","E-KINERJA PSITT (Switch )","0",,"0000-00-00",,NULL
"1.3.2.10.02.04.024","Switch","0129",,"Switch",,"Unit","1430000","Pembelian","2015-12-31","DISKOMINSA","Intra","E-KINERJA PSITT (Switch )","0",,"0000-00-00",,NULL
"1.3.2.10.02.04.024","Switch","0130",,"Switch",,"Unit","1430000","Pembelian","2015-12-31","DISKOMINSA","Intra","E-KINERJA PSITT (Switch )","0",,"0000-00-00",,NULL
"1.3.2.10.02.04.024","Switch","0131",,"Switch",,"Unit","1430000","Pembelian","2015-12-31","DISKOMINSA","Intra","E-KINERJA PSITT (Switch )","0",,"0000-00-00",,NULL
"1.3.2.10.02.04.024","Switch","0132",,"Switch",,"Unit","1430000","Pembelian","2015-12-31","DISKOMINSA","Intra","E-KINERJA PSITT (Switch )","0",,"0000-00-00",,NULL
"1.3.2.10.02.04.024","Switch","0133",,"Switch",,"Unit","1430000","Pembelian","2015-12-31","DISKOMINSA","Intra","E-KINERJA PSITT (Switch )","0",,"0000-00-00",,NULL
"1.3.2.10.02.04.024","Switch","0134",,"Switch",,"Unit","1430000","Pembelian","2015-12-31","DISKOMINSA","Intra","E-KINERJA PSITT (Switch )","0",,"0000-00-00",,NULL
"1.3.2.10.02.04.024","Switch","0135",,"Switch",,"Unit","1430000","Pembelian","2015-12-31","DISKOMINSA","Intra","E-KINERJA PSITT (Switch )","0",,"0000-00-00",,NULL
"1.3.2.10.02.04.024","Switch","0136",,"Switch",,"Unit","1430000","Pembelian","2015-12-31","DISKOMINSA","Intra","E-KINERJA PSITT (Switch )","0",,"0000-00-00",,NULL
"1.3.2.10.02.04.024","Switch","0137",,"Switch",,"Unit","1430000","Pembelian","2015-12-31","DISKOMINSA","Intra","E-KINERJA PSITT (Switch )","0",,"0000-00-00",,NULL
"1.3.2.10.02.04.024","Switch","0138",,"Switch",,"Unit","1430000","Pembelian","2015-12-31","DISKOMINSA","Intra","E-KINERJA PSITT (Switch )","0",,"0000-00-00",,NULL
"1.3.2.10.02.04.024","Switch","0139",,"Switch",,"Unit","1430000","Pembelian","2015-12-31","DISKOMINSA","Intra","E-KINERJA PSITT (Switch )","0",,"0000-00-00",,NULL
"1.3.2.10.02.04.024","Switch","0140",,"Switch",,"Unit","1430000","Pembelian","2015-12-31","DISKOMINSA","Intra","E-KINERJA PSITT (Switch )","0",,"0000-00-00",,NULL
"1.3.2.10.02.04.024","Switch","0141",,"Switch",,"Unit","1430000","Pembelian","2015-12-31","DISKOMINSA","Intra","E-KINERJA PSITT (Switch )","0",,"0000-00-00",,NULL
"1.3.2.10.02.04.024","Switch","0142",,"Switch",,"Unit","1430000","Pembelian","2015-12-31","DISKOMINSA","Intra","E-KINERJA PSITT (Switch )","0",,"0000-00-00",,NULL
"1.3.2.10.02.04.024","Switch","0143",,"Switch",,"Unit","1430000","Pembelian","2015-12-31","DISKOMINSA","Intra","E-KINERJA PSITT (Switch )","0",,"0000-00-00",,NULL
"1.3.2.10.02.04.024","Switch","0144",,"Switch",,"Unit","1430000","Pembelian","2015-12-31","DISKOMINSA","Intra","E-KINERJA PSITT (Switch )","0",,"0000-00-00",,NULL
"1.3.2.10.02.04.024","Switch","0145",,"Switch",,"Unit","1430000","Pembelian","2015-12-31","DISKOMINSA","Intra","E-KINERJA PSITT (Switch )","0",,"0000-00-00",,NULL
"1.3.2.10.02.04.024","Switch","0146",,"Switch",,"Unit","1430000","Pembelian","2015-12-31","DISKOMINSA","Intra","E-KINERJA PSITT (Switch )","0",,"0000-00-00",,NULL
"1.3.2.10.02.04.024","Switch","0147",,"Switch",,"Unit","1430000","Pembelian","2015-12-31","DISKOMINSA","Intra","E-KINERJA PSITT (Switch )","0",,"0000-00-00",,NULL
"1.3.2.10.02.04.024","Switch","0148",,"Switch",,"Unit","1430000","Pembelian","2015-12-31","DISKOMINSA","Intra","E-KINERJA PSITT (Switch )","0",,"0000-00-00",,NULL
"1.3.2.10.02.04.024","Switch","0149",,"Switch",,"Unit","1430000","Pembelian","2015-12-31","DISKOMINSA","Intra","E-KINERJA PSITT (Switch )","0",,"0000-00-00",,NULL
"1.3.2.10.02.04.024","Switch","0150",,"Switch",,"Unit","1430000","Pembelian","2015-12-31","DISKOMINSA","Intra","E-KINERJA PSITT (Switch )","0",,"0000-00-00",,NULL
"1.3.2.10.02.04.024","Switch","0151",,"Switch",,"Unit","1430000","Pembelian","2015-12-31","DISKOMINSA","Intra","E-KINERJA PSITT (Switch )","0",,"0000-00-00",,NULL
"1.3.2.10.02.04.024","Switch","0152",,"Switch",,"Unit","1430000","Pembelian","2015-12-31","DISKOMINSA","Intra","E-KINERJA PSITT (Switch )","0",,"0000-00-00",,NULL
"1.3.2.10.02.04.024","Switch","0153",,"Switch",,"Unit","1430000","Pembelian","2015-12-31","DISKOMINSA","Intra","E-KINERJA PSITT (Switch )","0",,"0000-00-00",,NULL
"1.3.2.10.02.04.024","Switch","0154",,"Switch",,"Unit","1430000","Pembelian","2015-12-31","DISKOMINSA","Intra","E-KINERJA PSITT (Switch )","0",,"0000-00-00",,NULL
"1.3.2.10.02.04.024","Switch","0155",,"Switch",,"Unit","1430000","Pembelian","2015-12-31","DISKOMINSA","Intra","E-KINERJA PSITT (Switch )","0",,"0000-00-00",,NULL
"1.3.2.10.02.04.024","Switch","0156",,"Switch",,"Unit","1430000","Pembelian","2015-12-31","DISKOMINSA","Intra","E-KINERJA PSITT (Switch )","0",,"0000-00-00",,NULL
"1.3.2.10.02.04.024","Switch","0157",,"Switch",,"Unit","1430000","Pembelian","2015-12-31","DISKOMINSA","Intra","E-KINERJA PSITT (Switch )","0",,"0000-00-00",,NULL
"1.3.2.10.02.04.024","Switch","0158",,"Switch",,"Unit","1430000","Pembelian","2015-12-31","DISKOMINSA","Intra","E-KINERJA PSITT (Switch )","0",,"0000-00-00",,NULL
"1.3.2.10.02.04.024","Switch","0159",,"Switch",,"Unit","1430000","Pembelian","2015-12-31","DISKOMINSA","Intra","E-KINERJA PSITT (Switch )","0",,"0000-00-00",,NULL
"1.3.2.10.02.04.024","Switch","0160",,"Switch",,"Unit","1430000","Pembelian","2015-12-31","DISKOMINSA","Intra","E-KINERJA PSITT (Switch )","0",,"0000-00-00",,NULL
"1.3.2.10.02.04.024","Switch","0161",,"Switch",,"Unit","1430000","Pembelian","2015-12-31","DISKOMINSA","Intra","E-KINERJA PSITT (Switch )","0",,"0000-00-00",,NULL
"1.3.2.10.02.04.024","Switch","0162",,"Switch",,"Unit","1430000","Pembelian","2015-12-31","DISKOMINSA","Intra","E-KINERJA PSITT (Switch )","0",,"0000-00-00",,NULL
"1.3.2.10.02.04.024","Switch","0163",,"Switch POE",,"Unit","3564000","Pembelian","2015-12-31","DISKOMINSA","Intra","UPTD Telematika/BA: 10/11/BA-PP/2015 (Switch Power Over Ethernet)","0",,"0000-00-00",,NULL
"1.3.2.10.02.04.024","Switch","0164",,"Switch POE",,"Unit","3564000","Pembelian","2015-12-31","DISKOMINSA","Intra","UPTD Telematika/BA: 10/11/BA-PP/2015 (Switch Power Over Ethernet)","0",,"0000-00-00",,NULL
"1.3.2.10.02.04.024","Switch","0165",,"Switch POE",,"Unit","3564000","Pembelian","2015-12-31","DISKOMINSA","Intra","UPTD Telematika/BA: 10/11/BA-PP/2015 (Switch Power Over Ethernet)","0",,"0000-00-00",,NULL
"1.3.2.10.02.04.024","Switch","0166",,"Switch POE",,"Unit","3564000","Pembelian","2015-12-31","DISKOMINSA","Intra","UPTD Telematika/BA: 10/11/BA-PP/2015 (Switch Power Over Ethernet)","0",,"0000-00-00",,NULL
"1.3.2.10.02.04.024","Switch","0167",,"Switch POE",,"Unit","3564000","Pembelian","2015-12-31","DISKOMINSA","Intra","UPTD Telematika/BA: 10/11/BA-PP/2015 (Switch Power Over Ethernet)","0",,"0000-00-00",,NULL
"1.3.2.10.02.04.024","Switch","0168",,"Switch POE",,"Unit","3564000","Pembelian","2015-12-31","DISKOMINSA","Intra","UPTD Telematika/BA: 10/11/BA-PP/2015 (Switch Power Over Ethernet)","0",,"0000-00-00",,NULL
"1.3.2.10.02.04.024","Switch","0169",,"Trend net / Kabel Switch",,"Unit","500500","Pembelian","2015-12-31","DISKOMINSA","Extra","PSITT/BA: 07/06/BA-PP/2015 (Kabel Switch Trend net 3 Meter)","0",,"0000-00-00",,NULL
"1.3.2.10.02.04.024","Switch","0170",,"Trend net / Kabel Switch",,"Unit","500500","Pembelian","2015-12-31","DISKOMINSA","Extra","PSITT/BA: 07/06/BA-PP/2015 (Kabel Switch Trend net 3 Meter)","0",,"0000-00-00",,NULL
"1.3.2.10.02.04.024","Switch","0171",,"Trend net / Kabel Switch",,"Unit","500500","Pembelian","2015-12-31","DISKOMINSA","Extra","PSITT/BA: 07/06/BA-PP/2015 (Kabel Switch Trend net 3 Meter)","0",,"0000-00-00",,NULL
"1.3.2.10.02.04.024","Switch","0172",,"Trend net / Kabel Switch",,"Unit","500500","Pembelian","2015-12-31","DISKOMINSA","Extra","PSITT/BA: 07/06/BA-PP/2015 (Kabel Switch Trend net 3 Meter)","0",,"0000-00-00",,NULL
"1.3.2.10.02.04.024","Switch","0173",,"Trend net / Kabel Switch",,"Unit","500500","Pembelian","2015-12-31","DISKOMINSA","Extra","PSITT/BA: 07/06/BA-PP/2015 (Kabel Switch Trend net 3 Meter)","0",,"0000-00-00",,NULL
"1.3.2.10.02.04.024","Switch","0174",,"Trend net / Kabel Switch",,"Unit","500500","Pembelian","2015-12-31","DISKOMINSA","Extra","PSITT/BA: 07/06/BA-PP/2015 (Kabel Switch Trend net 3 Meter)","0",,"0000-00-00",,NULL
"1.3.2.10.02.04.024","Switch","0175",,"Trend net / Kabel Switch",,"Unit","500500","Pembelian","2015-12-31","DISKOMINSA","Extra","PSITT/BA: 07/06/BA-PP/2015 (Kabel Switch Trend net 3 Meter)","0",,"0000-00-00",,NULL
"1.3.2.10.02.04.024","Switch","0176",,"Trend net / Kabel Switch",,"Unit","500500","Pembelian","2015-12-31","DISKOMINSA","Extra","PSITT/BA: 07/06/BA-PP/2015 (Kabel Switch Trend net 3 Meter)","0",,"0000-00-00",,NULL
"1.3.2.10.02.04.024","Switch","0177",,"Trend net / Kabel Switch",,"Unit","500500","Pembelian","2015-12-31","DISKOMINSA","Extra","PSITT/BA: 07/06/BA-PP/2015 (Kabel Switch Trend net 3 Meter)","0",,"0000-00-00",,NULL
"1.3.2.10.02.04.024","Switch","0178",,"Trend net / Kabel Switch",,"Unit","500500","Pembelian","2015-12-31","DISKOMINSA","Extra","PSITT/BA: 07/06/BA-PP/2015 (Kabel Switch Trend net 3 Meter)","0",,"0000-00-00",,NULL
"1.3.2.10.02.04.024","Switch","0179",,"Trend net / Kabel Switch",,"Unit","500500","Pembelian","2015-12-31","DISKOMINSA","Extra","PSITT/BA: 07/06/BA-PP/2015 (Kabel Switch Trend net 3 Meter)","0",,"0000-00-00",,NULL
"1.3.2.10.02.04.024","Switch","0180",,"Trend net / Kabel Switch",,"Unit","500500","Pembelian","2015-12-31","DISKOMINSA","Extra","PSITT/BA: 07/06/BA-PP/2015 (Kabel Switch Trend net 3 Meter)","0",,"0000-00-00",,NULL
"1.3.2.10.02.04.024","Switch","0181",,"Trend net / Kabel Switch",,"Unit","500500","Pembelian","2015-12-31","DISKOMINSA","Extra","PSITT/BA: 07/06/BA-PP/2015 (Kabel Switch Trend net 3 Meter)","0",,"0000-00-00",,NULL
"1.3.2.10.02.04.024","Switch","0182",,"Trend net / Kabel Switch",,"Unit","500500","Pembelian","2015-12-31","DISKOMINSA","Extra","PSITT/BA: 07/06/BA-PP/2015 (Kabel Switch Trend net 3 Meter)","0",,"0000-00-00",,NULL
"1.3.2.10.02.04.024","Switch","0183",,"Trend net / Kabel Switch",,"Unit","500500","Pembelian","2015-12-31","DISKOMINSA","Extra","PSITT/BA: 07/06/BA-PP/2015 (Kabel Switch Trend net 3 Meter)","0",,"0000-00-00",,NULL
"1.3.2.10.02.04.024","Switch","0184",,"Trend net / Kabel Switch",,"Unit","500500","Pembelian","2015-12-31","DISKOMINSA","Extra","PSITT/BA: 07/06/BA-PP/2015 (Kabel Switch Trend net 3 Meter)","0",,"0000-00-00",,NULL
"1.3.2.10.02.04.024","Switch","0185",,"Trend net / Kabel Switch",,"Unit","500500","Pembelian","2015-12-31","DISKOMINSA","Extra","PSITT/BA: 07/06/BA-PP/2015 (Kabel Switch Trend net 3 Meter)","0",,"0000-00-00",,NULL
"1.3.2.10.02.04.024","Switch","0186",,"Trend net / Kabel Switch",,"Unit","500500","Pembelian","2015-12-31","DISKOMINSA","Extra","PSITT/BA: 07/06/BA-PP/2015 (Kabel Switch Trend net 3 Meter)","0",,"0000-00-00",,NULL
"1.3.2.10.02.04.024","Switch","0187",,"Trend net / Kabel Switch",,"Unit","500500","Pembelian","2015-12-31","DISKOMINSA","Extra","PSITT/BA: 07/06/BA-PP/2015 (Kabel Switch Trend net 3 Meter)","0",,"0000-00-00",,NULL
"1.3.2.10.02.04.024","Switch","0188",,"Trend net / Kabel Switch",,"Unit","500500","Pembelian","2015-12-31","DISKOMINSA","Extra","PSITT/BA: 07/06/BA-PP/2015 (Kabel Switch Trend net 3 Meter)","0",,"0000-00-00",,NULL
"1.3.2.10.02.04.024","Switch","0189",,,,"Unit","4730000","Pembelian","2016-12-31","DISKOMINSA","Intra","Switch Rp.3.190.000 + Biaya Instalasi Rp.1.540.000 -- Instalasi Jaringan Lokal Pada Media Center dan","0",,"0000-00-00",,NULL
"1.3.2.10.02.04.024","Switch","0190",,,,"Unit","4730000","Pembelian","2016-12-31","DISKOMINSA","Intra","Switch Rp.3.190.000 + Biaya Instalasi Rp.1.540.000 -- Instalasi Jaringan Lokal Pada Media Center dan","0",,"0000-00-00",,NULL
"1.3.2.10.02.04.024","Switch","0191",,,,"Unit","4730000","Pembelian","2016-12-31","DISKOMINSA","Intra","Switch Rp.3.190.000 + Biaya Instalasi Rp.1.540.000 -- Instalasi Jaringan Lokal Pada Media Center dan","0",,"0000-00-00",,NULL
"1.3.2.10.02.04.024","Switch","0192",,"Switch POE 8 Port",,"Unit","4147000","Pembelian","2016-12-31","DISKOMINSA","Intra","Fasilitas Pendukung Jaringan Komunikasi UPTD Telematika BA : 10/01/BA-PP/2016","0",,"0000-00-00",,NULL
"1.3.2.10.02.04.024","Switch","0193",,"Switch POE 8 Port",,"Unit","4147000","Pembelian","2016-12-31","DISKOMINSA","Intra","Fasilitas Pendukung Jaringan Komunikasi UPTD Telematika BA : 10/01/BA-PP/2016","0",,"0000-00-00",,NULL
"1.3.2.10.02.04.024","Switch","0194",,"Switch POE 8 Port",,"Unit","4147000","Pembelian","2016-12-31","DISKOMINSA","Intra","Fasilitas Pendukung Jaringan Komunikasi UPTD Telematika BA : 10/01/BA-PP/2016","0",,"0000-00-00",,NULL
"1.3.2.10.02.04.024","Switch","0195",,"Switch Hub 24 Port",,"Unit","8020000","Pembelian","2017-12-31","DISKOMINSA","Intra","Pengadaan Perangkat Jaringan Informasi Agribisnis untuk PENAS KTNA 2017","0",,"0000-00-00",,NULL
"1.3.2.10.02.04.024","Switch","0196",,"Switch Hub 24 Port",,"Unit","8020000","Pembelian","2017-12-31","DISKOMINSA","Intra","Pengadaan Perangkat Jaringan Informasi Agribisnis untuk PENAS KTNA 2017","0",,"0000-00-00",,NULL
"1.3.2.10.02.04.024","Switch","0197",,"Ubiquiti / EdgeSwitch 24",,"Unit","7766000","Pembelian","2017-12-31","DISKOMINSA","Intra","Pengadaan Switch Power Over Ethernet untuk BTS (UPTD Telematika) BAST No. 09/BAST/TIK/VI/2017 Tgl. 1","0",,"0000-00-00",,NULL
"1.3.2.10.02.04.024","Switch","0198",,"Ubiquiti / EdgeSwitch 24",,"Unit","7766000","Pembelian","2017-12-31","DISKOMINSA","Intra","Pengadaan Switch Power Over Ethernet untuk BTS (UPTD Telematika) BAST No. 09/BAST/TIK/VI/2017 Tgl. 1","0",,"0000-00-00",,NULL
"1.3.2.10.02.04.024","Switch","0199",,"Ubiquiti / EdgeSwitch 24",,"Unit","7766000","Pembelian","2017-12-31","DISKOMINSA","Intra","Pengadaan Switch Power Over Ethernet untuk BTS (UPTD Telematika) BAST No. 09/BAST/TIK/VI/2017 Tgl. 1","0",,"0000-00-00",,NULL
"1.3.2.10.02.04.024","Switch","0200",,"Ubiquiti / EdgeSwitch 24",,"Unit","7766000","Pembelian","2017-12-31","DISKOMINSA","Intra","Pengadaan Switch Power Over Ethernet untuk BTS (UPTD Telematika) BAST No. 09/BAST/TIK/VI/2017 Tgl. 1","0",,"0000-00-00",,NULL
"1.3.2.10.02.04.024","Switch","0201",,"Ubiquiti / EdgeSwitch 24",,"Unit","7766000","Pembelian","2017-12-31","DISKOMINSA","Intra","Pengadaan Switch Power Over Ethernet untuk BTS (UPTD Telematika) BAST No. 09/BAST/TIK/VI/2017 Tgl. 1","0",,"0000-00-00",,NULL
"1.3.2.10.02.04.024","Switch","0202",,"Ubiquiti / EdgeSwitch 24",,"Unit","7766000","Pembelian","2017-12-31","DISKOMINSA","Intra","Pengadaan Switch Power Over Ethernet untuk BTS (UPTD Telematika) BAST No. 09/BAST/TIK/VI/2017 Tgl. 1","0",,"0000-00-00",,NULL
"1.3.2.10.02.04.024","Switch","0203",,"Ubiquiti / EdgeSwitch 24",,"Unit","7766000","Pembelian","2017-12-31","DISKOMINSA","Intra","Pengadaan Switch Power Over Ethernet untuk BTS (UPTD Telematika) BAST No. 09/BAST/TIK/VI/2017 Tgl. 1","0",,"0000-00-00",,NULL
"1.3.2.10.02.04.024","Switch","0204",,"Ubiquiti / EdgeSwitch 24",,"Unit","7766000","Pembelian","2017-12-31","DISKOMINSA","Intra","Pengadaan Switch Power Over Ethernet untuk BTS (UPTD Telematika) BAST No. 09/BAST/TIK/VI/2017 Tgl. 1","0",,"0000-00-00",,NULL
"1.3.2.10.02.04.024","Switch","0205",,"Ubiquiti / EdgeSwitch 24",,"Unit","7766000","Pembelian","2017-12-31","DISKOMINSA","Intra","Pengadaan Switch Power Over Ethernet untuk BTS (UPTD Telematika) BAST No. 09/BAST/TIK/VI/2017 Tgl. 1","0",,"0000-00-00",,NULL
"1.3.2.10.02.04.024","Switch","0206",,"Ubiquiti / EdgeSwitch 24",,"Unit","7766000","Pembelian","2017-12-31","DISKOMINSA","Intra","Pengadaan Switch Power Over Ethernet untuk BTS (UPTD Telematika) BAST No. 09/BAST/TIK/VI/2017 Tgl. 1","0",,"0000-00-00",,NULL
"1.3.2.10.02.04.024","Switch","0207",,"TP Link / TL-SG1016D",,"Unit","3307900","Pembelian","2017-12-31","DISKOMINSA","Intra","Switch Hub 16 Port -- Pemeliharaan Jaringan BAST No. 032/BAST/PPTK-SEKRETARIAT/VIII/2017 Tgl. 28/08/","0",,"0000-00-00",,NULL
"1.3.2.10.02.04.024","Switch","0208",,"TP Link / TL-SG1016D",,"Unit","3307900","Pembelian","2017-12-31","DISKOMINSA","Intra","Switch Hub 16 Port -- Pemeliharaan Jaringan BAST No. 032/BAST/PPTK-SEKRETARIAT/VIII/2017 Tgl. 28/08/","0",,"0000-00-00",,NULL
"1.3.2.10.02.04.024","Switch","0209",,"TP Link / TL-SG1016D",,"Unit","3307900","Pembelian","2017-12-31","DISKOMINSA","Intra","Switch Hub 16 Port -- Pemeliharaan Jaringan BAST No. 032/BAST/PPTK-SEKRETARIAT/VIII/2017 Tgl. 28/08/","0",,"0000-00-00",,NULL
"1.3.2.10.02.04.024","Switch","0210",,"TP Link / TL-SG1016D",,"Unit","3307900","Pembelian","2017-12-31","DISKOMINSA","Intra","Switch Hub 16 Port -- Pemeliharaan Jaringan BAST No. 032/BAST/PPTK-SEKRETARIAT/VIII/2017 Tgl. 28/08/","0",,"0000-00-00",,NULL
"1.3.2.10.02.04.024","Switch","0211",,"Dlink",,"Unit","3672500","Pembelian","2017-12-31","DISKOMINSA","Intra","Switch Hub 16 Port -- Retopologi dan Perbaikan JAringan LAN Kantor Pusat Diskominsa Aceh BAST No. 13","0",,"0000-00-00",,NULL
"1.3.2.10.02.04.024","Switch","0212",,"Dlink",,"Unit","2672500","Pembelian","2017-12-31","DISKOMINSA","Intra","Switch Hub 8 Port -- Retopologi dan Perbaikan JAringan LAN Kantor Pusat Diskominsa Aceh BAST No. 13/","0",,"0000-00-00",,NULL
"1.3.2.10.02.04.024","Switch","0213",,"Dlink",,"Unit","2672500","Pembelian","2017-12-31","DISKOMINSA","Intra","Switch Hub 8 Port -- Retopologi dan Perbaikan JAringan LAN Kantor Pusat Diskominsa Aceh BAST No. 13/","0",,"0000-00-00",,NULL
"1.3.2.10.02.04.024","Switch","0214",,"Dlink",,"Unit","2672500","Pembelian","2017-12-31","DISKOMINSA","Intra","Switch Hub 8 Port -- Retopologi dan Perbaikan JAringan LAN Kantor Pusat Diskominsa Aceh BAST No. 13/","0",,"0000-00-00",,NULL
"1.3.2.10.02.04.024","Switch","0215",,"Dlink",,"Unit","2672500","Pembelian","2017-12-31","DISKOMINSA","Intra","Switch Hub 8 Port -- Retopologi dan Perbaikan JAringan LAN Kantor Pusat Diskominsa Aceh BAST No. 13/","0",,"0000-00-00",,NULL
"1.3.2.10.02.04.024","Switch","0216",,"Dlink",,"Unit","2672500","Pembelian","2017-12-31","DISKOMINSA","Intra","Switch Hub 8 Port -- Retopologi dan Perbaikan JAringan LAN Kantor Pusat Diskominsa Aceh BAST No. 13/","0",,"0000-00-00",,NULL
"1.3.2.10.02.04.024","Switch","0217",,"Dlink",,"Unit","2672500","Pembelian","2017-12-31","DISKOMINSA","Intra","Switch Hub 8 Port -- Retopologi dan Perbaikan JAringan LAN Kantor Pusat Diskominsa Aceh BAST No. 13/","0",,"0000-00-00",,NULL
"1.3.2.10.02.04.024","Switch","0218",,"Dlink",,"Unit","2672500","Pembelian","2017-12-31","DISKOMINSA","Intra","Switch Hub 8 Port -- Retopologi dan Perbaikan JAringan LAN Kantor Pusat Diskominsa Aceh BAST No. 13/","0",,"0000-00-00",,NULL
"1.3.2.10.02.04.024","Switch","0219",,"Infocus / Liteshow III",,"Unit","6000000","Pembelian","2017-12-31","DISKOMINSA","Intra","Wireless Switch Presenter -- Pengadaan Wireless Switch Presenter BAST No. 33/BAST/TIK/XII/2017 Tgl.","0",,"0000-00-00",,NULL
"1.3.2.10.02.04.024","Switch","0220",,"Switch TP-LINK TPLink T26",,"Unit","3423500","Pembelian","2019-12-31","DISKOMINSA","Intra","Pengadaan Switch Hub Manajemen (MIGAS ACEH)","0",,"0000-00-00",,NULL
"1.3.2.10.02.04.024","Switch","0221",,"Switch TP-LINK TPLink T26",,"Unit","3423500","Pembelian","2019-12-31","DISKOMINSA","Intra","Pengadaan Switch Hub Manajemen (MIGAS ACEH)","0",,"0000-00-00",,NULL
"1.3.2.10.02.04.024","Switch","0222",,"Switch TP-LINK TPLink T26",,"Unit","3423500","Pembelian","2019-12-31","DISKOMINSA","Intra","Pengadaan Switch Hub Manajemen (MIGAS ACEH)","0",,"0000-00-00",,NULL
"1.3.2.10.02.04.024","Switch","0223",,"Switch TP-LINK TPLink T26",,"Unit","3423500","Pembelian","2019-12-31","DISKOMINSA","Intra","Pengadaan Switch Hub Manajemen (MIGAS ACEH)","0",,"0000-00-00",,NULL
"1.3.2.10.02.04.024","Switch","0224",,"Switch TP-LINK TPLink T26",,"Unit","3423500","Pembelian","2019-12-31","DISKOMINSA","Intra","Pengadaan Switch Hub Manajemen (MIGAS ACEH)","0",,"0000-00-00",,NULL
"1.3.2.10.02.04.024","Switch","0225",,"Switch TP-LINK TPLink T26",,"Unit","3423500","Pembelian","2019-12-31","DISKOMINSA","Intra","Pengadaan Switch Hub Manajemen (MIGAS ACEH)","0",,"0000-00-00",,NULL
"1.3.2.10.02.04.024","Switch","0226",,"Switch TP-LINK TPLink T26",,"Unit","3423500","Pembelian","2019-12-31","DISKOMINSA","Intra","Pengadaan Switch Hub Manajemen (MIGAS ACEH)","0",,"0000-00-00",,NULL
"1.3.2.10.02.04.024","Switch","0227",,"Switch TP-LINK TPLink T26",,"Unit","3423500","Pembelian","2019-12-31","DISKOMINSA","Intra","Pengadaan Switch Hub Manajemen (MIGAS ACEH)","0",,"0000-00-00",,NULL
"1.3.2.10.02.04.024","Switch","0228",,"Switch TP-LINK TPLink T26",,"Unit","3423500","Pembelian","2019-12-31","DISKOMINSA","Intra","Pengadaan Switch Hub Manajemen (MIGAS ACEH)","0",,"0000-00-00",,NULL
"1.3.2.10.02.04.024","Switch","0229",,"Switch TP-LINK TPLink T26",,"Unit","3423500","Pembelian","2019-12-31","DISKOMINSA","Intra","Pengadaan Switch Hub Manajemen (MIGAS ACEH)","0",,"0000-00-00",,NULL
"1.3.2.10.02.04.024","Switch","0230",,"Switch TP-LINK TPLink T26",,"Unit","3423500","Pembelian","2019-12-31","DISKOMINSA","Intra","Pengadaan Switch Hub Manajemen (MIGAS ACEH)","0",,"0000-00-00",,NULL
"1.3.2.10.02.04.024","Switch","0231",,"Switch TP-LINK TPLink T26",,"Unit","3423500","Pembelian","2019-12-31","DISKOMINSA","Intra","Pengadaan Switch Hub Manajemen (MIGAS ACEH)","0",,"0000-00-00",,NULL
"1.3.2.10.02.04.024","Switch","0232",,"Switch TP-LINK TPLink T26",,"Unit","3423500","Pembelian","2019-12-31","DISKOMINSA","Intra","Pengadaan Switch Hub Manajemen (MIGAS ACEH)","0",,"0000-00-00",,NULL
"1.3.2.10.02.04.024","Switch","0233",,"Switch TP-LINK TPLink T26",,"Unit","3423500","Pembelian","2019-12-31","DISKOMINSA","Intra","Pengadaan Switch Hub Manajemen (MIGAS ACEH)","0",,"0000-00-00",,NULL
"1.3.2.10.02.04.024","Switch","0234",,"Switch TP-LINK TPLink T26",,"Unit","3423500","Pembelian","2019-12-31","DISKOMINSA","Intra","Pengadaan Switch Hub Manajemen (MIGAS ACEH)","0",,"0000-00-00",,NULL
"1.3.2.10.02.04.024","Switch","0235",,"Switch TP-LINK TPLink T26",,"Unit","3423500","Pembelian","2019-12-31","DISKOMINSA","Intra","Pengadaan Switch Hub Manajemen (MIGAS ACEH)","0",,"0000-00-00",,NULL
"1.3.2.10.02.04.024","Switch","0236",,"Switch TP-LINK TPLink T26",,"Unit","3423500","Pembelian","2019-12-31","DISKOMINSA","Intra","Pengadaan Switch Hub Manajemen (MIGAS ACEH)","0",,"0000-00-00",,NULL
"1.3.2.10.02.04.024","Switch","0237",,"Switch TP-LINK TPLink T26",,"Unit","3423500","Pembelian","2019-12-31","DISKOMINSA","Intra","Pengadaan Switch Hub Manajemen (MIGAS ACEH)","0",,"0000-00-00",,NULL
"1.3.2.10.02.04.024","Switch","0238",,"Switch TP-LINK TPLink T26",,"Unit","3423500","Pembelian","2019-12-31","DISKOMINSA","Intra","Pengadaan Switch Hub Manajemen (MIGAS ACEH)","0",,"0000-00-00",,NULL
"1.3.2.10.02.04.024","Switch","0239",,"Switch TP-LINK TPLink T26",,"Unit","3423500","Pembelian","2019-12-31","DISKOMINSA","Intra","Pengadaan Switch Hub Manajemen (MIGAS ACEH)","0",,"0000-00-00",,NULL
"1.3.2.10.02.04.024","Switch","0240",,"Cisco Switch  24 Port",,"Unit","60490000","Pembelian","2020-12-31","DISKOMINSA","Intra","Pengadaan Switch Hub Managemen Cisco Switch/Rp.241.960.000","0",,"0000-00-00",,NULL
"1.3.2.10.02.04.024","Switch","0241",,"Cisco Switch  24 Port",,"Unit","60490000","Pembelian","2020-12-31","DISKOMINSA","Intra","Pengadaan Switch Hub Managemen Cisco Switch/Rp.241.960.000","0",,"0000-00-00",,NULL
"1.3.2.10.02.04.024","Switch","0242",,"Cisco Switch  24 Port",,"Unit","60490000","Pembelian","2020-12-31","DISKOMINSA","Intra","Pengadaan Switch Hub Managemen Cisco Switch/Rp.241.960.000","0",,"0000-00-00",,NULL
"1.3.2.10.02.04.024","Switch","0243",,"Cisco Switch  24 Port",,"Unit","60490000","Pembelian","2020-12-31","DISKOMINSA","Intra","Pengadaan Switch Hub Managemen Cisco Switch/Rp.241.960.000","0",,"0000-00-00",,NULL
"1.3.2.10.02.04.024","Switch","0244",,"TPLINK Switch Hub 8 Port",,"Unit","130000","Pembelian","2020-12-31","DISKOMINSA","Extra","Pengadaan Spare Part Komputer dan Laptop 1 (Belanja USB WiFi Adaptor dan Switchhub 8 port)/Rp.360.00","0",,"0000-00-00",,NULL
"1.3.2.10.02.04.024","Switch","0245",,"Ubiquiti UniFi PoE Gigabi",,"Unit","15780000","Pembelian","2021-12-31","DISKOMINSA","Intra","Pengadaan Switch POE (DAU)","0",,"0000-00-00",,NULL
"1.3.2.10.02.04.024","Switch","0246",,"@jhua Tech 16 Port Web Sm",,"Unit","6820000","Pembelian","2021-12-31","DISKOMINSA","Intra","Pengadaan Perangkat Keamanan Gedung Data Center dan Ruang Data Center","0",,"0000-00-00",,NULL
"1.3.2.10.02.04.024","Switch","0247",,"@jhua Tech 16 Port Web Sm",,"Unit","6820000","Pembelian","2021-12-31","DISKOMINSA","Intra","Pengadaan Perangkat Keamanan Gedung Data Center dan Ruang Data Center","0",,"0000-00-00",,NULL
"1.3.2.10.02.04.024","Switch","0248","Switch PoE CCTV","Ubiquiti Unifi Switch Pro",,"Unit","16067000","Pembelian","1905-07-14","DISKOMINSA","Intra","Pengadaan Switch PoE CCTV","0",,"0000-00-00",,NULL
"1.3.2.10.02.04.024","Switch","0249","Switch PoE CCTV","Ubiquiti Unifi Switch Pro",,"Unit","16067000","Pembelian","1905-07-14","DISKOMINSA","Intra","Pengadaan Switch PoE CCTV","0",,"0000-00-00",,NULL
"1.3.2.10.02.04.024","Switch","0250","Switch PoE CCTV","Ubiquiti Unifi Switch Pro",,"Unit","16067000","Pembelian","1905-07-14","DISKOMINSA","Intra","Pengadaan Switch PoE CCTV","0",,"0000-00-00",,NULL
"1.3.2.10.02.04.027","Rackmount","0001",,"Wallmount",,"Unit","8490000","Pembelian","2017-12-31","DISKOMINSA","Intra","Pengadaan Perangkat Jaringan Informasi Agribisnis untuk PENAS KTNA 2017","0",,"0000-00-00",,NULL
"1.3.2.10.02.04.027","Rackmount","0002",,"Wallmount WIR5508S Wallmo",,"Unit","4101350","Pembelian","2018-12-31","DISKOMINSA","Intra","Pengadaan Perangkat Aksesoris Server Data Center -- Bid. TIK","0",,"0000-00-00",,NULL
"1.3.2.10.02.04.027","Rackmount","0003",,"Wallmount WIR5508S Wallmo",,"Unit","4101350","Pembelian","2018-12-31","DISKOMINSA","Intra","Pengadaan Perangkat Aksesoris Server Data Center -- Bid. TIK","0",,"0000-00-00",,NULL
"1.3.2.10.02.04.027","Rackmount","0004",,"Wallmount WIR5508S Wallmo",,"Unit","4101350","Pembelian","2018-12-31","DISKOMINSA","Intra","Pengadaan Perangkat Aksesoris Server Data Center -- Bid. TIK","0",,"0000-00-00",,NULL
"1.3.2.10.02.04.027","Rackmount","0005",,"Wallmount WIR5508S Wallmo",,"Unit","4101350","Pembelian","2018-12-31","DISKOMINSA","Intra","Pengadaan Perangkat Aksesoris Server Data Center -- Bid. TIK","0",,"0000-00-00",,NULL
"1.3.2.10.02.04.027","Rackmount","0006",,"Wallmount WIR5508S Wallmo",,"Unit","4101350","Pembelian","2018-12-31","DISKOMINSA","Intra","Pengadaan Perangkat Aksesoris Server Data Center -- Bid. TIK","0",,"0000-00-00",,NULL
"1.3.2.10.02.04.027","Rackmount","0007",,"Wallmount WIR5508S Wallmo",,"Unit","4101350","Pembelian","2018-12-31","DISKOMINSA","Intra","Pengadaan Perangkat Aksesoris Server Data Center -- Bid. TIK","0",,"0000-00-00",,NULL
"1.3.2.10.02.04.027","Rackmount","0008",,"Wallmount WIR5508S Wallmo",,"Unit","4101350","Pembelian","2018-12-31","DISKOMINSA","Intra","Pengadaan Perangkat Aksesoris Server Data Center -- Bid. TIK","0",,"0000-00-00",,NULL
"1.3.2.10.02.04.027","Rackmount","0009",,"Wallmount WIR5508S Wallmo",,"Unit","4101350","Pembelian","2018-12-31","DISKOMINSA","Intra","Pengadaan Perangkat Aksesoris Server Data Center -- Bid. TIK","0",,"0000-00-00",,NULL
"1.3.2.10.02.04.027","Rackmount","0010",,"Wallmount WIR5508S Wallmo",,"Unit","4101350","Pembelian","2018-12-31","DISKOMINSA","Intra","Pengadaan Perangkat Aksesoris Server Data Center -- Bid. TIK","0",,"0000-00-00",,NULL
"1.3.2.10.02.04.027","Rackmount","0011",,"Wallmount WIR5508S Wallmo",,"Unit","4101350","Pembelian","2018-12-31","DISKOMINSA","Intra","Pengadaan Perangkat Aksesoris Server Data Center -- Bid. TIK","0",,"0000-00-00",,NULL
"1.3.2.10.02.04.027","Rackmount","0012",,"Wallmount WIR5508S Wallmo",,"Unit","4101350","Pembelian","2018-12-31","DISKOMINSA","Intra","Pengadaan Perangkat Aksesoris Server Data Center -- Bid. TIK","0",,"0000-00-00",,NULL
"1.3.2.10.02.04.027","Rackmount","0013",,"Wallmount WIR5508S Wallmo",,"Unit","4101350","Pembelian","2018-12-31","DISKOMINSA","Intra","Pengadaan Perangkat Aksesoris Server Data Center -- Bid. TIK","0",,"0000-00-00",,NULL
"1.3.2.10.02.04.027","Rackmount","0014",,"Wallmount WIR5508S Wallmo",,"Unit","4101350","Pembelian","2018-12-31","DISKOMINSA","Intra","Pengadaan Perangkat Aksesoris Server Data Center -- Bid. TIK","0",,"0000-00-00",,NULL
"1.3.2.10.02.04.027","Rackmount","0015",,"Wallmount WIR5508S Wallmo",,"Unit","4101350","Pembelian","2018-12-31","DISKOMINSA","Intra","Pengadaan Perangkat Aksesoris Server Data Center -- Bid. TIK","0",,"0000-00-00",,NULL
"1.3.2.10.02.04.027","Rackmount","0016",,"Wallmount WIR5508S Wallmo",,"Unit","4101350","Pembelian","2018-12-31","DISKOMINSA","Intra","Pengadaan Perangkat Aksesoris Server Data Center -- Bid. TIK","0",,"0000-00-00",,NULL
"1.3.2.10.02.04.027","Rackmount","0017",,"Wallmount WIR5508S Wallmo",,"Unit","4101350","Pembelian","2018-12-31","DISKOMINSA","Intra","Pengadaan Perangkat Aksesoris Server Data Center -- Bid. TIK","0",,"0000-00-00",,NULL
"1.3.2.10.02.04.027","Rackmount","0018",,"Wallmount WIR5508S Wallmo",,"Unit","4101350","Pembelian","2018-12-31","DISKOMINSA","Intra","Pengadaan Perangkat Aksesoris Server Data Center -- Bid. TIK","0",,"0000-00-00",,NULL
"1.3.2.10.02.04.027","Rackmount","0019",,"Wallmount WIR5508S Wallmo",,"Unit","4101350","Pembelian","2018-12-31","DISKOMINSA","Intra","Pengadaan Perangkat Aksesoris Server Data Center -- Bid. TIK","0",,"0000-00-00",,NULL
"1.3.2.10.02.04.028","KVM Keyboard Video  Monitor","0001",,"ATEN KVM Viewer",,"Unit","33669500","Pembelian","2019-12-31","DISKOMINSA","Intra","Pengadaan Aksesoris Jaringan dan Listrik Data Center (MIGAS ACEH)","0",,"0000-00-00",,NULL
"1.3.2.10.02.04.028","KVM Keyboard Video  Monitor","0002",,"ATEN CL5708M-ATA-AG KVM V",,"Unit","33790400","Pembelian","2019-12-31","DISKOMINSA","Intra","Pengadaan Aksesoris Server Data Center (MIGAS ACEH)","0",,"0000-00-00",,NULL
"1.3.2.10.02.04.028","KVM Keyboard Video  Monitor","0003",,"ATEN CL5708M-ATA-AG KVM V",,"Unit","33790400","Pembelian","2019-12-31","DISKOMINSA","Intra","Pengadaan Aksesoris Server Data Center (MIGAS ACEH)","0",,"0000-00-00",,NULL
"1.3.2.10.02.04.029","Mobile Modem GSM/ CDMA","0001","Modem Telkomsel","Telkomsel Orbit Star A1",,"Unit","999000","Pembelian","2022-11-23","DISKOMINSA","Extra","Pengadaan Modem - Bid. E-Gov","0",,"0000-00-00",,NULL
"1.3.2.10.02.04.029","Mobile Modem GSM/ CDMA","0002","Modem Telkomsel","Telkomsel Orbit Star A1",,"Unit","999000","Pembelian","2022-11-23","DISKOMINSA","Extra","Pengadaan Modem - Bid. E-Gov","0",,"0000-00-00",,NULL
"1.3.2.10.02.04.030","Network Cable Tester","0001",,"Cable Tester",,"Unit","1980000","Pembelian","2015-12-31","DISKOMINSA","Intra","UPTD Telematika/BA: 10/11/BA-PP/2015 ( Cable Tester)","0",,"0000-00-00",,NULL
"1.3.2.10.02.04.030","Network Cable Tester","0002",,"- / Kabel Tester",,"Unit","880000","Pembelian","2015-12-31","DISKOMINSA","Extra","PSITT/BA: 07/06/BA-PP/2015 (Kabel Tester)","0",,"0000-00-00",,NULL
"1.3.2.10.02.04.030","Network Cable Tester","0003",,"- / Kabel Tester",,"Unit","880000","Pembelian","2015-12-31","DISKOMINSA","Extra","PSITT/BA: 07/06/BA-PP/2015 (Kabel Tester)","0",,"0000-00-00",,NULL
"1.3.2.10.02.04.030","Network Cable Tester","0004",,"Goldtool",,"Unit","1650000","Pembelian","2016-12-31","DISKOMINSA","Intra","LAN Tester Digital -- Aksesoris Jaringan dan Listrik Data Center PSITT BA: 07/16/BA-PP/2016","0",,"0000-00-00",,NULL
"1.3.2.10.02.04.030","Network Cable Tester","0005",,"Goldtool",,"Unit","1650000","Pembelian","2016-12-31","DISKOMINSA","Intra","LAN Tester Digital -- Aksesoris Jaringan dan Listrik Data Center PSITT BA: 07/16/BA-PP/2016","0",,"0000-00-00",,NULL
"1.3.2.10.02.04.030","Network Cable Tester","0006","Kabel UTP Tester","Bside FWT82",,"Unit","1320667","Pembelian","2022-11-11","DISKOMINSA","Intra","Pengadaan Peralatan Jaringan (UTP Tester)","0",,"0000-00-00",,NULL
"1.3.2.10.02.04.030","Network Cable Tester","0007","Kabel UTP Tester","Bside FWT82",,"Unit","1320667","Pembelian","2022-11-11","DISKOMINSA","Intra","Pengadaan Peralatan Jaringan (UTP Tester)","0",,"0000-00-00",,NULL
"1.3.2.10.02.04.030","Network Cable Tester","0008","Kabel UTP Tester","Bside FWT82",,"Unit","1320666","Pembelian","2022-11-11","DISKOMINSA","Intra","Pengadaan Peralatan Jaringan (UTP Tester)","0",,"0000-00-00",,NULL
"1.3.2.10.02.04.031","Jaringan Satpas","0005",,,,"Unit","124010700","Pembelian","2011-12-31","DISKOMINSA","Intra","Accessories Server","0",,"0000-00-00",,NULL
"1.3.2.10.02.04.031","Jaringan Satpas","0006",,,,"Unit","196680000","Pembelian","2013-12-31","DISKOMINSA","Intra","Perangkat Pendukung Ruang Bimtek","0",,"0000-00-00",,NULL
"1.3.2.10.02.04.031","Jaringan Satpas","0007",,,,"Unit","68870000","Pembelian","2013-12-31","DISKOMINSA","Intra","Accesoris Tools dan Accessories Jaringan","0",,"0000-00-00",,NULL
"1.3.2.10.02.04.031","Jaringan Satpas","0008",,,,"Unit","24740000","Pembelian","2013-12-31","DISKOMINSA","Intra","Centre Gateway","0",,"0000-00-00",,NULL
"1.3.2.10.02.04.031","Jaringan Satpas","0009",,,,"Unit","73860000","Pembelian","2013-12-31","DISKOMINSA","Intra","Perangkat Monitoring Jaringan Internet","0",,"0000-00-00",,NULL
"1.3.2.10.02.04.031","Jaringan Satpas","0010",,,,"Unit","197175000","Pembelian","2016-12-31","DISKOMINSA","Intra","Peningkatan Kapasitas Pengelola Network Data Center Pemerintah Aceh -- PSITT BA: 07/21/BA-PP/2016","0",,"0000-00-00",,NULL
"1.3.2.11.01.02.016","Distance Meter Electronic","0001",,"Bushnell / Alat pengukur",,"Unit","11500000","Pembelian","2015-12-31","DISKOMINSA","Intra","Postel/BA: 06/01/BA-PP/2015 (pengukur jarak)","0",,"0000-00-00",,NULL
"1.3.2.11.01.02.016","Distance Meter Electronic","0002",,"Laser Meter",,"Unit","5887800","Pembelian","2016-12-31","DISKOMINSA","Intra","Fasilitas Pendukung Jaringan Komunikasi UPTD Telematika BA : 10/01/BA-PP/2016","0",,"0000-00-00",,NULL
"1.3.2.15.03.01.020","Back Pack/Ransel","0001",,"Bag Radio",,"Unit","1278750","Pembelian","2015-12-31","DISKOMINSA","Intra","UPTD Telematika/BA: 10/17/BA-PP/2015 (Bag Radio)","0",,"0000-00-00",,NULL
"1.3.2.15.03.01.020","Back Pack/Ransel","0002",,"Bag Radio",,"Unit","1278750","Pembelian","2015-12-31","DISKOMINSA","Intra","UPTD Telematika/BA: 10/17/BA-PP/2015 (Bag Radio)","0",,"0000-00-00",,NULL
"1.3.2.15.03.01.020","Back Pack/Ransel","0003",,"Tas Tool",,"Unit","770000","Pembelian","2015-12-31","DISKOMINSA","Intra","UPTD Telematika/BA: 10/21/BA-PP/2015 (Tas Tool)","0",,"0000-00-00",,NULL
"1.3.2.15.03.01.020","Back Pack/Ransel","0004",,"Tas Tool",,"Unit","770000","Pembelian","2015-12-31","DISKOMINSA","Intra","UPTD Telematika/BA: 10/21/BA-PP/2015 (Tas Tool)","0",,"0000-00-00",,NULL
"1.3.2.15.03.01.020","Back Pack/Ransel","0005",,"Tas Tool",,"Unit","770000","Pembelian","2015-12-31","DISKOMINSA","Intra","UPTD Telematika/BA: 10/21/BA-PP/2015 (Tas Tool)","0",,"0000-00-00",,NULL
"1.3.2.15.03.02.005","Tenda","0001",,,,"Unit","10000000","Pembelian","2006-12-31","DISKOMINSA","Intra","Teratak Mobil Panggung","0",,"0000-00-00",,NULL
"1.3.2.15.03.02.005","Tenda","0002",,,,"Unit","9200000","Pembelian","2007-12-31","DISKOMINSA","Intra","Tenda dan Perlengkapan nya.","0",,"0000-00-00",,NULL
"1.3.2.15.03.02.005","Tenda","0003",,,,"Unit","14646000","Pembelian","2011-12-31","DISKOMINSA","Intra",,"0",,"0000-00-00",,NULL
"1.3.2.15.03.02.005","Tenda","0004",,,,"Unit","6000000","Pembelian","2014-12-31","DISKOMINSA","Intra","Tenda Sound System - UPTD Seuramo","0",,"0000-00-00",,NULL
"1.3.2.15.03.02.005","Tenda","0005",,"Eiger / Tenda Camping",,"Unit","1675000","Pembelian","2015-12-31","DISKOMINSA","Intra","UPTD Telematika/BA: 10/23/BA-PP/2015","0",,"0000-00-00",,NULL
"1.3.2.15.03.02.005","Tenda","0006",,"Eiger / Tenda Camping",,"Unit","1675000","Pembelian","2015-12-31","DISKOMINSA","Intra","UPTD Telematika/BA: 10/23/BA-PP/2015","0",,"0000-00-00",,NULL
"1.3.2.15.03.02.005","Tenda","0007",,"Tenda side awning - Adven",,"Unit","5647125","Pembelian","2019-12-31","DISKOMINSA","Intra","Pengadaan Peralatan Pendukung Alat Komunikasi Mobil Box Jaringan (PAA)","0",,"0000-00-00",,NULL
"1.3.2.15.03.02.005","Tenda","0008","Tenda Lipat 3x3 meter","TMI",,"Unit","2718000","Pembelian","2022-02-14","DISKOMINSA","Intra","Pengadaan Tenda Lipat 3x3 Meter","0",,"0000-00-00",,NULL
"1.3.2.15.03.02.005","Tenda","0009","Tenda Lipat 3x3 meter","TMI",,"Unit","2718000","Pembelian","2022-02-14","DISKOMINSA","Intra","Pengadaan Tenda Lipat 3x3 Meter","0",,"0000-00-00",,NULL
"1.3.2.15.03.02.016","Peralatan Outbond","0001",,"Meja set portable & 4 kur",,"Unit","1947125","Pembelian","2019-12-31","DISKOMINSA","Intra","Pengadaan Peralatan Pendukung Alat Komunikasi Mobil Box Jaringan (PAA)","0",,"0000-00-00",,NULL
"1.3.2.15.03.02.016","Peralatan Outbond","0002",,"Meja set portable & 4 kur",,"Unit","1947125","Pembelian","2019-12-31","DISKOMINSA","Intra","Pengadaan Peralatan Pendukung Alat Komunikasi Mobil Box Jaringan (PAA)","0",,"0000-00-00",,NULL
"1.5.3.01.01.05.001","Software?..","0001",,,,"Unit","293000000","Pembelian","2013-12-31","DISKOMINSA",,"Aplikasi Pengelolaan Dokumen Digital","0",,"0000-00-00",,NULL
"1.5.3.01.01.05.001","Software?..","0002",,,,"Unit","189000000","Pembelian","2013-12-31","DISKOMINSA",,"Standar Web Engine Pemerintah Aceh","0",,"0000-00-00",,NULL
"1.5.3.01.01.05.001","Software?..","0003",,,,"Unit","49555000","Pembelian","2013-12-31","DISKOMINSA",,"Aplikasi Menev","0",,"0000-00-00",,NULL
"1.5.3.01.01.05.001","Software?..","0004",,,,"Unit","49280000","Pembelian","2013-12-31","DISKOMINSA",,"Aplikasi Digital Library","0",,"0000-00-00",,NULL
"1.5.3.01.01.05.001","Software?..","0003",,,,"Unit","8785000","Pembelian","2010-12-31","DISKOMINSA",,"CD Aplikasi Untuk Penyusunan Program","0",,"0000-00-00",,NULL
"1.5.3.01.01.05.001","Software?..","0002",,,,"Unit","72068700","Pembelian","2008-12-31","DISKOMINSA",,"Pembuatan Data Base RAPI Dan ORARI : Software Database, Server, Monitor, UPS, Windows Server, Sysmat","0",,"0000-00-00",,NULL
"1.5.3.01.01.02.001","Lisensi dan Frenchise?.","0001",,,,"Unit","25000000","Hibah","2006-12-31","DISKOMINSA",,"Exchange CAL Hibah UNDP","0",,"0000-00-00",,NULL
"1.5.3.01.01.05.001","Software?..","0010",,,,"Unit","128220000","Pembelian","2002-12-31","DISKOMINSA",,"Perangkat Lunak","0",,"0000-00-00",,NULL
"1.5.3.01.01.02.001","Lisensi dan Frenchise?.","0002",,,,"Unit","25000000","Hibah","2006-12-31","DISKOMINSA",,"Exchange CAL. Hibah UNDP","0",,"0000-00-00",,NULL
"1.5.3.01.01.05.001","Software?..","0036",,,,"Unit","49445000","Pembelian","2007-12-31","DISKOMINSA",,"Blue Print 5 Tahunan BPDE","0",,"0000-00-00",,NULL
"1.5.3.01.01.02.001","Lisensi dan Frenchise?.","0003",,,,"Unit","27225000","Pembelian","2009-12-31","DISKOMINSA",,"Turbo Colding Lisensi For DMD","0",,"0000-00-00",,NULL
"1.5.3.01.01.02.001","Lisensi dan Frenchise?.","0004",,,,"Unit","27225000","Pembelian","2009-12-31","DISKOMINSA",,"Turbo Colding Lisensi For DMD","0",,"0000-00-00",,NULL
"1.5.3.01.01.05.001","Software?..","0058",,,,"Unit","74140000","Pembelian","2010-12-31","DISKOMINSA",,"Pengadaan Aplikasi Network/Manajemen System","0",,"0000-00-00",,NULL
"1.5.3.01.01.05.001","Software?..","0166",,,,"Unit","238150000","Pembelian","2014-12-31","DISKOMINSA",,"Traffic Analizer dan Aplikasi Konfigurasi Sistem Log Managemen - Bid PSITT","0",,"0000-00-00",,NULL
"1.5.3.01.01.05.001","Software?..","0167",,,,"Unit","173800000","Pembelian","2014-12-31","DISKOMINSA",,"Software Audit Acunetix - Bid. PSITT","0",,"0000-00-00",,NULL
"1.5.3.01.01.05.001","Software?..","0170",,,,"Unit","148500000","Pembelian","2014-12-31","DISKOMINSA",,"Aplikasi Server Management Virtual dan Hypervisor - Bid. PSITT","0",,"0000-00-00",,NULL
"1.5.3.01.01.05.001","Software?..","0172",,,,"Unit","188000000","Pembelian","2014-12-31","DISKOMINSA",,"Web Core Engine - Bid. PSITT","0",,"0000-00-00",,NULL
"1.5.3.01.01.05.001","Software?..","0173",,,,"Unit","96000000","Pembelian","2014-12-31","DISKOMINSA",,"Pengembangan Aplikasi PPID - Bid. PSITT","0",,"0000-00-00",,NULL
"1.5.3.01.01.05.001","Software?..","0174",,,,"Unit","9000000","Pembelian","2014-12-31","DISKOMINSA",,"Software/Program - Bidang PSITT","0",,"0000-00-00",,NULL
"1.5.3.01.01.05.001","Software?..","0006",,,,"Unit","96745000","Pembelian","2008-12-31","DISKOMINSA",,"Software : Ms. Windows XP Pro Sp2, DAW Software, Mastering Software, Softsynth Type A, Softsynth Typ","0",,"0000-00-00",,NULL
"1.5.3.01.01.05.001","Software?..","0007",,,,"Unit","44000000","Pembelian","2008-12-31","DISKOMINSA",,"Setup dan Instalasi","0",,"0000-00-00",,NULL
"1.5.3.01.01.07.001","film?..","0001",,,,"Unit","57650000","Pembelian","2016-12-31","DISKOMINSA",,"Film Animasi Informasi dan Layanan -- UPTD Telematika BA: 10/14.a/BA-PP/2016","0",,"0000-00-00",,NULL
"1.5.3.01.01.07.001","film?..","0002","Film Dokumentasi","The Untold Story Behind T",,"Unit","149810000","Pembelian","2022-05-30","DISKOMINSA",,"Pembuatan Film dokumentasi Bid. PKP","0",,"0000-00-00",,NULL
"1.5.3.01.01.05.001","Software?..","0001",,,,"Unit","35000000","Pembelian","2005-12-31","DISKOMINSA",,"Aplikasi Data Base (SIPUP)","0",,"0000-00-00",,NULL
"1.5.3.01.01.05.001","Software?..","0002",,,,"Unit","35000000","Pembelian","2005-12-31","DISKOMINSA",,"Aplikasi Data Base SIMKAP On Line","0",,"0000-00-00",,NULL
"1.5.3.01.01.05.001","Software?..","0003",,,,"Unit","4375000","Pembelian","2005-12-31","DISKOMINSA",,"Softwere Macromedia","0",,"0000-00-00",,NULL
"1.5.3.01.01.05.001","Software?..","0004",,,,"Unit","1290000","Pembelian","2006-12-31","DISKOMINSA",,"Installasi Aplikasi Simpeg pada 38 Dinas/Badan + Training Simpeg 5 jam/Dinas","0",,"0000-00-00",,NULL
"1.5.3.01.01.05.001","Software?..","0005",,,,"Unit","1290000","Pembelian","2006-12-31","DISKOMINSA",,"Installasi Aplikasi Simpeg pada 38 Dinas/Badan + Training Simpeg 5 jam/Dinas","0",,"0000-00-00",,NULL
"1.5.3.01.01.05.001","Software?..","0006",,,,"Unit","1290000","Pembelian","2006-12-31","DISKOMINSA",,"Installasi Aplikasi Simpeg pada 38 Dinas/Badan + Training Simpeg 5 jam/Dinas","0",,"0000-00-00",,NULL
"1.5.3.01.01.05.001","Software?..","0007",,,,"Unit","1290000","Pembelian","2006-12-31","DISKOMINSA",,"Installasi Aplikasi Simpeg pada 38 Dinas/Badan + Training Simpeg 5 jam/Dinas","0",,"0000-00-00",,NULL
"1.5.3.01.01.05.001","Software?..","0008",,,,"Unit","1290000","Pembelian","2006-12-31","DISKOMINSA",,"Installasi Aplikasi Simpeg pada 38 Dinas/Badan + Training Simpeg 5 jam/Dinas","0",,"0000-00-00",,NULL
"1.5.3.01.01.05.001","Software?..","0009",,,,"Unit","1290000","Pembelian","2006-12-31","DISKOMINSA",,"Installasi Aplikasi Simpeg pada 38 Dinas/Badan + Training Simpeg 5 jam/Dinas","0",,"0000-00-00",,NULL
"1.5.3.01.01.05.001","Software?..","0010",,,,"Unit","1290000","Pembelian","2006-12-31","DISKOMINSA",,"Installasi Aplikasi Simpeg pada 38 Dinas/Badan + Training Simpeg 5 jam/Dinas","0",,"0000-00-00",,NULL
"1.5.3.01.01.05.001","Software?..","0011",,,,"Unit","1290000","Pembelian","2006-12-31","DISKOMINSA",,"Installasi Aplikasi Simpeg pada 38 Dinas/Badan + Training Simpeg 5 jam/Dinas","0",,"0000-00-00",,NULL
"1.5.3.01.01.05.001","Software?..","0012",,,,"Unit","1290000","Pembelian","2006-12-31","DISKOMINSA",,"Installasi Aplikasi Simpeg pada 38 Dinas/Badan + Training Simpeg 5 jam/Dinas","0",,"0000-00-00",,NULL
"1.5.3.01.01.05.001","Software?..","0013",,,,"Unit","1290000","Pembelian","2006-12-31","DISKOMINSA",,"Installasi Aplikasi Simpeg pada 38 Dinas/Badan + Training Simpeg 5 jam/Dinas","0",,"0000-00-00",,NULL
"1.5.3.01.01.05.001","Software?..","0014",,,,"Unit","1290000","Pembelian","2006-12-31","DISKOMINSA",,"Installasi Aplikasi Simpeg pada 38 Dinas/Badan + Training Simpeg 5 jam/Dinas","0",,"0000-00-00",,NULL
"1.5.3.01.01.05.001","Software?..","0015",,,,"Unit","1290000","Pembelian","2006-12-31","DISKOMINSA",,"Installasi Aplikasi Simpeg pada 38 Dinas/Badan + Training Simpeg 5 jam/Dinas","0",,"0000-00-00",,NULL
"1.5.3.01.01.05.001","Software?..","0016",,,,"Unit","1290000","Pembelian","2006-12-31","DISKOMINSA",,"Installasi Aplikasi Simpeg pada 38 Dinas/Badan + Training Simpeg 5 jam/Dinas","0",,"0000-00-00",,NULL
"1.5.3.01.01.05.001","Software?..","0017",,,,"Unit","1290000","Pembelian","2006-12-31","DISKOMINSA",,"Installasi Aplikasi Simpeg pada 38 Dinas/Badan + Training Simpeg 5 jam/Dinas","0",,"0000-00-00",,NULL
"1.5.3.01.01.05.001","Software?..","0018",,,,"Unit","1290000","Pembelian","2006-12-31","DISKOMINSA",,"Installasi Aplikasi Simpeg pada 38 Dinas/Badan + Training Simpeg 5 jam/Dinas","0",,"0000-00-00",,NULL
"1.5.3.01.01.05.001","Software?..","0019",,,,"Unit","1290000","Pembelian","2006-12-31","DISKOMINSA",,"Installasi Aplikasi Simpeg pada 38 Dinas/Badan + Training Simpeg 5 jam/Dinas","0",,"0000-00-00",,NULL
"1.5.3.01.01.05.001","Software?..","0020",,,,"Unit","1290000","Pembelian","2006-12-31","DISKOMINSA",,"Installasi Aplikasi Simpeg pada 38 Dinas/Badan + Training Simpeg 5 jam/Dinas","0",,"0000-00-00",,NULL
"1.5.3.01.01.05.001","Software?..","0021",,,,"Unit","1290000","Pembelian","2006-12-31","DISKOMINSA",,"Installasi Aplikasi Simpeg pada 38 Dinas/Badan + Training Simpeg 5 jam/Dinas","0",,"0000-00-00",,NULL
"1.5.3.01.01.05.001","Software?..","0022",,,,"Unit","1290000","Pembelian","2006-12-31","DISKOMINSA",,"Installasi Aplikasi Simpeg pada 38 Dinas/Badan + Training Simpeg 5 jam/Dinas","0",,"0000-00-00",,NULL
"1.5.3.01.01.05.001","Software?..","0023",,,,"Unit","1290000","Pembelian","2006-12-31","DISKOMINSA",,"Installasi Aplikasi Simpeg pada 38 Dinas/Badan + Training Simpeg 5 jam/Dinas","0",,"0000-00-00",,NULL
"1.5.3.01.01.05.001","Software?..","0024",,,,"Unit","1290000","Pembelian","2006-12-31","DISKOMINSA",,"Installasi Aplikasi Simpeg pada 38 Dinas/Badan + Training Simpeg 5 jam/Dinas","0",,"0000-00-00",,NULL
"1.5.3.01.01.05.001","Software?..","0025",,,,"Unit","1290000","Pembelian","2006-12-31","DISKOMINSA",,"Installasi Aplikasi Simpeg pada 38 Dinas/Badan + Training Simpeg 5 jam/Dinas","0",,"0000-00-00",,NULL
"1.5.3.01.01.05.001","Software?..","0026",,,,"Unit","1290000","Pembelian","2006-12-31","DISKOMINSA",,"Installasi Aplikasi Simpeg pada 38 Dinas/Badan + Training Simpeg 5 jam/Dinas","0",,"0000-00-00",,NULL
"1.5.3.01.01.05.001","Software?..","0027",,,,"Unit","1290000","Pembelian","2006-12-31","DISKOMINSA",,"Installasi Aplikasi Simpeg pada 38 Dinas/Badan + Training Simpeg 5 jam/Dinas","0",,"0000-00-00",,NULL
"1.5.3.01.01.05.001","Software?..","0028",,,,"Unit","1290000","Pembelian","2006-12-31","DISKOMINSA",,"Installasi Aplikasi Simpeg pada 38 Dinas/Badan + Training Simpeg 5 jam/Dinas","0",,"0000-00-00",,NULL
"1.5.3.01.01.05.001","Software?..","0029",,,,"Unit","1290000","Pembelian","2006-12-31","DISKOMINSA",,"Installasi Aplikasi Simpeg pada 38 Dinas/Badan + Training Simpeg 5 jam/Dinas","0",,"0000-00-00",,NULL
"1.5.3.01.01.05.001","Software?..","0030",,,,"Unit","1290000","Pembelian","2006-12-31","DISKOMINSA",,"Installasi Aplikasi Simpeg pada 38 Dinas/Badan + Training Simpeg 5 jam/Dinas","0",,"0000-00-00",,NULL
"1.5.3.01.01.05.001","Software?..","0031",,,,"Unit","1290000","Pembelian","2006-12-31","DISKOMINSA",,"Installasi Aplikasi Simpeg pada 38 Dinas/Badan + Training Simpeg 5 jam/Dinas","0",,"0000-00-00",,NULL
"1.5.3.01.01.05.001","Software?..","0032",,,,"Unit","1290000","Pembelian","2006-12-31","DISKOMINSA",,"Installasi Aplikasi Simpeg pada 38 Dinas/Badan + Training Simpeg 5 jam/Dinas","0",,"0000-00-00",,NULL
"1.5.3.01.01.05.001","Software?..","0033",,,,"Unit","1290000","Pembelian","2006-12-31","DISKOMINSA",,"Installasi Aplikasi Simpeg pada 38 Dinas/Badan + Training Simpeg 5 jam/Dinas","0",,"0000-00-00",,NULL
"1.5.3.01.01.05.001","Software?..","0034",,,,"Unit","1290000","Pembelian","2006-12-31","DISKOMINSA",,"Installasi Aplikasi Simpeg pada 38 Dinas/Badan + Training Simpeg 5 jam/Dinas","0",,"0000-00-00",,NULL
"1.5.3.01.01.05.001","Software?..","0035",,,,"Unit","1290000","Pembelian","2006-12-31","DISKOMINSA",,"Installasi Aplikasi Simpeg pada 38 Dinas/Badan + Training Simpeg 5 jam/Dinas","0",,"0000-00-00",,NULL
"1.5.3.01.01.05.001","Software?..","0036",,,,"Unit","1290000","Pembelian","2006-12-31","DISKOMINSA",,"Installasi Aplikasi Simpeg pada 38 Dinas/Badan + Training Simpeg 5 jam/Dinas","0",,"0000-00-00",,NULL
"1.5.3.01.01.05.001","Software?..","0037",,,,"Unit","1290000","Pembelian","2006-12-31","DISKOMINSA",,"Installasi Aplikasi Simpeg pada 38 Dinas/Badan + Training Simpeg 5 jam/Dinas","0",,"0000-00-00",,NULL
"1.5.3.01.01.05.001","Software?..","0038",,,,"Unit","1290000","Pembelian","2006-12-31","DISKOMINSA",,"Installasi Aplikasi Simpeg pada 38 Dinas/Badan + Training Simpeg 5 jam/Dinas","0",,"0000-00-00",,NULL
"1.5.3.01.01.05.001","Software?..","0039",,,,"Unit","1290000","Pembelian","2006-12-31","DISKOMINSA",,"Installasi Aplikasi Simpeg pada 38 Dinas/Badan + Training Simpeg 5 jam/Dinas","0",,"0000-00-00",,NULL
"1.5.3.01.01.05.001","Software?..","0040",,,,"Unit","1290000","Pembelian","2006-12-31","DISKOMINSA",,"Installasi Aplikasi Simpeg pada 38 Dinas/Badan + Training Simpeg 5 jam/Dinas","0",,"0000-00-00",,NULL
"1.5.3.01.01.05.001","Software?..","0041",,,,"Unit","1290000","Pembelian","2006-12-31","DISKOMINSA",,"Installasi Aplikasi Simpeg pada 38 Dinas/Badan + Training Simpeg 5 jam/Dinas","0",,"0000-00-00",,NULL
"1.5.3.01.01.05.001","Software?..","0042",,,,"Unit","33621600","Pembelian","2006-12-31","DISKOMINSA",,"Pengadaan Aplikasi Data Base terdiri dari : CD Aplikasi Sistem Informasi Manajemen Pimpinan Pemerint","0",,"0000-00-00",,NULL
"1.5.3.01.01.05.001","Software?..","0043",,,,"Unit","33621600","Pembelian","2006-12-31","DISKOMINSA",,"Pengadaan Aplikasi Data Base terdiri dari : CD Aplikasi Sistem Informasi Manajemen Pimpinan Pemerint","0",,"0000-00-00",,NULL
"1.5.3.01.01.05.001","Software?..","0044",,,,"Unit","33621600","Pembelian","2006-12-31","DISKOMINSA",,"Pengadaan Aplikasi Data Base terdiri dari : CD Aplikasi Sistem Informasi Manajemen Pimpinan Pemerint","0",,"0000-00-00",,NULL
"1.5.3.01.01.05.001","Software?..","0045",,,,"Unit","33621600","Pembelian","2006-12-31","DISKOMINSA",,"Pengadaan Aplikasi Data Base terdiri dari : CD Aplikasi Sistem Informasi Manajemen Pimpinan Pemerint","0",,"0000-00-00",,NULL
"1.5.3.01.01.05.001","Software?..","0046",,,,"Unit","33621600","Pembelian","2006-12-31","DISKOMINSA",,"Pengadaan Aplikasi Data Base terdiri dari : CD Aplikasi Sistem Informasi Manajemen Pimpinan Pemerint","0",,"0000-00-00",,NULL
"1.5.3.01.01.05.001","Software?..","0047",,,,"Unit","33621600","Pembelian","2006-12-31","DISKOMINSA",,"Pengadaan Aplikasi Data Base terdiri dari : CD Aplikasi Sistem Informasi Manajemen Pimpinan Pemerint","0",,"0000-00-00",,NULL
"1.5.3.01.01.05.001","Software?..","0048",,,,"Unit","33621600","Pembelian","2006-12-31","DISKOMINSA",,"Pengadaan Aplikasi Data Base terdiri dari : CD Aplikasi Sistem Informasi Manajemen Pimpinan Pemerint","0",,"0000-00-00",,NULL
"1.5.3.01.01.05.001","Software?..","0049",,,,"Unit","33621600","Pembelian","2006-12-31","DISKOMINSA",,"Pengadaan Aplikasi Data Base terdiri dari : CD Aplikasi Sistem Informasi Manajemen Pimpinan Pemerint","0",,"0000-00-00",,NULL
"1.5.3.01.01.05.001","Software?..","0050",,,,"Unit","33621600","Pembelian","2006-12-31","DISKOMINSA",,"Pengadaan Aplikasi Data Base terdiri dari : CD Aplikasi Sistem Informasi Manajemen Pimpinan Pemerint","0",,"0000-00-00",,NULL
"1.5.3.01.01.05.001","Software?..","0051",,,,"Unit","33621600","Pembelian","2006-12-31","DISKOMINSA",,"Pengadaan Aplikasi Data Base terdiri dari : CD Aplikasi Sistem Informasi Manajemen Pimpinan Pemerint","0",,"0000-00-00",,NULL
"1.5.3.01.01.05.001","Software?..","0001",,,,"Unit","18000000","Pembelian","2006-12-31","DISKOMINSA",,"Website/Hosting Dinas Infokom","0",,"0000-00-00",,NULL
"1.5.3.01.01.05.001","Software?..","0002",,,,"Unit","50000000","Pembelian","2005-12-31","DISKOMINSA",,"Aplikasi Web Dinamis (soft Copy) dan Hard Copy","0",,"0000-00-00",,NULL
"1.5.3.01.01.05.001","Software?..","0003",,,,"Unit","6750000","Pembelian","2005-12-31","DISKOMINSA",,"Software Microsoft Office","0",,"0000-00-00",,NULL
"1.5.3.01.01.05.001","Software?..","0004","Mc Afee Virus Scan",,,"Unit","5750000","Pembelian","2006-12-31","DISKOMINSA",,"Software Anti Virus untuk Server","0",,"0000-00-00",,NULL
"1.5.3.01.01.05.001","Software?..","0005","Mc Afee Virus Scan",,,"Unit","5750000","Pembelian","2006-12-31","DISKOMINSA",,"Software Anti Virus untuk Server","0",,"0000-00-00",,NULL
"1.5.3.01.01.05.001","Software?..","0006","Mc Afee Virus Scan",,,"Unit","5750000","Pembelian","2006-12-31","DISKOMINSA",,"Software Anti Virus untuk Server","0",,"0000-00-00",,NULL
"1.5.3.01.01.05.001","Software?..","0007","Mc Afee Virus Scan",,,"Unit","5750000","Pembelian","2006-12-31","DISKOMINSA",,"Software Anti Virus untuk Server","0",,"0000-00-00",,NULL
"1.5.3.01.01.05.001","Software?..","0008","Mc Afee Virus Scan",,,"Unit","5750000","Pembelian","2006-12-31","DISKOMINSA",,"Software Anti Virus untuk Server","0",,"0000-00-00",,NULL
"1.5.3.01.01.05.001","Software?..","0009",,,,"Unit","9990000","Pembelian","2006-12-31","DISKOMINSA",,"Office XP Coorporate Clien","0",,"0000-00-00",,NULL
"1.5.3.01.01.05.001","Software?..","0010",,,,"Unit","7000000","Pembelian","2006-12-31","DISKOMINSA",,"Software OS Windows Server","0",,"0000-00-00",,NULL
"1.5.3.01.01.05.001","Software?..","0017",,,,"Unit","7000000","Hibah","2006-12-31","DISKOMINSA",,"Windows server","0",,"0000-00-00",,NULL
"1.5.3.01.01.05.001","Software?..","0018",,,,"Unit","7000000","Hibah","2006-12-31","DISKOMINSA",,"Windows server","0",,"0000-00-00",,NULL
"1.5.3.01.01.05.001","Software?..","0019",,,,"Unit","7000000","Hibah","2006-12-31","DISKOMINSA",,"Windows server","0",,"0000-00-00",,NULL
"1.5.3.01.01.05.001","Software?..","0020",,,,"Unit","7000000","Hibah","2006-12-31","DISKOMINSA",,"Software Office 2003","0",,"0000-00-00",,NULL
"1.5.3.01.01.05.001","Software?..","0021",,,,"Unit","10000000","Hibah","2006-12-31","DISKOMINSA",,"Software antivirus","0",,"0000-00-00",,NULL
"1.5.3.01.01.05.001","Software?..","0022",,,,"Unit","10000000","Hibah","2006-12-31","DISKOMINSA",,"Software antivirus","0",,"0000-00-00",,NULL
"1.5.3.01.01.05.001","Software?..","0046",,,,"Unit","29480000","Pembelian","2011-12-31","DISKOMINSA",,"Server Aplikasi Underweb","0",,"0000-00-00",,NULL
"1.5.3.01.01.05.001","Software?..","0103","Mc Afee Virus Client",,,"Unit","1000000","Pembelian","2006-12-31","DISKOMINSA",,"Software Anti Virus untuk Client","0",,"0000-00-00",,NULL
"1.5.3.01.01.05.001","Software?..","0104","Mc Afee Virus Client",,,"Unit","1000000","Pembelian","2006-12-31","DISKOMINSA",,"Software Anti Virus untuk Client","0",,"0000-00-00",,NULL
"1.5.3.01.01.05.001","Software?..","0105","Mc Afee Virus Client",,,"Unit","1000000","Pembelian","2006-12-31","DISKOMINSA",,"Software Anti Virus untuk Client","0",,"0000-00-00",,NULL
"1.5.3.01.01.05.001","Software?..","0106","Mc Afee Virus Client",,,"Unit","1000000","Pembelian","2006-12-31","DISKOMINSA",,"Software Anti Virus untuk Client","0",,"0000-00-00",,NULL
"1.5.3.01.01.05.001","Software?..","0107","Mc Afee Virus Client",,,"Unit","1000000","Pembelian","2006-12-31","DISKOMINSA",,"Software Anti Virus untuk Client","0",,"0000-00-00",,NULL
"1.5.3.01.01.05.001","Software?..","0108","Mc Afee Virus Client",,,"Unit","1000000","Pembelian","2006-12-31","DISKOMINSA",,"Software Anti Virus untuk Client","0",,"0000-00-00",,NULL
"1.5.3.01.01.05.001","Software?..","0109","Mc Afee Virus Client",,,"Unit","1000000","Pembelian","2006-12-31","DISKOMINSA",,"Software Anti Virus untuk Client","0",,"0000-00-00",,NULL
"1.5.3.01.01.05.001","Software?..","0110","Mc Afee Virus Client",,,"Unit","1000000","Pembelian","2006-12-31","DISKOMINSA",,"Software Anti Virus untuk Client","0",,"0000-00-00",,NULL
"1.5.3.01.01.05.001","Software?..","0111","Mc Afee Virus Client",,,"Unit","1000000","Pembelian","2006-12-31","DISKOMINSA",,"Software Anti Virus untuk Client","0",,"0000-00-00",,NULL
"1.5.3.01.01.05.001","Software?..","0112","Mc Afee Virus Client",,,"Unit","1000000","Pembelian","2006-12-31","DISKOMINSA",,"Software Anti Virus untuk Client","0",,"0000-00-00",,NULL
"1.5.3.01.01.05.001","Software?..","0113","Mc Afee Virus Client",,,"Unit","1000000","Pembelian","2006-12-31","DISKOMINSA",,"Software Anti Virus untuk Client","0",,"0000-00-00",,NULL
"1.5.3.01.01.05.001","Software?..","0114","Mc Afee Virus Client",,,"Unit","1000000","Pembelian","2006-12-31","DISKOMINSA",,"Software Anti Virus untuk Client","0",,"0000-00-00",,NULL
"1.5.3.01.01.05.001","Software?..","0115","Mc Afee Virus Client",,,"Unit","1000000","Pembelian","2006-12-31","DISKOMINSA",,"Software Anti Virus untuk Client","0",,"0000-00-00",,NULL
"1.5.3.01.01.05.001","Software?..","0116","Mc Afee Virus Client",,,"Unit","1000000","Pembelian","2006-12-31","DISKOMINSA",,"Software Anti Virus untuk Client","0",,"0000-00-00",,NULL
"1.5.3.01.01.05.001","Software?..","0117","Mc Afee Virus Client",,,"Unit","1000000","Pembelian","2006-12-31","DISKOMINSA",,"Software Anti Virus untuk Client","0",,"0000-00-00",,NULL
"1.5.3.01.01.05.001","Software?..","0118","Mc Afee Virus Client",,,"Unit","1000000","Pembelian","2006-12-31","DISKOMINSA",,"Software Anti Virus untuk Client","0",,"0000-00-00",,NULL
"1.5.3.01.01.05.001","Software?..","0119","Mc Afee Virus Client",,,"Unit","1000000","Pembelian","2006-12-31","DISKOMINSA",,"Software Anti Virus untuk Client","0",,"0000-00-00",,NULL
"1.5.3.01.01.05.001","Software?..","0120","Mc Afee Virus Client",,,"Unit","1000000","Pembelian","2006-12-31","DISKOMINSA",,"Software Anti Virus untuk Client","0",,"0000-00-00",,NULL
"1.5.3.01.01.05.001","Software?..","0121","Mc Afee Virus Client",,,"Unit","1000000","Pembelian","2006-12-31","DISKOMINSA",,"Software Anti Virus untuk Client","0",,"0000-00-00",,NULL
"1.5.3.01.01.05.001","Software?..","0122","Mc Afee Virus Client",,,"Unit","1000000","Pembelian","2006-12-31","DISKOMINSA",,"Software Anti Virus untuk Client","0",,"0000-00-00",,NULL
"1.5.3.01.01.05.001","Software?..","0123",,,,"Unit","1840000","Pembelian","2006-12-31","DISKOMINSA",,"Windows XP Profesional","0",,"0000-00-00",,NULL
"1.5.3.01.01.05.001","Software?..","0124",,,,"Unit","1840000","Pembelian","2006-12-31","DISKOMINSA",,"Windows XP Profesional","0",,"0000-00-00",,NULL
"1.5.3.01.01.05.001","Software?..","0125",,,,"Unit","1840000","Pembelian","2006-12-31","DISKOMINSA",,"Windows XP Profesional","0",,"0000-00-00",,NULL
"1.5.3.01.01.05.001","Software?..","0126",,,,"Unit","1840000","Pembelian","2006-12-31","DISKOMINSA",,"Windows XP Profesional","0",,"0000-00-00",,NULL
"1.5.3.01.01.05.001","Software?..","0127",,,,"Unit","1840000","Pembelian","2006-12-31","DISKOMINSA",,"Windows XP Profesional","0",,"0000-00-00",,NULL
"1.5.3.01.01.05.001","Software?..","0128",,,,"Unit","1840000","Pembelian","2006-12-31","DISKOMINSA",,"Windows XP Profesional","0",,"0000-00-00",,NULL
"1.5.3.01.01.05.001","Software?..","0129",,,,"Unit","1840000","Pembelian","2006-12-31","DISKOMINSA",,"Windows XP Profesional","0",,"0000-00-00",,NULL
"1.5.3.01.01.05.001","Software?..","0130",,,,"Unit","1840000","Pembelian","2006-12-31","DISKOMINSA",,"Windows XP Profesional","0",,"0000-00-00",,NULL
"1.5.3.01.01.05.001","Software?..","0131",,,,"Unit","1840000","Pembelian","2006-12-31","DISKOMINSA",,"Windows XP Profesional","0",,"0000-00-00",,NULL
"1.5.3.01.01.05.001","Software?..","0132",,,,"Unit","1840000","Pembelian","2006-12-31","DISKOMINSA",,"Windows XP Profesional","0",,"0000-00-00",,NULL
"1.5.3.01.01.05.001","Software?..","0133",,,,"Unit","1840000","Pembelian","2006-12-31","DISKOMINSA",,"Windows XP Profesional","0",,"0000-00-00",,NULL
"1.5.3.01.01.05.001","Software?..","0134",,,,"Unit","1840000","Pembelian","2006-12-31","DISKOMINSA",,"Windows XP Profesional","0",,"0000-00-00",,NULL
"1.5.3.01.01.05.001","Software?..","0135",,,,"Unit","1840000","Pembelian","2006-12-31","DISKOMINSA",,"Windows XP Profesional","0",,"0000-00-00",,NULL
"1.5.3.01.01.05.001","Software?..","0136",,,,"Unit","1840000","Pembelian","2006-12-31","DISKOMINSA",,"Windows XP Profesional","0",,"0000-00-00",,NULL
"1.5.3.01.01.05.001","Software?..","0137",,,,"Unit","1840000","Pembelian","2006-12-31","DISKOMINSA",,"Windows XP Profesional","0",,"0000-00-00",,NULL
"1.5.3.01.01.05.001","Software?..","0138",,,,"Unit","1840000","Pembelian","2006-12-31","DISKOMINSA",,"Windows XP Profesional","0",,"0000-00-00",,NULL
"1.5.3.01.01.05.001","Software?..","0139",,,,"Unit","1840000","Pembelian","2006-12-31","DISKOMINSA",,"Windows XP Profesional","0",,"0000-00-00",,NULL
"1.5.3.01.01.05.001","Software?..","0140",,,,"Unit","1840000","Pembelian","2006-12-31","DISKOMINSA",,"Windows XP Profesional","0",,"0000-00-00",,NULL
"1.5.3.01.01.05.001","Software?..","0141",,,,"Unit","1840000","Pembelian","2006-12-31","DISKOMINSA",,"Windows XP Profesional","0",,"0000-00-00",,NULL
"1.5.3.01.01.05.001","Software?..","0142",,,,"Unit","1840000","Pembelian","2006-12-31","DISKOMINSA",,"Windows XP Profesional","0",,"0000-00-00",,NULL
"1.5.3.01.01.05.001","Software?..","0036",,,,"Unit","18350000","Pembelian","2006-12-31","DISKOMINSA",,"Pengadaan Website","0",,"0000-00-00",,NULL
"1.5.3.01.01.05.001","Software?..","0039",,,,"Unit","20925000","Pembelian","2005-12-31","DISKOMINSA",,"Softwere Anti Virus untuk Server","0",,"0000-00-00",,NULL
"1.5.3.01.01.05.001","Software?..","0040",,,,"Unit","7500000","Pembelian","2005-12-31","DISKOMINSA",,"Softwere Visual Foxpro","0",,"0000-00-00",,NULL
"1.5.3.01.01.05.001","Software?..","0055",,,,"Unit","810000","Pembelian","2005-12-31","DISKOMINSA",,"SoftwereAnti Virus untuk Client","0",,"0000-00-00",,NULL
"1.5.3.01.01.05.001","Software?..","0056",,,,"Unit","810000","Pembelian","2005-12-31","DISKOMINSA",,"SoftwereAnti Virus untuk Client","0",,"0000-00-00",,NULL
"1.5.3.01.01.05.001","Software?..","0057",,,,"Unit","810000","Pembelian","2005-12-31","DISKOMINSA",,"SoftwereAnti Virus untuk Client","0",,"0000-00-00",,NULL
"1.5.3.01.01.05.001","Software?..","0058",,,,"Unit","810000","Pembelian","2005-12-31","DISKOMINSA",,"SoftwereAnti Virus untuk Client","0",,"0000-00-00",,NULL
"1.5.3.01.01.05.001","Software?..","0059",,,,"Unit","810000","Pembelian","2005-12-31","DISKOMINSA",,"SoftwereAnti Virus untuk Client","0",,"0000-00-00",,NULL
"1.5.3.01.01.05.001","Software?..","0060",,,,"Unit","810000","Pembelian","2005-12-31","DISKOMINSA",,"SoftwereAnti Virus untuk Client","0",,"0000-00-00",,NULL
"1.5.3.01.01.05.001","Software?..","0061",,,,"Unit","810000","Pembelian","2005-12-31","DISKOMINSA",,"SoftwereAnti Virus untuk Client","0",,"0000-00-00",,NULL
"1.5.3.01.01.05.001","Software?..","0062",,,,"Unit","810000","Pembelian","2005-12-31","DISKOMINSA",,"SoftwereAnti Virus untuk Client","0",,"0000-00-00",,NULL
"1.5.3.01.01.06.001","Kajian?..","0008",,,,"Unit","192170000","Pembelian","2010-12-31","DISKOMINSA",,"Rancangan Sistem Kontrol Akses Berbasis RFID (Radio Frekwensi Identification)","0",,"0000-00-00",,NULL
"1.5.3.01.01.06.001","Kajian?..","0009",,,,"Unit","98590000","Pembelian","2010-12-31","DISKOMINSA",,"Perencanaan Interkoneksi Jaringan Komunikasi Pusat/Daerah (Jarkompusda) di Kabupaten/Kota","0",,"0000-00-00",,NULL
"1.5.3.01.01.06.001","Kajian?..","0010",,,,"Unit","97900000","Pembelian","2010-12-31","DISKOMINSA",,"Relokasi Network Operation Center Calang","0",,"0000-00-00",,NULL
"1.5.3.01.01.06.001","Kajian?..","0011",,,,"Unit","94600000","Pembelian","2010-12-31","DISKOMINSA",,"Relokasi Network Operation Center Simeulu","0",,"0000-00-00",,NULL
"1.5.3.01.01.06.001","Kajian?..","0012",,,,"Unit","93500000","Pembelian","2010-12-31","DISKOMINSA",,"Relokasi Network Operation Center Aceh Tenggara","0",,"0000-00-00",,NULL
"1.5.3.01.01.06.001","Kajian?..","0013",,,,"Unit","97900000","Pembelian","2010-12-31","DISKOMINSA",,"Relokasi Network Operation Center Bireuen","0",,"0000-00-00",,NULL
"1.5.3.01.01.05.001","Software?..","0001",,,,"Unit","49000000","Pembelian","2006-12-31","DISKOMINSA",,"Modifikasi Design Portal www.nad.go.id","0",,"0000-00-00",,NULL
"1.5.3.01.01.05.001","Software?..","0001",,,,"Unit","47850000","Pembelian","2017-12-31","DISKOMINSA",,"Aplikasi Standar Core Web Gampong","0",,"0000-00-00",,NULL
"1.3.2.06.02.01.003","Pesawat Telephone","0003",,,,"Unit","97240000",,"2008-12-31","DISKOMINSA","Intra","Reklas dari TDF (2020), renc. hibah, Fasilitas Telekomunikasi Perdesaan . Bener Meriah BAST: M1- M4/","0",,"0000-00-00",,NULL
"1.3.2.06.02.01.003","Pesawat Telephone","0004",,,,"Unit","97240000",,"2008-12-31","DISKOMINSA","Intra","Reklas dari TDF (2020), renc. hibah, Fasilitas Telekomunikasi Perdesaan . Bener Meriah BAST: M1- M4/","0",,"0000-00-00",,NULL
"1.3.2.06.02.01.003","Pesawat Telephone","0005",,,,"Unit","97240000",,"2008-12-31","DISKOMINSA","Intra","Reklas dari TDF (2020), renc. hibah, Fasilitas Telekomunikasi Perdesaan . Bener Meriah BAST: M1- M4/","0",,"0000-00-00",,NULL
"1.3.2.06.02.01.003","Pesawat Telephone","0006",,,,"Unit","97240000",,"2008-12-31","DISKOMINSA","Intra","Reklas dari TDF (2020), renc. hibah, Fasilitas Telekomunikasi Perdesaan . Bener Meriah BAST: M1- M4/","0",,"0000-00-00",,NULL
"1.3.2.06.02.01.003","Pesawat Telephone","0007",,,,"Unit","93940000",,"2008-12-31","DISKOMINSA","Intra","Reklas dari TDF (2020), renc. hibah, Fasilitas Telekomunikasi Perdesaan. Aceh Tengah BAST: N1- N5/10","0",,"0000-00-00",,NULL
"1.3.2.06.02.01.003","Pesawat Telephone","0008",,,,"Unit","93940000",,"2008-12-31","DISKOMINSA","Intra","Reklas dari TDF (2020), renc. hibah, Fasilitas Telekomunikasi Perdesaan. Aceh Tengah BAST: N1- N5/10","0",,"0000-00-00",,NULL
"1.3.2.06.02.01.003","Pesawat Telephone","0010",,,,"Unit","93940000",,"2008-12-31","DISKOMINSA","Intra","Reklas dari TDF (2020), renc. hibah, Fasilitas Telekomunikasi Perdesaan. Aceh Tengah BAST: N1- N5/10","0",,"0000-00-00",,NULL
"1.3.2.06.02.01.003","Pesawat Telephone","0011",,,,"Unit","93940000",,"2008-12-31","DISKOMINSA","Intra","Reklas dari TDF (2020), renc. hibah Fasilitas Telekomunikasi Perdesaan. Aceh Tengah BAST: N1- N5/104","0",,"0000-00-00",,NULL
"1.3.2.06.02.01.003","Pesawat Telephone","0012",,,,"Unit","97240000",,"2008-12-31","DISKOMINSA","Intra","Reklas dari TDF (2020), renc. hibah, Fasilitas Telekomunikasi Perdesaan. Aceh Tenggara BAST: O1- O5/","0",,"0000-00-00",,NULL
"1.3.2.06.02.01.003","Pesawat Telephone","0013",,,,"Unit","97240000",,"2008-12-31","DISKOMINSA","Intra","Reklas dari TDF (2020), renc. hibah, Fasilitas Telekomunikasi Perdesaan. Aceh Tenggara BAST: O1- O5/","0",,"0000-00-00",,NULL
"1.3.2.06.02.01.003","Pesawat Telephone","0014",,,,"Unit","97240000",,"2008-12-31","DISKOMINSA","Intra","Reklas dari TDF (2020), renc. hibah, Fasilitas Telekomunikasi Perdesaan. Aceh Tenggara BAST: O1- O5/","0",,"0000-00-00",,NULL
"1.3.2.06.02.01.003","Pesawat Telephone","0015",,,,"Unit","97240000",,"2008-12-31","DISKOMINSA","Intra","Reklas dari TDF (2020), renc. hibah, Fasilitas Telekomunikasi Perdesaan. Aceh Tenggara BAST: O1- O5/","0",,"0000-00-00",,NULL
"1.3.2.06.02.01.003","Pesawat Telephone","0016",,,,"Unit","97240000",,"2008-12-31","DISKOMINSA","Intra","Reklas dari TDF (2020), renc. hibah, Fasilitas Telekomunikasi Perdesaan. Aceh Tenggara BAST: O1- O5/","0",,"0000-00-00",,NULL
"1.3.2.06.02.01.003","Pesawat Telephone","0017",,,,"Unit","98890000",,"2008-12-31","DISKOMINSA","Intra","Reklas dari TDF (2020), renc. hibah, Fasilitas Telekomunikasi Perdesaan. Gayo Lues BAST: P1/104/2009","0",,"0000-00-00",,NULL
"1.3.2.06.02.01.003","Pesawat Telephone","0018",,,,"Unit","88632500",,"2008-12-31","DISKOMINSA","Intra","Reklas dari TDF (2020), renc. hibah, Fasilitas Telekomunikasi Perdesaan. Aceh Besar BAST: A1- A3/104","0",,"0000-00-00",,NULL
"1.3.2.06.02.01.003","Pesawat Telephone","0019",,,,"Unit","88632500",,"2008-12-31","DISKOMINSA","Intra","Reklas dari TDF (2020), renc. hibah, Fasilitas Telekomunikasi Perdesaan. Aceh Besar BAST: A1- A3/104","0",,"0000-00-00",,NULL
"1.3.2.06.02.01.003","Pesawat Telephone","0020",,,,"Unit","88632500",,"2008-12-31","DISKOMINSA","Intra","Reklas dari TDF (2020), renc. hibah, Fasilitas Telekomunikasi Perdesaan. Aceh Besar BAST: A1- A3/104","0",,"0000-00-00",,NULL
"1.3.2.06.02.01.006","Handy Talky (HT)","0212",,"Motorola / CP1660",,"Unit","3091144",,"2015-12-31","DISKOMINSA","Intra","Postel/Transceiver Comunication VHF/UHF Sarana Pendukung Kegiatan Interkoneksi di 23 Kabupaten/Kota","0",,"0000-00-00",,NULL
"1.3.2.06.02.01.006","Handy Talky (HT)","0213",,"Motorola / CP1660",,"Unit","3091144",,"2015-12-31","DISKOMINSA","Intra","Postel/Transceiver Comunication VHF/UHF Sarana Pendukung Kegiatan Interkoneksi di 23 Kabupaten/Kota","0",,"0000-00-00",,NULL
"1.3.2.06.02.01.006","Handy Talky (HT)","0214",,"Motorola / CP1660",,"Unit","3091144",,"2015-12-31","DISKOMINSA","Intra","Postel/Transceiver Comunication VHF/UHF Sarana Pendukung Kegiatan Interkoneksi di 23 Kabupaten/Kota","0",,"0000-00-00",,NULL
"1.3.2.06.02.01.006","Handy Talky (HT)","0215",,"Motorola / CP1660",,"Unit","3091144",,"2015-12-31","DISKOMINSA","Intra","Postel/Transceiver Comunication VHF/UHF Sarana Pendukung Kegiatan Interkoneksi di 23 Kabupaten/Kota","0",,"0000-00-00",,NULL
"1.3.2.06.02.01.006","Handy Talky (HT)","0216",,"Motorola / CP1660",,"Unit","3091144",,"2015-12-31","DISKOMINSA","Intra","Postel/Transceiver Comunication VHF/UHF Sarana Pendukung Kegiatan Interkoneksi di 23 Kabupaten/Kota","0",,"0000-00-00",,NULL
"1.3.2.06.02.01.006","Handy Talky (HT)","0217",,"Motorola / CP1660",,"Unit","3091144",,"2015-12-31","DISKOMINSA","Intra","Postel/Transceiver Comunication VHF/UHF Sarana Pendukung Kegiatan Interkoneksi di 23 Kabupaten/Kota","0",,"0000-00-00",,NULL
"1.3.2.06.02.01.006","Handy Talky (HT)","0218",,"Motorola / CP1660",,"Unit","3091144",,"2015-12-31","DISKOMINSA","Intra","Postel/Transceiver Comunication VHF/UHF Sarana Pendukung Kegiatan Interkoneksi di 23 Kabupaten/Kota","0",,"0000-00-00",,NULL
"1.3.2.06.02.01.006","Handy Talky (HT)","0219",,"Motorola / CP1660",,"Unit","3091144",,"2015-12-31","DISKOMINSA","Intra","Postel/Transceiver Comunication VHF/UHF Sarana Pendukung Kegiatan Interkoneksi di 23 Kabupaten/Kota","0",,"0000-00-00",,NULL
"1.3.2.06.02.01.006","Handy Talky (HT)","0220",,"Motorola / CP1660",,"Unit","3091144",,"2015-12-31","DISKOMINSA","Intra","Postel/Transceiver Comunication VHF/UHF Sarana Pendukung Kegiatan Interkoneksi di 23 Kabupaten/Kota","0",,"0000-00-00",,NULL
"1.3.2.06.02.01.006","Handy Talky (HT)","0221",,"Motorola / CP1660",,"Unit","3091144",,"2015-12-31","DISKOMINSA","Intra","Postel/Transceiver Comunication VHF/UHF Sarana Pendukung Kegiatan Interkoneksi di 23 Kabupaten/Kota","0",,"0000-00-00",,NULL
"1.3.2.06.02.01.006","Handy Talky (HT)","0222",,"Motorola / CP1660",,"Unit","3091144",,"2015-12-31","DISKOMINSA","Intra","Postel/Transceiver Comunication VHF/UHF Sarana Pendukung Kegiatan Interkoneksi di 23 Kabupaten/Kota","0",,"0000-00-00",,NULL
"1.3.2.06.02.01.006","Handy Talky (HT)","0223",,"Motorola / CP1660",,"Unit","3091144",,"2015-12-31","DISKOMINSA","Intra","Postel/Transceiver Comunication VHF/UHF Sarana Pendukung Kegiatan Interkoneksi di 23 Kabupaten/Kota","0",,"0000-00-00",,NULL
"1.3.2.06.02.09.012","Repeater RX/TX","0003",,"Motorolla / CDR 500",,"Unit","34100000",,"2011-12-31","DISKOMINSA","Intra","Repeater, Peningkatan Kualitas Signal Fasilitas Radio Interkoneksi Lokasi Kabupaten Bireuen","0",,"0000-00-00",,NULL
"1.3.2.10.02.03.003","Printer (Peralatan Personal Komputer)","0027",,"Epson / L565",,"Unit","7064500",,"2017-12-31","DISKOMINSA","Intra","Pengadaan Printer Multifungsi","0",,"0000-00-00",,NULL
"1.3.2.10.02.03.017","External/ Portable Hardisk","0119",,"HDD Eksternal 1 TB Seagat",,"Unit","1005680",,"2018-12-31","DISKOMINSA","Intra","Harddisk eksternal Sekeretariat -- Belanja Modal Pengadaan Komputer Unit/Jaringan","0",,"0000-00-00",,NULL
"1.3.2.10.02.03.017","External/ Portable Hardisk","0120",,"HDD Eksternal 1 TB Seagat",,"Unit","1005680",,"2018-12-31","DISKOMINSA","Intra","Harddisk eksternal Sekeretariat -- Belanja Modal Pengadaan Komputer Unit/Jaringan","0",,"0000-00-00",,NULL
"1.3.2.10.02.04.001","Server","0027",,"Blade Server Supermicro S",,"Unit","1347500000",,"2018-12-31","DISKOMINSA","Intra","Lokasi Penempatan di DataCenter Jakarta -- Pengadaan Infrastruktur Mirroring dan Instalasi untuk Dat","0",,"0000-00-00",,NULL
"1.3.2.10.02.04.001","Server","0028",,"Lenovo Flex System x240 M",,"Unit","680186772",,"2018-12-31","DISKOMINSA","Intra","Flex System Server Lokasi Penempatan di DataCenter Jakarta -- Pengadaan Blade Server, Instalasi dan","0",,"0000-00-00",,NULL
"1.3.2.10.02.04.001","Server","0029",,"Supermicro SuperServer Su",,"Unit","1170000228",,"2018-12-31","DISKOMINSA","Intra","Blade Server Lokasi Penempatan di DataCenter Jakarta -- Pengadaan Blade Server, Instalasi dan Konfig","0",,"0000-00-00",,NULL
"1.3.2.05.02.06.002","Televisi","0001",,"Televisi",,"Unit","1984826",,"2007-12-31","DISKOMINSA","Intra","Pengadaan Peralatan Komunikasi dan Media Elektronik No. Kontrak : 086/BRR.889773/XI/2007 Tgl. 07/11/","0",,"0000-00-00",,NULL
"1.3.2.05.02.06.002","Televisi","0002",,"Televisi",,"Unit","1984826",,"2007-12-31","DISKOMINSA","Intra","Pengadaan Peralatan Komunikasi dan Media Elektronik No. Kontrak : 086/BRR.889773/XI/2007 Tgl. 07/11/","0",,"0000-00-00",,NULL
"1.3.2.05.02.06.002","Televisi","0003",,"Televisi",,"Unit","1984826",,"2007-12-31","DISKOMINSA","Intra","Pengadaan Peralatan Komunikasi dan Media Elektronik No. Kontrak : 086/BRR.889773/XI/2007 Tgl. 07/11/","0",,"0000-00-00",,NULL
"1.3.2.05.02.06.002","Televisi","0012",,,,"Unit","1375000",,"2010-12-31","DISKOMINSA","Intra","LCD Monitor","0",,"0000-00-00",,NULL
"1.3.2.05.02.06.002","Televisi","0019",,"Samsung",,"Unit","10840000",,"2015-12-31","DISKOMINSA","Intra","UPTD Telematika/BAPP: 10/06/BA-PP/2015","0",,"0000-00-00",,NULL
"1.3.2.05.02.06.004","Tape Recorder (Alat  Rumah Tangga
Lainnya ( Home Use  )","0001",,,,"Unit","3200000",,"2013-12-31","DISKOMINSA","Intra","Tape Recorder","0",,"0000-00-00",,NULL
"1.3.2.10.01.02.001","P.C Unit","0035",,,,"Unit","10000000",,"2013-12-31","DISKOMINSA","Intra","Desktop Kerja","0",,"0000-00-00",,NULL
"1.3.2.10.01.02.001","P.C Unit","0118",,"Asus / All in One V2201C",,"Unit","12975650",,"2017-12-31","DISKOMINSA","Intra","Pengadaan Dekstop Personal Komputer","0",,"0000-00-00",,NULL
"1.3.2.10.01.02.001","P.C Unit","0143",,"Asus Dekstop All in One V",,"Unit","14765000",,"2019-12-31","DISKOMINSA","Intra","Pengadaan Dekstop Personal Komputer untuk Operator Aplikasi Kedinasan (SIPKD, E-Keurani, Simaya, TND","0",,"0000-00-00",,NULL
"1.3.2.10.01.02.002","Lap Top","0005",,"Lenovo / Thinkpad",,"Unit","12300000",,"2013-12-31","DISKOMINSA","Intra","Laptop","0",,"0000-00-00",,NULL
"1.3.2.10.02.03.002","Monitor","0009",,"LG IT Monitor Ultra Wide",,"Unit","8657000",,"2020-12-31","DISKOMINSA","Intra","Pengadaan Monitor Komputer 1 (dau)/ Rp.43.285.000","0",,"0000-00-00",,NULL
"1.3.2.10.02.03.002","Monitor","0010",,"LG IT Monitor Ultra Wide",,"Unit","8657000",,"2020-12-31","DISKOMINSA","Intra","Pengadaan Monitor Komputer 1 (dau)/ Rp.43.285.000","0",,"0000-00-00",,NULL
"1.3.2.10.02.03.003","Printer (Peralatan Personal Komputer)","0012",,"Epson L850 Multi fungsi",,"Unit","7640000",,"2015-12-31","DISKOMINSA","Intra","Seuramo","0",,"0000-00-00",,NULL
"1.3.2.10.02.03.003","Printer (Peralatan Personal Komputer)","0017",,,,"Unit","2500000",,"2016-12-31","DISKOMINSA","Intra","UPS dan Printer UPTD Telematika","0",,"0000-00-00",,NULL
"1.3.2.10.02.03.003","Printer (Peralatan Personal Komputer)","0018",,"HP Deskjet / Ink Advantag",,"Unit","2000000",,"2016-12-31","DISKOMINSA","Intra","Printer -- Perangkat hardware Pendukung Aplikasi Perpustakaan UPTD seuramo BA: 09/18/BA-PP/2016","0",,"0000-00-00",,NULL
"1.3.2.10.02.03.003","Printer (Peralatan Personal Komputer)","0035",,"Epson / L565",,"Unit","7064500",,"2017-12-31","DISKOMINSA","Intra","Pengadaan Printer Multifungsi","0",,"0000-00-00",,NULL
"1.3.3.03.01.03.002","Bangunan Menara Radio",,,"Triangle Tower",,,"22434000",,"2011-12-31","DISKOMINSA","Intra","Triangle Tower, Peningkatan Kualitas Signal Fasilitas Radio Interkoneksi Lokasi Kabupaten Bireuen (T","0",,"0000-00-00",,NULL
"1.3.3.03.01.03.002","Bangunan Menara Radio","0038",,"Triangle Tower","Kuala Bubon Aceh Barat","Unit","88720000",,"2017-06-12","DISKOMINSA","Intra","Stich Tower Pelabuhan Kuala Bubon -- Pengadaan dan Pembangunan Tower Radio Telekomunikasi Lokasi Kab","0",,"0000-00-00",,NULL
"1.3.3.02.01.02.005","Tugu Papan Reklame/Baliho",,,"Kerangka Baliho",,,"44000000",,"2007-12-31","DISKOMINSA","Intra","Kerangka Baliho ukuran 4x8 Meter Simpang Lambaro Aceh Besar","0",,"0000-00-00",,NULL
"1.3.2.02.01.04.001","Sepeda Motor",,,"Honda Win",,"Unit","10500000",,"2000-12-31","DISKOMINSA","Intra","Sepeda Motor, , Sepeda Motor","0",,"0000-00-00",,NULL
"1.3.2.02.01.01.004","Multi Purpose Vehicle (MPV)",,,"Toyota Innova",,"Unit","127500000",,"2005-12-31","DISKOMINSA","Intra","Multi Purpose Vehicle (MPV), , ke Biro Umum (Kadis Infokom)","0",,"0000-00-00",,NULL
"1.3.2.02.01.01.004","Multi Purpose Vehicle (MPV)",,,"Toyota Innova",,"Unit","150000000",,"2005-12-31","DISKOMINSA","Intra","Multi Purpose Vehicle (MPV), , Ke Biro Umum (Ka. BPDE)","0",,"0000-00-00",,NULL
"1.3.2.06.02.01.006","Handy Talky (HT)","0074",,"Radio HT",,"Unit","3155500",,"2017-12-31","DISKOMINSA","Intra","Radio HT Pidie Jaya -- Pengadaan Repeater VHF (Complit) Lokasi Pidie Jaya dan Banda Aceh (UPTD Telem","0",,"0000-00-00",,NULL
"1.3.2.06.02.01.006","Handy Talky (HT)","0075",,"Radio HT",,"Unit","3155500",,"2017-12-31","DISKOMINSA","Intra","Radio HT Pidie Jaya -- Pengadaan Repeater VHF (Complit) Lokasi Pidie Jaya dan Banda Aceh (UPTD Telem","0",,"0000-00-00",,NULL
"1.3.2.06.02.01.006","Handy Talky (HT)","0076",,"Radio HT",,"Unit","3155500",,"2017-12-31","DISKOMINSA","Intra","Radio HT Pidie Jaya -- Pengadaan Repeater VHF (Complit) Lokasi Pidie Jaya dan Banda Aceh (UPTD Telem","0",,"0000-00-00",,NULL
"1.3.2.06.02.01.006","Handy Talky (HT)","0077",,"Radio HT",,"Unit","3155500",,"2017-12-31","DISKOMINSA","Intra","Radio HT Pidie Jaya -- Pengadaan Repeater VHF (Complit) Lokasi Pidie Jaya dan Banda Aceh (UPTD Telem","0",,"0000-00-00",,NULL
"1.3.2.06.02.01.006","Handy Talky (HT)","0078",,"Radio HT",,"Unit","3155500",,"2017-12-31","DISKOMINSA","Intra","Radio HT Pidie Jaya -- Pengadaan Repeater VHF (Complit) Lokasi Pidie Jaya dan Banda Aceh (UPTD Telem","0",,"0000-00-00",,NULL
"1.3.2.06.02.01.006","Handy Talky (HT)","0158",,"Motorola / CP1660",,"Unit","3091144",,"2015-12-31","DISKOMINSA","Intra","Postel/Transceiver Comunication VHF/UHF Sarana Pendukung Kegiatan Interkoneksi di 23 Kabupaten/Kota","0",,"0000-00-00",,NULL
"1.3.2.06.02.01.006","Handy Talky (HT)","0159",,"Motorola / CP1660",,"Unit","3091144",,"2015-12-31","DISKOMINSA","Intra","Postel/Transceiver Comunication VHF/UHF Sarana Pendukung Kegiatan Interkoneksi di 23 Kabupaten/Kota","0",,"0000-00-00",,NULL
"1.3.2.06.02.01.006","Handy Talky (HT)","0160",,"Motorola / CP1660",,"Unit","3091144",,"2015-12-31","DISKOMINSA","Intra","Postel/Transceiver Comunication VHF/UHF Sarana Pendukung Kegiatan Interkoneksi di 23 Kabupaten/Kota","0",,"0000-00-00",,NULL
"1.3.2.06.02.01.006","Handy Talky (HT)","0161",,"Motorola / CP1660",,"Unit","3091144",,"2015-12-31","DISKOMINSA","Intra","Postel/Transceiver Comunication VHF/UHF Sarana Pendukung Kegiatan Interkoneksi di 23 Kabupaten/Kota","0",,"0000-00-00",,NULL
"1.3.2.06.02.01.006","Handy Talky (HT)","0162",,"Motorola / CP1660",,"Unit","3091144",,"2015-12-31","DISKOMINSA","Intra","Postel/Transceiver Comunication VHF/UHF Sarana Pendukung Kegiatan Interkoneksi di 23 Kabupaten/Kota","0",,"0000-00-00",,NULL
"1.3.2.06.02.01.006","Handy Talky (HT)","0163",,"Motorola / CP1660",,"Unit","3091144",,"2015-12-31","DISKOMINSA","Intra","Postel/Transceiver Comunication VHF/UHF Sarana Pendukung Kegiatan Interkoneksi di 23 Kabupaten/Kota","0",,"0000-00-00",,NULL
"1.3.2.06.02.01.006","Handy Talky (HT)","0164",,"Motorola / CP1660",,"Unit","3091144",,"2015-12-31","DISKOMINSA","Intra","Postel/Transceiver Comunication VHF/UHF Sarana Pendukung Kegiatan Interkoneksi di 23 Kabupaten/Kota","0",,"0000-00-00",,NULL
"1.3.2.06.02.01.006","Handy Talky (HT)","0165",,"Motorola / CP1660",,"Unit","3091144",,"2015-12-31","DISKOMINSA","Intra","Postel/Transceiver Comunication VHF/UHF Sarana Pendukung Kegiatan Interkoneksi di 23 Kabupaten/Kota","0",,"0000-00-00",,NULL
"1.3.2.06.02.01.006","Handy Talky (HT)","0166",,"Motorola / CP1660",,"Unit","3091144",,"2015-12-31","DISKOMINSA","Intra","Postel/Transceiver Comunication VHF/UHF Sarana Pendukung Kegiatan Interkoneksi di 23 Kabupaten/Kota","0",,"0000-00-00",,NULL
"1.3.2.06.02.01.006","Handy Talky (HT)","0167",,"Motorola / CP1660",,"Unit","3091144",,"2015-12-31","DISKOMINSA","Intra","Postel/Transceiver Comunication VHF/UHF Sarana Pendukung Kegiatan Interkoneksi di 23 Kabupaten/Kota","0",,"0000-00-00",,NULL
"1.3.2.06.02.01.006","Handy Talky (HT)","0168",,"Motorola / CP1660",,"Unit","3091144",,"2015-12-31","DISKOMINSA","Intra","Postel/Transceiver Comunication VHF/UHF Sarana Pendukung Kegiatan Interkoneksi di 23 Kabupaten/Kota","0",,"0000-00-00",,NULL
"1.3.2.06.02.01.006","Handy Talky (HT)","0169",,"Motorola / CP1660",,"Unit","3091144",,"2015-12-31","DISKOMINSA","Intra","Postel/Transceiver Comunication VHF/UHF Sarana Pendukung Kegiatan Interkoneksi di 23 Kabupaten/Kota","0",,"0000-00-00",,NULL
"1.3.2.06.02.01.006","Handy Talky (HT)","0170",,"Motorola / CP1660",,"Unit","3091144",,"2015-12-31","DISKOMINSA","Intra","Postel/Transceiver Comunication VHF/UHF Sarana Pendukung Kegiatan Interkoneksi di 23 Kabupaten/Kota","0",,"0000-00-00",,NULL
"1.3.2.06.02.01.006","Handy Talky (HT)","0171",,"Motorola / CP1660",,"Unit","3091144",,"2015-12-31","DISKOMINSA","Intra","Postel/Transceiver Comunication VHF/UHF Sarana Pendukung Kegiatan Interkoneksi di 23 Kabupaten/Kota","0",,"0000-00-00",,NULL
"1.3.2.06.02.01.006","Handy Talky (HT)","0172",,"Motorola / CP1660",,"Unit","3091144",,"2015-12-31","DISKOMINSA","Intra","Postel/Transceiver Comunication VHF/UHF Sarana Pendukung Kegiatan Interkoneksi di 23 Kabupaten/Kota","0",,"0000-00-00",,NULL
"1.3.2.06.02.01.006","Handy Talky (HT)","0173",,"Motorola / CP1660",,"Unit","3091144",,"2015-12-31","DISKOMINSA","Intra","Postel/Transceiver Comunication VHF/UHF Sarana Pendukung Kegiatan Interkoneksi di 23 Kabupaten/Kota","0",,"0000-00-00",,NULL
"1.3.2.06.02.01.006","Handy Talky (HT)","0174",,"Motorola / CP1660",,"Unit","3091144",,"2015-12-31","DISKOMINSA","Intra","Postel/Transceiver Comunication VHF/UHF Sarana Pendukung Kegiatan Interkoneksi di 23 Kabupaten/Kota","0",,"0000-00-00",,NULL
"1.3.2.06.02.01.006","Handy Talky (HT)","0175",,"Motorola / CP1660",,"Unit","3091144",,"2015-12-31","DISKOMINSA","Intra","Postel/Transceiver Comunication VHF/UHF Sarana Pendukung Kegiatan Interkoneksi di 23 Kabupaten/Kota","0",,"0000-00-00",,NULL
"1.3.2.06.02.01.006","Handy Talky (HT)","0176",,"Motorola / CP1660",,"Unit","3091144",,"2015-12-31","DISKOMINSA","Intra","Postel/Transceiver Comunication VHF/UHF Sarana Pendukung Kegiatan Interkoneksi di 23 Kabupaten/Kota","0",,"0000-00-00",,NULL
"1.3.2.06.02.01.006","Handy Talky (HT)","0177",,"Motorola / CP1660",,"Unit","3091144",,"2015-12-31","DISKOMINSA","Intra","Postel/Transceiver Comunication VHF/UHF Sarana Pendukung Kegiatan Interkoneksi di 23 Kabupaten/Kota","0",,"0000-00-00",,NULL
"1.3.2.06.02.01.006","Handy Talky (HT)","0178",,"Motorola / CP1660",,"Unit","3091144",,"2015-12-31","DISKOMINSA","Intra","Postel/Transceiver Comunication VHF/UHF Sarana Pendukung Kegiatan Interkoneksi di 23 Kabupaten/Kota","0",,"0000-00-00",,NULL
"1.3.2.06.02.01.006","Handy Talky (HT)","0179",,"Motorola / CP1660",,"Unit","3091144",,"2015-12-31","DISKOMINSA","Intra","Postel/Transceiver Comunication VHF/UHF Sarana Pendukung Kegiatan Interkoneksi di 23 Kabupaten/Kota","0",,"0000-00-00",,NULL
"1.3.2.06.02.01.006","Handy Talky (HT)","0180",,"Motorola / CP1660",,"Unit","3091144",,"2015-12-31","DISKOMINSA","Intra","Postel/Transceiver Comunication VHF/UHF Sarana Pendukung Kegiatan Interkoneksi di 23 Kabupaten/Kota","0",,"0000-00-00",,NULL
"1.3.2.06.02.01.006","Handy Talky (HT)","0181",,"Motorola / CP1660",,"Unit","3091144",,"2015-12-31","DISKOMINSA","Intra","Postel/Transceiver Comunication VHF/UHF Sarana Pendukung Kegiatan Interkoneksi di 23 Kabupaten/Kota","0",,"0000-00-00",,NULL
"1.3.2.06.02.01.006","Handy Talky (HT)","0182",,"Motorola / CP1660",,"Unit","3091144",,"2015-12-31","DISKOMINSA","Intra","Postel/Transceiver Comunication VHF/UHF Sarana Pendukung Kegiatan Interkoneksi di 23 Kabupaten/Kota","0",,"0000-00-00",,NULL
"1.3.2.06.02.01.006","Handy Talky (HT)","0183",,"Motorola / CP1660",,"Unit","3091144",,"2015-12-31","DISKOMINSA","Intra","Postel/Transceiver Comunication VHF/UHF Sarana Pendukung Kegiatan Interkoneksi di 23 Kabupaten/Kota","0",,"0000-00-00",,NULL
"1.3.2.06.02.01.006","Handy Talky (HT)","0184",,"Motorola / CP1660",,"Unit","3091144",,"2015-12-31","DISKOMINSA","Intra","Postel/Transceiver Comunication VHF/UHF Sarana Pendukung Kegiatan Interkoneksi di 23 Kabupaten/Kota","0",,"0000-00-00",,NULL
"1.3.2.06.02.01.006","Handy Talky (HT)","0185",,"Motorola / CP1660",,"Unit","3091144",,"2015-12-31","DISKOMINSA","Intra","Postel/Transceiver Comunication VHF/UHF Sarana Pendukung Kegiatan Interkoneksi di 23 Kabupaten/Kota","0",,"0000-00-00",,NULL
"1.3.2.06.02.01.006","Handy Talky (HT)","0186",,"Motorola / CP1660",,"Unit","3091144",,"2015-12-31","DISKOMINSA","Intra","Postel/Transceiver Comunication VHF/UHF Sarana Pendukung Kegiatan Interkoneksi di 23 Kabupaten/Kota","0",,"0000-00-00",,NULL
"1.3.2.06.02.01.006","Handy Talky (HT)","0187",,"Motorola / CP1660",,"Unit","3091144",,"2015-12-31","DISKOMINSA","Intra","Postel/Transceiver Comunication VHF/UHF Sarana Pendukung Kegiatan Interkoneksi di 23 Kabupaten/Kota","0",,"0000-00-00",,NULL
"1.3.2.06.02.01.006","Handy Talky (HT)","0188",,"Motorola / CP1660",,"Unit","3091144",,"2015-12-31","DISKOMINSA","Intra","Postel/Transceiver Comunication VHF/UHF Sarana Pendukung Kegiatan Interkoneksi di 23 Kabupaten/Kota","0",,"0000-00-00",,NULL
"1.3.2.06.02.01.006","Handy Talky (HT)","0189",,"Motorola / CP1660",,"Unit","3091144",,"2015-12-31","DISKOMINSA","Intra","Postel/Transceiver Comunication VHF/UHF Sarana Pendukung Kegiatan Interkoneksi di 23 Kabupaten/Kota","0",,"0000-00-00",,NULL
"1.3.2.06.02.01.006","Handy Talky (HT)","0190",,"Motorola / CP1660",,"Unit","3091144",,"2015-12-31","DISKOMINSA","Intra","Postel/Transceiver Comunication VHF/UHF Sarana Pendukung Kegiatan Interkoneksi di 23 Kabupaten/Kota","0",,"0000-00-00",,NULL
"1.3.2.06.02.01.006","Handy Talky (HT)","0191",,"Motorola / CP1660",,"Unit","3091144",,"2015-12-31","DISKOMINSA","Intra","Postel/Transceiver Comunication VHF/UHF Sarana Pendukung Kegiatan Interkoneksi di 23 Kabupaten/Kota","0",,"0000-00-00",,NULL
"1.3.2.06.02.01.006","Handy Talky (HT)","0192",,"Motorola / CP1660",,"Unit","3091144",,"2015-12-31","DISKOMINSA","Intra","Postel/Transceiver Comunication VHF/UHF Sarana Pendukung Kegiatan Interkoneksi di 23 Kabupaten/Kota","0",,"0000-00-00",,NULL
"1.3.2.06.02.01.006","Handy Talky (HT)","0193",,"Motorola / CP1660",,"Unit","3091144",,"2015-12-31","DISKOMINSA","Intra","Postel/Transceiver Comunication VHF/UHF Sarana Pendukung Kegiatan Interkoneksi di 23 Kabupaten/Kota","0",,"0000-00-00",,NULL
"1.3.2.06.02.01.006","Handy Talky (HT)","0194",,"Motorola / CP1660",,"Unit","3091144",,"2015-12-31","DISKOMINSA","Intra","Postel/Transceiver Comunication VHF/UHF Sarana Pendukung Kegiatan Interkoneksi di 23 Kabupaten/Kota","0",,"0000-00-00",,NULL
"1.3.2.06.02.01.006","Handy Talky (HT)","0195",,"Motorola / CP1660",,"Unit","3091144",,"2015-12-31","DISKOMINSA","Intra","Postel/Transceiver Comunication VHF/UHF Sarana Pendukung Kegiatan Interkoneksi di 23 Kabupaten/Kota","0",,"0000-00-00",,NULL
"1.3.2.06.02.01.006","Handy Talky (HT)","0196",,"Motorola / CP1660",,"Unit","3091144",,"2015-12-31","DISKOMINSA","Intra","Postel/Transceiver Comunication VHF/UHF Sarana Pendukung Kegiatan Interkoneksi di 23 Kabupaten/Kota","0",,"0000-00-00",,NULL
"1.3.2.06.02.01.006","Handy Talky (HT)","0197",,"Motorola / CP1660",,"Unit","3091144",,"2015-12-31","DISKOMINSA","Intra","Postel/Transceiver Comunication VHF/UHF Sarana Pendukung Kegiatan Interkoneksi di 23 Kabupaten/Kota","0",,"0000-00-00",,NULL
"1.3.2.06.02.01.006","Handy Talky (HT)","0198",,"Motorola / CP1660",,"Unit","3091144",,"2015-12-31","DISKOMINSA","Intra","Postel/Transceiver Comunication VHF/UHF Sarana Pendukung Kegiatan Interkoneksi di 23 Kabupaten/Kota","0",,"0000-00-00",,NULL
"1.3.2.06.02.01.006","Handy Talky (HT)","0199",,"Motorola / CP1660",,"Unit","3091144",,"2015-12-31","DISKOMINSA","Intra","Postel/Transceiver Comunication VHF/UHF Sarana Pendukung Kegiatan Interkoneksi di 23 Kabupaten/Kota","0",,"0000-00-00",,NULL
"1.3.2.06.02.01.006","Handy Talky (HT)","0200",,"Motorola / CP1660",,"Unit","3091144",,"2015-12-31","DISKOMINSA","Intra","Postel/Transceiver Comunication VHF/UHF Sarana Pendukung Kegiatan Interkoneksi di 23 Kabupaten/Kota","0",,"0000-00-00",,NULL
"1.3.2.06.02.01.006","Handy Talky (HT)","0201",,"Motorola / CP1660",,"Unit","3091144",,"2015-12-31","DISKOMINSA","Intra","Postel/Transceiver Comunication VHF/UHF Sarana Pendukung Kegiatan Interkoneksi di 23 Kabupaten/Kota","0",,"0000-00-00",,NULL
"1.3.2.06.02.01.006","Handy Talky (HT)","0202",,"Motorola / CP1660",,"Unit","3091144",,"2015-12-31","DISKOMINSA","Intra","Postel/Transceiver Comunication VHF/UHF Sarana Pendukung Kegiatan Interkoneksi di 23 Kabupaten/Kota","0",,"0000-00-00",,NULL
"1.3.2.06.02.01.006","Handy Talky (HT)","0203",,"Motorola / CP1660",,"Unit","3091144",,"2015-12-31","DISKOMINSA","Intra","Postel/Transceiver Comunication VHF/UHF Sarana Pendukung Kegiatan Interkoneksi di 23 Kabupaten/Kota","0",,"0000-00-00",,NULL
"1.3.2.06.02.01.006","Handy Talky (HT)","0204",,"Motorola / CP1660",,"Unit","3091144",,"2015-12-31","DISKOMINSA","Intra","Postel/Transceiver Comunication VHF/UHF Sarana Pendukung Kegiatan Interkoneksi di 23 Kabupaten/Kota","0",,"0000-00-00",,NULL
"1.3.2.06.02.01.006","Handy Talky (HT)","0205",,"Motorola / CP1660",,"Unit","3091144",,"2015-12-31","DISKOMINSA","Intra","Postel/Transceiver Comunication VHF/UHF Sarana Pendukung Kegiatan Interkoneksi di 23 Kabupaten/Kota","0",,"0000-00-00",,NULL
"1.3.2.06.02.01.006","Handy Talky (HT)","0206",,"Motorola / CP1660",,"Unit","3091144",,"2015-12-31","DISKOMINSA","Intra","Postel/Transceiver Comunication VHF/UHF Sarana Pendukung Kegiatan Interkoneksi di 23 Kabupaten/Kota","0",,"0000-00-00",,NULL
"1.3.2.06.02.01.006","Handy Talky (HT)","0207",,"Motorola / CP1660",,"Unit","3091144",,"2015-12-31","DISKOMINSA","Intra","Postel/Transceiver Comunication VHF/UHF Sarana Pendukung Kegiatan Interkoneksi di 23 Kabupaten/Kota","0",,"0000-00-00",,NULL
"1.3.2.06.02.01.006","Handy Talky (HT)","0208",,"Motorola / CP1660",,"Unit","3091144",,"2015-12-31","DISKOMINSA","Intra","Postel/Transceiver Comunication VHF/UHF Sarana Pendukung Kegiatan Interkoneksi di 23 Kabupaten/Kota","0",,"0000-00-00",,NULL
"1.3.2.06.02.01.006","Handy Talky (HT)","0209",,"Motorola / CP1660",,"Unit","3091144",,"2015-12-31","DISKOMINSA","Intra","Postel/Transceiver Comunication VHF/UHF Sarana Pendukung Kegiatan Interkoneksi di 23 Kabupaten/Kota","0",,"0000-00-00",,NULL
"1.3.2.06.02.01.006","Handy Talky (HT)","0210",,"Motorola / CP1660",,"Unit","3091144",,"2015-12-31","DISKOMINSA","Intra","Postel/Transceiver Comunication VHF/UHF Sarana Pendukung Kegiatan Interkoneksi di 23 Kabupaten/Kota","0",,"0000-00-00",,NULL
"1.3.2.06.02.01.006","Handy Talky (HT)","0211",,"Motorola / CP1660",,"Unit","3091144",,"2015-12-31","DISKOMINSA","Intra","Postel/Transceiver Comunication VHF/UHF Sarana Pendukung Kegiatan Interkoneksi di 23 Kabupaten/Kota","0",,"0000-00-00",,NULL
"1.3.2.06.02.01.006","Handy Talky (HT)","0224",,"Motorola / CP1660",,"Unit","3091144",,"2015-12-31","DISKOMINSA","Intra","Postel/Transceiver Comunication VHF/UHF Sarana Pendukung Kegiatan Interkoneksi di 23 Kabupaten/Kota","0",,"0000-00-00",,NULL
"1.3.2.06.02.01.006","Handy Talky (HT)","0225",,"Motorola / CP1660",,"Unit","3091144",,"2015-12-31","DISKOMINSA","Intra","Postel/Transceiver Comunication VHF/UHF Sarana Pendukung Kegiatan Interkoneksi di 23 Kabupaten/Kota","0",,"0000-00-00",,NULL
"1.3.2.06.02.01.006","Handy Talky (HT)","0226",,"Motorola / CP1660",,"Unit","3091144",,"2015-12-31","DISKOMINSA","Intra","Postel/Transceiver Comunication VHF/UHF Sarana Pendukung Kegiatan Interkoneksi di 23 Kabupaten/Kota","0",,"0000-00-00",,NULL
"1.3.2.06.02.01.006","Handy Talky (HT)","0227",,"Motorola / CP1660",,"Unit","3091144",,"2015-12-31","DISKOMINSA","Intra","Postel/Transceiver Comunication VHF/UHF Sarana Pendukung Kegiatan Interkoneksi di 23 Kabupaten/Kota","0",,"0000-00-00",,NULL
"1.3.2.06.02.01.006","Handy Talky (HT)","0228",,"Motorola / CP1660",,"Unit","3091144",,"2015-12-31","DISKOMINSA","Intra","Postel/Transceiver Comunication VHF/UHF Sarana Pendukung Kegiatan Interkoneksi di 23 Kabupaten/Kota","0",,"0000-00-00",,NULL
"1.3.2.06.02.01.006","Handy Talky (HT)","0229",,"Motorola / CP1660",,"Unit","3091144",,"2015-12-31","DISKOMINSA","Intra","Postel/Transceiver Comunication VHF/UHF Sarana Pendukung Kegiatan Interkoneksi di 23 Kabupaten/Kota","0",,"0000-00-00",,NULL
"1.3.2.06.02.01.006","Handy Talky (HT)","0236",,"Motorola / CP1660",,"Unit","3091144",,"2015-12-31","DISKOMINSA","Intra","Postel/Transceiver Comunication VHF/UHF Sarana Pendukung Kegiatan Interkoneksi di 23 Kabupaten/Kota","0",,"0000-00-00",,NULL
"1.3.2.06.02.01.006","Handy Talky (HT)","0237",,"Motorola / CP1660",,"Unit","3091144",,"2015-12-31","DISKOMINSA","Intra","Postel/Transceiver Comunication VHF/UHF Sarana Pendukung Kegiatan Interkoneksi di 23 Kabupaten/Kota","0",,"0000-00-00",,NULL
"1.3.2.06.02.01.006","Handy Talky (HT)","0238",,"Motorola / CP1660",,"Unit","3091144",,"2015-12-31","DISKOMINSA","Intra","Postel/Transceiver Comunication VHF/UHF Sarana Pendukung Kegiatan Interkoneksi di 23 Kabupaten/Kota","0",,"0000-00-00",,NULL
"1.3.2.06.02.01.006","Handy Talky (HT)","0239",,"Motorola / CP1660",,"Unit","3091144",,"2015-12-31","DISKOMINSA","Intra","Postel/Transceiver Comunication VHF/UHF Sarana Pendukung Kegiatan Interkoneksi di 23 Kabupaten/Kota","0",,"0000-00-00",,NULL
"1.3.2.06.02.01.006","Handy Talky (HT)","0240",,"Motorola / CP1660",,"Unit","3091144",,"2015-12-31","DISKOMINSA","Intra","Postel/Transceiver Comunication VHF/UHF Sarana Pendukung Kegiatan Interkoneksi di 23 Kabupaten/Kota","0",,"0000-00-00",,NULL
"1.3.2.06.02.01.006","Handy Talky (HT)","0241",,"Motorola / CP1660",,"Unit","3091144",,"2015-12-31","DISKOMINSA","Intra","Postel/Transceiver Comunication VHF/UHF Sarana Pendukung Kegiatan Interkoneksi di 23 Kabupaten/Kota","0",,"0000-00-00",,NULL
"1.3.2.06.02.09.012","Repeater RX/TX","0018",,"- / Alat Transceiver Inte",,"Unit","149800000",,"2015-12-31","DISKOMINSA","Intra","Postel/BA: 06/08/BA-PP/2015 (Alat Transceiver Interkoneksi Komunikasi Radio Kab. Bener Meriah)","0",,"0000-00-00",,NULL
"1.3.2.06.02.09.012","Repeater RX/TX","0024",,"Duplexer",,"Unit","6355500",,"2017-12-31","DISKOMINSA","Intra","Duplexer Pidie Jaya -- Pengadaan Repeater VHF (Complit) Lokasi Pidie Jaya dan Banda Aceh (UPTD Telem","0",,"0000-00-00",,NULL
"1.3.2.06.03.33.003","Unit Transceiver VHF Stationary","0030",,"Motorolla / GR 500",,"Unit","58399500",,"2016-12-31","DISKOMINSA","Intra","Repeater + Link dan aksesoris -- Repeater link Interkoneksi dan aksesoris Lokasi Bayu Aceh Utara UPT","0",,"0000-00-00",,NULL
"1.3.2.06.03.33.003","Unit Transceiver VHF Stationary","0031",,"Motorolla / GR 500",,"Unit","58399500",,"2016-12-31","DISKOMINSA","Intra","Repeater + Link dan aksesoris -- Repeater link Interkoneksi dan aksesoris Lokasi Nisam Aceh Utara UP","0",,"0000-00-00",,NULL
"1.3.2.06.03.33.003","Unit Transceiver VHF Stationary","0032",,"Motorolla / GM 3188",,"Unit","20281000",,"2016-12-31","DISKOMINSA","Intra","Radio Base -- Repeater link Interkoneksi dan aksesoris Lokasi Panton Aceh Utara UPTD Telematika BA:","0",,"0000-00-00",,NULL
"1.3.2.06.03.09.003","Antene UHF  Stationary","0014",,"Antena Repeater",,"Unit","6355500",,"2017-12-31","DISKOMINSA","Intra","Antena Repeater Pidie Jaya -- Pengadaan Repeater VHF (Complit) Lokasi Pidie Jaya dan Banda Aceh (UPT","0",,"0000-00-00",,NULL
"1.3.2.10.02.04.006","Repeater and Transciever","0001",,"Repeater Transceiver (Bui",,"Unit","27555500",,"2017-12-31","DISKOMINSA","Intra","Repeater Pidie Jaya -- Pengadaan Repeater VHF (Complit) Lokasi Pidie Jaya dan Banda Aceh (UPTD Telem","0",,"0000-00-00",,NULL
"1.3.3.01.01.18.004","Bangunan Halte/Shelter","0001",,,"Jl. Komplek Perkantoran P","Unit","59250000",,"2013-12-31","DISKOMINSA","Intra","Shalter Taman Digital, Bener Meriah","0",,"0000-00-00",,NULL
"1.3.3.01.01.18.004","Bangunan Halte/Shelter","0002",,,"Kota Subulussalam","Unit","64661000",,"2012-12-31","DISKOMINSA","Intra","Shelter Taman Digital","0",,"0000-00-00",,NULL
"1.3.3.01.01.18.004","Bangunan Halte/Shelter","0003",,,"Pidie Jaya","Unit","45623000",,"2012-12-31","DISKOMINSA","Intra","Shelter Taman Digital","0",,"0000-00-00",,NULL
"1.3.3.01.01.18.004","Bangunan Halte/Shelter","0004",,,"Aceh Tenggara","Unit","64782000",,"2012-12-31","DISKOMINSA","Intra","Shelter Taman Digital","0",,"0000-00-00",,NULL
"1.3.3.01.01.18.004","Bangunan Halte/Shelter","0005",,,"Gayo Lues","Unit","64814000",,"2012-12-31","DISKOMINSA","Intra","Shelter Taman Digital","0",,"0000-00-00",,NULL
"1.3.3.01.01.18.004","Bangunan Halte/Shelter","0006",,,"Aceh Singkil","Unit","64598000",,"2012-12-31","DISKOMINSA","Intra","Shelter Taman Digital","0",,"0000-00-00",,NULL
"1.3.3.01.01.18.004","Bangunan Halte/Shelter","0007",,,"Aceh Selatan","Unit","64789000",,"2012-12-31","DISKOMINSA","Intra","Shelter Taman Digital","0",,"0000-00-00",,NULL
"1.3.3.01.01.18.004","Bangunan Halte/Shelter","0008",,,"Simeulue","Unit","74567000",,"2012-12-31","DISKOMINSA","Intra","Shelter Taman Digital","0",,"0000-00-00",,NULL
"1.3.3.01.01.18.004","Bangunan Halte/Shelter","0009",,,"Aceh Timur","Unit","45596000",,"2012-12-31","DISKOMINSA","Intra","Shelter Taman Digital","0",,"0000-00-00",,NULL
"1.3.3.01.01.18.004","Bangunan Halte/Shelter","0012",,,"Aceh Besar","Unit","59800000",,"2013-12-31","DISKOMINSA","Intra","Shalter Taman Digital, Aceh Besar","0",,"0000-00-00",,NULL
"1.3.3.01.01.18.004","Bangunan Halte/Shelter","0013",,,"Pidie","Unit","59680000",,"2013-12-31","DISKOMINSA","Intra","Shalter Taman Digital, Pidie","0",,"0000-00-00",,NULL
"1.3.3.01.01.18.004","Bangunan Halte/Shelter","0014",,,"Bireuen","Unit","59450000",,"2013-12-31","DISKOMINSA","Intra","Shalter Taman Digital, Bireuen","0",,"0000-00-00",,NULL
"1.3.3.01.01.18.004","Bangunan Halte/Shelter","0015",,,"Aceh Utara","Unit","59670000",,"2013-12-31","DISKOMINSA","Intra","Shalter Taman Digital, Aceh Utara","0",,"0000-00-00",,NULL
"1.3.3.01.01.18.004","Bangunan Halte/Shelter","0017",,,"Aceh Jaya","Unit","59806000",,"2013-12-31","DISKOMINSA","Intra","Shalter Taman Digital, Aceh Jaya","0",,"0000-00-00",,NULL
"1.3.3.01.01.18.004","Bangunan Halte/Shelter","0018",,,"Aceh Barat","Unit","59807000",,"2013-12-31","DISKOMINSA","Intra","Shalter Taman Digital, Aceh Barat","0",,"0000-00-00",,NULL
"1.3.3.01.01.18.004","Bangunan Halte/Shelter","0019",,,"Nagan Raya","Unit","59807000",,"2013-12-31","DISKOMINSA","Intra","Shalter Taman Digital, Nagan raya","0",,"0000-00-00",,NULL
"1.3.3.01.01.18.004","Bangunan Halte/Shelter","0020",,,"Aceh Barat Daya","Unit","59250000",,"2013-12-31","DISKOMINSA","Intra","Shalter Taman Digital, Aceh Barat daya","0",,"0000-00-00",,NULL
"1.3.3.01.01.18.004","Bangunan Halte/Shelter","0021",,,"Lueng Putu Pidie Jaya","Unit","99900000",,"2014-12-31","DISKOMINSA","Intra","Shalter Taman Digital Wilayah Timur","0",,"0000-00-00",,NULL
"1.3.3.01.01.18.004","Bangunan Halte/Shelter","0022",,,"Terminal Bongkar MuatKomp","Unit","99900000",,"2014-12-31","DISKOMINSA","Intra","Shalter Taman Digital Wilayah Timur","0",,"0000-00-00",,NULL
"1.3.3.01.01.18.004","Bangunan Halte/Shelter","0023",,,"RSU Tengku Peukan Blang P","Unit","99890000",,"2014-12-31","DISKOMINSA","Intra","Shalter Taman Digital Wilayah Barat","0",,"0000-00-00",,NULL
"1.3.3.01.01.18.004","Bangunan Halte/Shelter","0024",,,"Terminal Angkutan L300 Bl","Unit","99890000",,"2014-12-31","DISKOMINSA","Intra","Shalter Taman Digital Wilayah Barat","0",,"0000-00-00",,NULL
"1.3.3.01.01.18.004","Bangunan Halte/Shelter","0025",,,"Lapangan Musara Takengon","Unit","99810000",,"2014-12-31","DISKOMINSA","Intra","Shalter Taman Digital Wilayah Tengah","0",,"0000-00-00",,NULL
"1.3.3.01.01.18.004","Bangunan Halte/Shelter","0026",,,"Terminal Lama Takengon","Unit","99810000",,"2014-12-31","DISKOMINSA","Intra","Shalter Taman Digital Wilayah Tengah","0",,"0000-00-00",,NULL
"1.3.3.03.01.03.002","Bangunan Menara Radio","0034",,"Menara Telekomunikasi Sel",,"Unit","498735000",,"2015-12-31","DISKOMINSA","Intra","Postel (Menara Telekomunikasi Self Supporting Tower di Kab. Bener Meriah)","0",,"0000-00-00",,NULL
"1.3.3.03.01.03.002","Bangunan Menara Radio","0037",,"Tower Triangle",,"Unit","88720000",,"2017-06-12","DISKOMINSA","Intra","Stich Tower Pidie Jaya (lokasi Kantor Bupati Pidie Jaya) -- Pengadaan dan Pembangunan Tower Radio Te","0",,"0000-00-00",,NULL
"1.3.3.03.01.03.002","Bangunan Menara Radio","0036",,"Tower Triangle","Stick Tower 4 sudut/besi","Unit","81390000",,"2016-12-31","DISKOMINSA","Intra","Pembangunan Tower Repeater Lokasi Komp. Kantor Bupati Lhoksukon Aceh Utara (dipindahkan ke Kantor Ca","0",,"0000-00-00",,NULL
"1.3.1.01.01.04.001","Tanah Bangunan Kantor Pemerintah","0003",,,"Jl. Tgk Cot Plieng, Gampo","Unit","305900000",,"2002-12-31","DISKOMINSA","Intra","Tanah Milik Arsip Daerah","0",,"0000-00-00",,NULL
"1.3.2.05.01.05.002","CCTV - Camera Control Television System","0001",,"Avtech  / AVM428A",,"Unit","5766000","Pembelian","2015-12-31","DISKOMINSA","Intra","PSITT/BA: 07/11/BA-PP/2015(IP Camera)","0","RB","2026-01-04",,"uploads/barang/barang_0067_1766561455.jpeg"
"1.3.2.01.03.05.010","pompa air","0008","iya","1","1","1","1","Pembelian","2026-01-04","DISKOMINSA","Intra","1","0",,"2026-01-04","1",
